Code|Nutrient/Ingridient|Value (per 100gr)
AP001|Air (Water)|56.7 g
AP001|Energi (Energy)|180 Kal
AP001|Protein (Protein)|3.0 g
AP001|Lemak (Fat)|0.3 g
AP001|Karbohidrat (CHO)|39.8 g
AP001|Serat (Fibre)|0.2 g
AP001|Abu (ASH)|0.2 g
AP001|Kalsium (Ca)|25 mg
AP001|Fosfor (P)|27 mg
AP001|Besi (Fe)|0.4 mg
AP001|Natrium (Na)|1 mg
AP001|Kalium (K)|38.0 mg
AP001|Tembaga (Cu)|0.10 mg
AP001|Seng (Zn)|0.6 mg
AP001|Retinol (Vit. A)|0 mcg
AP001|Beta-Karoten (Carotenes)|0 mcg
AP001|Thiamin (Vit. B1)|0.05 mg
AP001|Riboflavin (Vit. B2)|0.10 mg
AP001|Niasin (Niacin)|2.6 mg
AP001|Vitamin C (Vit. C)|0 mg
AP002|Air (Water)|71.0 g
AP002|Energi (Energy)|120 Kal
AP002|Protein (Protein)|2.4 g
AP002|Lemak (Fat)|0.4 g
AP002|Karbohidrat (CHO)|26.0 g
AP002|Serat (Fibre)|0.5 g
AP002|Abu (ASH)|0.2 g
AP002|Kalsium (Ca)|3 mg
AP002|Fosfor (P)|7 mg
AP002|Besi (Fe)|0.4 mg
AP002|Natrium (Na)|0 mg
AP002|Kalium (K)|23.9 mg
AP002|Tembaga (Cu)|0.10 mg
AP002|Seng (Zn)|0.4 mg
AP002|Beta-Karoten (Carotenes)|0 mcg
AP002|Thiamin (Vit. B1)|0.10 mg
AP002|Riboflavin (Vit. B2)|0.00 mg
AP002|Niasin (Niacin)|1.4 mg
AP002|Vitamin C (Vit. C)|0 mg
AP003|Air (Water)|75.5 g
AP003|Energi (Energy)|99 Kal
AP003|Protein (Protein)|1.7 g
AP003|Lemak (Fat)|0.3 g
AP003|Karbohidrat (CHO)|22.4 g
AP003|Serat (Fibre)|0.0 g
AP003|Abu (ASH)|0.1 g
AP003|Kalsium (Ca)|4 mg
AP003|Fosfor (P)|19 mg
AP003|Besi (Fe)|0.0 mg
AP003|Natrium (Na)|26 mg
AP003|Kalium (K)|2.0 mg
AP003|Tembaga (Cu)|0.10 mg
AP003|Seng (Zn)|0.5 mg
AP003|Retinol (Vit. A)|0 mcg
AP003|Beta-Karoten (Carotenes)|0 mcg
AP003|Karoten Total (Re)|0 mcg
AP003|Thiamin (Vit. B1)|0.00 mg
AP003|Riboflavin (Vit. B2)|0.00 mg
AP003|Niasin (Niacin)|0.0 mg
AP003|Vitamin C (Vit. C)|0 mg
AP004|Air (Water)|12.0 g
AP004|Energi (Energy)|353 Kal
AP004|Protein (Protein)|7.0 g
AP004|Lemak (Fat)|0.5 g
AP004|Karbohidrat (CHO)|80.0 g
AP004|Serat (Fibre)|2.4 g
AP004|Abu (ASH)|0.5 g
AP004|Kalsium (Ca)|5 mg
AP004|Fosfor (P)|140 mg
AP004|Besi (Fe)|0.8 mg
AP004|Natrium (Na)|5 mg
AP004|Kalium (K)|241.0 mg
AP004|Tembaga (Cu)|0.10 mg
AP004|Seng (Zn)|0.8 mg
AP004|Retinol (Vit. A)|0 mcg
AP004|Beta-Karoten (Carotenes)|0 mcg
AP004|Karoten Total (Re)|0 mcg
AP004|Thiamin (Vit. B1)|0.12 mg
AP004|Riboflavin (Vit. B2)|0.10 mg
AP004|Niasin (Niacin)|1.2 mg
AP004|Vitamin C (Vit. C)|0 mg
AP005|Air (Water)|64.0 g
AP005|Energi (Energy)|149 Kal
AP005|Protein (Protein)|2.8 g
AP005|Lemak (Fat)|0.4 g
AP005|Karbohidrat (CHO)|32.5 g
AP005|Serat (Fibre)|0.3 g
AP005|Abu (ASH)|0.3 g
AP005|Kalsium (Ca)|6 mg
AP005|Fosfor (P)|63 mg
AP005|Besi (Fe)|0.8 mg
AP005|Natrium (Na)|5 mg
AP005|Kalium (K)|91.4 mg
AP005|Tembaga (Cu)|0.20 mg
AP005|Seng (Zn)|0.9 mg
AP005|Retinol (Vit. A)|0 mcg
AP005|Beta-Karoten (Carotenes)|0 mcg
AP005|Karoten Total (Re)|0 mcg
AP005|Thiamin (Vit. B1)|0.06 mg
AP005|Riboflavin (Vit. B2)|0.00 mg
AP005|Niasin (Niacin)|1.6 mg
AP005|Vitamin C (Vit. C)|0 mg
AP006|Air (Water)|12.9 g
AP006|Energi (Energy)|348 Kal
AP006|Protein (Protein)|4.7 g
AP006|Lemak (Fat)|0.1 g
AP006|Karbohidrat (CHO)|82.1 g
AP006|Serat (Fibre)|1.2 g
AP006|Abu (ASH)|0.2 g
AP006|Kalsium (Ca)|6 mg
AP006|Fosfor (P)|35 mg
AP006|Besi (Fe)|1.8 mg
AP006|Natrium (Na)|12 mg
AP006|Kalium (K)|5.0 mg
AP006|Tembaga (Cu)|0.08 mg
AP006|Seng (Zn)|0.7 mg
AP006|Retinol (Vit. A)|0 mcg
AP006|Beta-Karoten (Carotenes)|0 mcg
AP006|Karoten Total (Re)|0 mcg
AP006|Thiamin (Vit. B1)|0.00 mg
AP006|Riboflavin (Vit. B2)|0.00 mg
AP006|Niasin (Niacin)|0.2 mg
AP006|Vitamin C (Vit. C)|0 mg
AP007|Air (Water)|9.0 g
AP007|Energi (Energy)|381 Kal
AP007|Protein (Protein)|6.1 g
AP007|Lemak (Fat)|3.9 g
AP007|Karbohidrat (CHO)|80.3 g
AP007|Abu (ASH)|0.7 g
AP007|Kalsium (Ca)|266 mg
AP007|Fosfor (P)|151 mg
AP007|Besi (Fe)|2.9 mg
AP007|Natrium (Na)|928 mg
AP007|Retinol (Vit. A)|58 mcg
AP007|Karoten Total (Re)|400 mcg
AP007|Thiamin (Vit. B1)|0.37 mg
AP007|Vitamin C (Vit. C)|0 mg
AP008|Air (Water)|11.3 g
AP008|Energi (Energy)|354 Kal
AP008|Protein (Protein)|0.5 g
AP008|Lemak (Fat)|0.3 g
AP008|Karbohidrat (CHO)|87.4 g
AP008|Serat (Fibre)|3.0 g
AP008|Abu (ASH)|0.5 g
AP008|Kalsium (Ca)|13 mg
AP008|Fosfor (P)|111 mg
AP008|Besi (Fe)|0.6 mg
AP008|Natrium (Na)|49 mg
AP008|Kalium (K)|1.4 mg
AP008|Tembaga (Cu)|0.40 mg
AP008|Seng (Zn)|0.0 mg
AP008|Beta-Karoten (Carotenes)|0 mcg
AP008|Karoten Total (Re)|0 mcg
AP008|Thiamin (Vit. B1)|0.02 mg
AP008|Riboflavin (Vit. B2)|0.02 mg
AP008|Niasin (Niacin)|0.3 mg
AP008|Vitamin C (Vit. C)|0 mg
AP009|Air (Water)|11.0 g
AP009|Energi (Energy)|357 Kal
AP009|Protein (Protein)|8.8 g
AP009|Lemak (Fat)|0.5 g
AP009|Karbohidrat (CHO)|79.5 g
AP009|Serat (Fibre)|6.2 g
AP009|Abu (ASH)|0.3 g
AP009|Kalsium (Ca)|5 mg
AP009|Fosfor (P)|43 mg
AP009|Besi (Fe)|0.6 mg
AP009|Natrium (Na)|2 mg
AP009|Kalium (K)|30.4 mg
AP009|Tembaga (Cu)|0.10 mg
AP009|Seng (Zn)|0.3 mg
AP009|Beta-Karoten (Carotenes)|0 mcg
AP009|Karoten Total (Re)|0 mcg
AP009|Thiamin (Vit. B1)|0.30 mg
AP009|Riboflavin (Vit. B2)|0.02 mg
AP009|Niasin (Niacin)|0.1 mg
AP009|Vitamin C (Vit. C)|0 mg
AP010|Air (Water)|53.2 g
AP010|Energi (Energy)|142 Kal
AP010|Protein (Protein)|5.0 g
AP010|Lemak (Fat)|0.7 g
AP010|Karbohidrat (CHO)|30.3 g
AP010|Serat (Fibre)|0.8 g
AP010|Abu (ASH)|0.8 g
AP010|Kalsium (Ca)|5 mg
AP010|Fosfor (P)|105 mg
AP010|Besi (Fe)|0.8 mg
AP010|Natrium (Na)|5 mg
AP010|Kalium (K)|24.3 mg
AP010|Tembaga (Cu)|0.20 mg
AP010|Seng (Zn)|0.9 mg
AP010|Beta-Karoten (Carotenes)|145 mcg
AP010|Karoten Total (Re)|225 mcg
AP010|Thiamin (Vit. B1)|0.15 mg
AP010|Riboflavin (Vit. B2)|0.00 mg
AP010|Niasin (Niacin)|0.7 mg
AP010|Vitamin C (Vit. C)|0 mg
AP011|Air (Water)|12.0 g
AP011|Energi (Energy)|355 Kal
AP011|Protein (Protein)|9.2 g
AP011|Lemak (Fat)|3.9 g
AP011|Karbohidrat (CHO)|73.7 g
AP011|Serat (Fibre)|7.2 g
AP011|Abu (ASH)|1.2 g
AP011|Kalsium (Ca)|10 mg
AP011|Fosfor (P)|256 mg
AP011|Besi (Fe)|2.4 mg
AP011|Natrium (Na)|11 mg
AP011|Kalium (K)|24.4 mg
AP011|Tembaga (Cu)|0.23 mg
AP011|Seng (Zn)|1.7 mg
AP011|Beta-Karoten (Carotenes)|0 mcg
AP011|Karoten Total (Re)|510 mcg
AP011|Thiamin (Vit. B1)|0.38 mg
AP011|Riboflavin (Vit. B2)|0.02 mg
AP011|Niasin (Niacin)|0.3 mg
AP012|Air (Water)|63.7 g
AP012|Energi (Energy)|154 Kal
AP012|Protein (Protein)|3.8 g
AP012|Lemak (Fat)|3.5 g
AP012|Karbohidrat (CHO)|28.4 g
AP012|Serat (Fibre)|0.7 g
AP012|Abu (ASH)|0.6 g
AP012|Kalsium (Ca)|7 mg
AP012|Fosfor (P)|171 mg
AP012|Besi (Fe)|0.5 mg
AP012|Natrium (Na)|5 mg
AP012|Kalium (K)|56.4 mg
AP012|Tembaga (Cu)|0.10 mg
AP012|Seng (Zn)|4.4 mg
AP012|Beta-Karoten (Carotenes)|818 mcg
AP012|Karoten Total (Re)|234 mcg
AP012|Thiamin (Vit. B1)|0.08 mg
AP012|Riboflavin (Vit. B2)|0.10 mg
AP012|Niasin (Niacin)|1.7 mg
AP012|Vitamin C (Vit. C)|0 mg
AP013|Air (Water)|12.0 g
AP013|Energi (Energy)|355 Kal
AP013|Protein (Protein)|9.2 g
AP013|Lemak (Fat)|3.9 g
AP013|Karbohidrat (CHO)|73.7 g
AP013|Serat (Fibre)|7.2 g
AP013|Abu (ASH)|1.2 g
AP013|Kalsium (Ca)|10 mg
AP013|Fosfor (P)|256 mg
AP013|Besi (Fe)|2.4 mg
AP013|Natrium (Na)|11 mg
AP013|Kalium (K)|24.4 mg
AP013|Tembaga (Cu)|0.23 mg
AP013|Seng (Zn)|1.7 mg
AP013|Beta-Karoten (Carotenes)|0 mcg
AP013|Karoten Total (Re)|0 mcg
AP013|Thiamin (Vit. B1)|0.38 mg
AP013|Riboflavin (Vit. B2)|0.02 mg
AP013|Niasin (Niacin)|0.3 mg
AP014|Air (Water)|52.0 g
AP014|Energi (Energy)|212 Kal
AP014|Protein (Protein)|4.0 g
AP014|Lemak (Fat)|4.6 g
AP014|Karbohidrat (CHO)|38.6 g
AP014|Serat (Fibre)|0.2 g
AP014|Abu (ASH)|0.9 g
AP014|Kalsium (Ca)|8 mg
AP014|Fosfor (P)|46 mg
AP014|Besi (Fe)|1.0 mg
AP014|Retinol (Vit. A)|0 mcg
AP014|Beta-Karoten (Carotenes)|0 mcg
AP014|Karoten Total (Re)|0 mcg
AP014|Thiamin (Vit. B1)|0.07 mg
AP014|Niasin (Niacin)|0.2 mg
AP014|Vitamin C (Vit. C)|0 mg
AP015|Air (Water)|56.9 g
AP015|Energi (Energy)|181 Kal
AP015|Protein (Protein)|4.0 g
AP015|Lemak (Fat)|1.2 g
AP015|Karbohidrat (CHO)|37.3 g
AP015|Serat (Fibre)|0.3 g
AP015|Abu (ASH)|0.6 g
AP015|Kalsium (Ca)|9 mg
AP015|Fosfor (P)|144 mg
AP015|Besi (Fe)|1.7 mg
AP015|Natrium (Na)|9 mg
AP015|Kalium (K)|18.4 mg
AP015|Tembaga (Cu)|0.10 mg
AP015|Seng (Zn)|0.7 mg
AP015|Retinol (Vit. A)|0 mcg
AP015|Beta-Karoten (Carotenes)|0 mcg
AP015|Karoten Total (Re)|0 mcg
AP015|Thiamin (Vit. B1)|0.06 mg
AP015|Riboflavin (Vit. B2)|0.00 mg
AP015|Niasin (Niacin)|0.5 mg
AP015|Vitamin C (Vit. C)|0 mg
AP016|Air (Water)|50.2 g
AP016|Energi (Energy)|166 Kal
AP016|Protein (Protein)|3.8 g
AP016|Lemak (Fat)|1.0 g
AP016|Karbohidrat (CHO)|34.4 g
AP016|Serat (Fibre)|0.3 g
AP016|Abu (ASH)|0.6 g
AP016|Kalsium (Ca)|8 mg
AP016|Fosfor (P)|106 mg
AP016|Besi (Fe)|1.6 mg
AP016|Natrium (Na)|5 mg
AP016|Kalium (K)|12.0 mg
AP016|Karoten Total (Re)|0 mcg
AP016|Thiamin (Vit. B1)|0.02 mg
AP016|Vitamin C (Vit. C)|0 mg
AP017|Air (Water)|60.7 g
AP017|Energi (Energy)|163 Kal
AP017|Protein (Protein)|3.0 g
AP017|Lemak (Fat)|0.4 g
AP017|Karbohidrat (CHO)|35.7 g
AP017|Serat (Fibre)|0.2 g
AP017|Abu (ASH)|0.2 g
AP017|Kalsium (Ca)|4 mg
AP017|Fosfor (P)|55 mg
AP017|Besi (Fe)|0.7 mg
AP017|Natrium (Na)|8 mg
AP017|Kalium (K)|16.8 mg
AP017|Tembaga (Cu)|0.10 mg
AP017|Seng (Zn)|0.7 mg
AP017|Retinol (Vit. A)|0 mcg
AP017|Beta-Karoten (Carotenes)|0 mcg
AP017|Karoten Total (Re)|0 mcg
AP017|Thiamin (Vit. B1)|0.07 mg
AP017|Riboflavin (Vit. B2)|0.00 mg
AP017|Niasin (Niacin)|0.5 mg
AP017|Vitamin C (Vit. C)|0 mg
AP018|Air (Water)|58.9 g
AP018|Energi (Energy)|172 Kal
AP018|Protein (Protein)|3.0 g
AP018|Lemak (Fat)|0.5 g
AP018|Karbohidrat (CHO)|37.5 g
AP018|Serat (Fibre)|0.6 g
AP018|Abu (ASH)|0.1 g
AP018|Kalsium (Ca)|6 mg
AP018|Fosfor (P)|35 mg
AP018|Besi (Fe)|0.5 mg
AP018|Natrium (Na)|1 mg
AP018|Retinol (Vit. A)|0 mcg
AP018|Beta-Karoten (Carotenes)|0 mcg
AP018|Karoten Total (Re)|0 mcg
AP018|Thiamin (Vit. B1)|0.04 mg
AP018|Riboflavin (Vit. B2)|0.00 mg
AP018|Niasin (Niacin)|0.2 mg
AP018|Vitamin C (Vit. C)|0 mg
AP019|Air (Water)|14.0 g
AP019|Energi (Energy)|341 Kal
AP019|Protein (Protein)|0.3 g
AP019|Lemak (Fat)|0.0 g
AP019|Karbohidrat (CHO)|85.0 g
AP019|Serat (Fibre)|7.0 g
AP019|Abu (ASH)|0.7 g
AP019|Kalsium (Ca)|20 mg
AP019|Fosfor (P)|30 mg
AP019|Besi (Fe)|1.5 mg
AP019|Natrium (Na)|6 mg
AP019|Kalium (K)|9.0 mg
AP019|Tembaga (Cu)|0.22 mg
AP019|Seng (Zn)|1.6 mg
AP019|Retinol (Vit. A)|0 mcg
AP019|Beta-Karoten (Carotenes)|0 mcg
AP019|Karoten Total (Re)|0 mcg
AP019|Thiamin (Vit. B1)|0.00 mg
AP019|Riboflavin (Vit. B2)|0.09 mg
AP019|Niasin (Niacin)|1.3 mg
AP019|Vitamin C (Vit. C)|0 mg
AP020|Air (Water)|11.7 g
AP020|Energi (Energy)|353 Kal
AP020|Protein (Protein)|8.7 g
AP020|Lemak (Fat)|0.4 g
AP020|Karbohidrat (CHO)|78.7 g
AP020|Serat (Fibre)|4.9 g
AP020|Abu (ASH)|2.5 g
AP020|Kalsium (Ca)|20 mg
AP020|Fosfor (P)|80 mg
AP020|Besi (Fe)|0.3 mg
AP020|Natrium (Na)|5 mg
AP020|Kalium (K)|0.0 mg
AP020|Tembaga (Cu)|0.28 mg
AP020|Seng (Zn)|1.4 mg
AP020|Karoten Total (Re)|0 mcg
AP020|Thiamin (Vit. B1)|0.10 mg
AP020|Riboflavin (Vit. B2)|0.13 mg
AP020|Niasin (Niacin)|2.2 mg
AP020|Vitamin C (Vit. C)|0 mg
AP021|Air (Water)|80.0 g
AP021|Energi (Energy)|88 Kal
AP021|Protein (Protein)|0.6 g
AP021|Lemak (Fat)|3.3 g
AP021|Karbohidrat (CHO)|14.0 g
AP021|Serat (Fibre)|0.1 g
AP021|Abu (ASH)|2.1 g
AP021|Kalsium (Ca)|14 mg
AP021|Fosfor (P)|13 mg
AP021|Besi (Fe)|6.8 mg
AP021|Natrium (Na)|63 mg
AP021|Kalium (K)|13.5 mg
AP021|Tembaga (Cu)|0.06 mg
AP021|Seng (Zn)|0.4 mg
AP021|Beta-Karoten (Carotenes)|0 mcg
AP021|Thiamin (Vit. B1)|0.00 mg
AP021|Riboflavin (Vit. B2)|0.00 mg
AP021|Niasin (Niacin)|0.0 mg
AP021|Vitamin C (Vit. C)|0 mg
AP022|Air (Water)|10.6 g
AP022|Energi (Energy)|339 Kal
AP022|Protein (Protein)|10.0 g
AP022|Lemak (Fat)|1.7 g
AP022|Karbohidrat (CHO)|6.3 g
AP022|Serat (Fibre)|0.4 g
AP022|Abu (ASH)|1.4 g
AP022|Kalsium (Ca)|31 mg
AP022|Fosfor (P)|143 mg
AP022|Besi (Fe)|3.9 mg
AP022|Natrium (Na)|760 mg
AP022|Kalium (K)|83.0 mg
AP022|Tembaga (Cu)|0.29 mg
AP022|Seng (Zn)|1.9 mg
AP022|Karoten Total (Re)|0 mcg
AP022|Thiamin (Vit. B1)|0.00 mg
AP022|Riboflavin (Vit. B2)|0.08 mg
AP022|Niasin (Niacin)|2.2 mg
AP022|Vitamin C (Vit. C)|0 mg
AP023|Air (Water)|10.0 g
AP023|Energi (Energy)|345 Kal
AP023|Protein (Protein)|8.5 g
AP023|Lemak (Fat)|2.2 g
AP023|Karbohidrat (CHO)|78.0 g
AP023|Serat (Fibre)|0.5 g
AP023|Abu (ASH)|1.3 g
AP023|Kalsium (Ca)|52 mg
AP023|Fosfor (P)|120 mg
AP023|Besi (Fe)|8.7 mg
AP023|Natrium (Na)|3,064 mg
AP023|Kalium (K)|44.0 mg
AP023|Tembaga (Cu)|0.08 mg
AP023|Seng (Zn)|0.0 mg
AP023|Retinol (Vit. A)|0 mcg
AP023|Beta-Karoten (Carotenes)|0 mcg
AP023|Karoten Total (Re)|0 mcg
AP023|Thiamin (Vit. B1)|0.00 mg
AP023|Riboflavin (Vit. B2)|0.02 mg
AP023|Niasin (Niacin)|0.2 mg
AP023|Vitamin C (Vit. C)|0 mg
AP024|Air (Water)|40.0 g
AP024|Energi (Energy)|248 Kal
AP024|Protein (Protein)|8.0 g
AP024|Lemak (Fat)|1.2 g
AP024|Karbohidrat (CHO)|50.0 g
AP024|Serat (Fibre)|9.1 g
AP024|Abu (ASH)|0.8 g
AP024|Kalsium (Ca)|10 mg
AP024|Fosfor (P)|95 mg
AP024|Besi (Fe)|1.5 mg
AP024|Natrium (Na)|530 mg
AP024|Kalium (K)|91.0 mg
AP024|Tembaga (Cu)|0.15 mg
AP024|Seng (Zn)|0.9 mg
AP024|Retinol (Vit. A)|0 mcg
AP024|Beta-Karoten (Carotenes)|0 mcg
AP024|Karoten Total (Re)|0 mcg
AP024|Thiamin (Vit. B1)|0.10 mg
AP024|Riboflavin (Vit. B2)|0.29 mg
AP024|Niasin (Niacin)|2.4 mg
AP024|Vitamin C (Vit. C)|0 mg
AP025|Air (Water)|11.8 g
AP025|Energi (Energy)|333 Kal
AP025|Protein (Protein)|9.0 g
AP025|Lemak (Fat)|1.0 g
AP025|Karbohidrat (CHO)|77.2 g
AP025|Serat (Fibre)|0.3 g
AP025|Abu (ASH)|1.0 g
AP025|Kalsium (Ca)|22 mg
AP025|Fosfor (P)|150 mg
AP025|Besi (Fe)|1.3 mg
AP025|Natrium (Na)|2 mg
AP025|Kalium (K)|0.0 mg
AP025|Tembaga (Cu)|0.00 mg
AP025|Seng (Zn)|2.8 mg
AP025|Retinol (Vit. A)|0 mcg
AP025|Beta-Karoten (Carotenes)|0 mcg
AP025|Karoten Total (Re)|0 mcg
AP025|Thiamin (Vit. B1)|0.10 mg
AP025|Riboflavin (Vit. B2)|0.07 mg
AP025|Niasin (Niacin)|1.0 mg
AP025|Vitamin C (Vit. C)|0 mg
AP026|Air (Water)|58.4 g
AP026|Energi (Energy)|191 Kal
AP026|Protein (Protein)|1.3 g
AP026|Lemak (Fat)|5.5 g
AP026|Karbohidrat (CHO)|34.0 g
AP026|Abu (ASH)|0.8 g
AP027|Air (Water)|49.5 g
AP027|Energi (Energy)|202 Kal
AP027|Protein (Protein)|3.0 g
AP027|Lemak (Fat)|0.3 g
AP027|Karbohidrat (CHO)|46.7 g
AP027|Abu (ASH)|0.5 g
AP028|Air (Water)|63.1 g
AP028|Energi (Energy)|148 Kal
AP028|Protein (Protein)|2.0 g
AP028|Lemak (Fat)|0.5 g
AP028|Karbohidrat (CHO)|33.9 g
AP028|Abu (ASH)|0.5 g
AP029|Air (Water)|2.2 g
AP029|Energi (Energy)|458 Kal
AP029|Protein (Protein)|6.9 g
AP029|Lemak (Fat)|14.4 g
AP029|Karbohidrat (CHO)|75.1 g
AP029|Serat (Fibre)|2.1 g
AP029|Abu (ASH)|1.4 g
AP029|Kalsium (Ca)|62 mg
AP029|Fosfor (P)|87 mg
AP029|Besi (Fe)|2.7 mg
AP029|Natrium (Na)|241 mg
AP029|Kalium (K)|20.3 mg
AP029|Tembaga (Cu)|0.16 mg
AP029|Seng (Zn)|0.6 mg
AP029|Retinol (Vit. A)|0 mcg
AP029|Beta-Karoten (Carotenes)|14 mcg
AP029|Thiamin (Vit. B1)|0.09 mg
AP029|Riboflavin (Vit. B2)|0.15 mg
AP029|Niasin (Niacin)|1.4 mg
AP029|Vitamin C (Vit. C)|0 mg
AP030|Air (Water)|38.9 g
AP030|Energi (Energy)|272 Kal
AP030|Protein (Protein)|8.7 g
AP030|Lemak (Fat)|6.7 g
AP030|Karbohidrat (CHO)|44.1 g
AP030|Serat (Fibre)|0.9 g
AP030|Abu (ASH)|1.6 g
AP030|Kalsium (Ca)|194 mg
AP030|Fosfor (P)|117 mg
AP030|Besi (Fe)|4.5 mg
AP030|Karoten Total (Re)|1,392 mcg
AP030|Thiamin (Vit. B1)|0.31 mg
AP030|Riboflavin (Vit. B2)|1.00 mg
AP030|Niasin (Niacin)|2.9 mg
AP030|Vitamin C (Vit. C)|0 mg
AP031|Air (Water)|40.5 g
AP031|Energi (Energy)|280 Kal
AP031|Protein (Protein)|8.2 g
AP031|Lemak (Fat)|10.2 g
AP031|Karbohidrat (CHO)|39.0 g
AP031|Serat (Fibre)|3.4 g
AP031|Abu (ASH)|2.1 g
AP031|Kalsium (Ca)|204 mg
AP031|Fosfor (P)|79 mg
AP031|Besi (Fe)|7.0 mg
AP031|Retinol (Vit. A)|0 mcg
AP031|Karoten Total (Re)|0 mcg
AP031|Thiamin (Vit. B1)|0.08 mg
AP031|Vitamin C (Vit. C)|0 mg
AP032|Air (Water)|52.3 g
AP032|Energi (Energy)|190 Kal
AP032|Protein (Protein)|3.3 g
AP032|Lemak (Fat)|0.3 g
AP032|Karbohidrat (CHO)|43.5 g
AP032|Serat (Fibre)|3.4 g
AP032|Abu (ASH)|0.6 g
AP032|Kalsium (Ca)|9 mg
AP032|Fosfor (P)|0 mg
AP032|Besi (Fe)|0.4 mg
AP032|Natrium (Na)|164 mg
AP032|Kalium (K)|84.0 mg
AP032|Tembaga (Cu)|0.20 mg
AP032|Seng (Zn)|0.9 mg
AP032|Thiamin (Vit. B1)|0.27 mg
AP032|Riboflavin (Vit. B2)|0.02 mg
AP032|Niasin (Niacin)|3.6 mg
AP033|Air (Water)|5.3 g
AP033|Energi (Energy)|417 Kal
AP033|Protein (Protein)|6.5 g
AP033|Lemak (Fat)|8.2 g
AP033|Karbohidrat (CHO)|79.3 g
AP033|Abu (ASH)|0.7 g
AP034|Air (Water)|75.3 g
AP034|Energi (Energy)|107 Kal
AP034|Protein (Protein)|2.2 g
AP034|Lemak (Fat)|2.2 g
AP034|Karbohidrat (CHO)|19.6 g
AP034|Abu (ASH)|0.7 g
AP034|Kalsium (Ca)|20 mg
AP034|Fosfor (P)|30 mg
AP034|Besi (Fe)|0.6 mg
AP034|Natrium (Na)|200 mg
AP034|Kalium (K)|90.0 mg
AP034|Tembaga (Cu)|0.10 mg
AP034|Thiamin (Vit. B1)|0.18 mg
AP034|Riboflavin (Vit. B2)|0.02 mg
AP035|Air (Water)|51.5 g
AP035|Energi (Energy)|199 Kal
AP035|Protein (Protein)|2.1 g
AP035|Lemak (Fat)|1.5 g
AP035|Karbohidrat (CHO)|44.4 g
AP035|Serat (Fibre)|0.3 g
AP035|Abu (ASH)|0.6 g
AP035|Kalsium (Ca)|45 mg
AP035|Fosfor (P)|28 mg
AP035|Besi (Fe)|1.8 mg
AP035|Retinol (Vit. A)|0 mcg
AP035|Karoten Total (Re)|408 mcg
AP035|Thiamin (Vit. B1)|0.10 mg
AP035|Niasin (Niacin)|0.0 mg
AP035|Vitamin C (Vit. C)|0 mg
AP036|Air (Water)|44.4 g
AP036|Energi (Energy)|273 Kal
AP036|Protein (Protein)|5.3 g
AP036|Lemak (Fat)|10.6 g
AP036|Karbohidrat (CHO)|39.1 g
AP036|Abu (ASH)|0.6 g
AP037|Air (Water)|46.3 g
AP037|Energi (Energy)|225 Kal
AP037|Protein (Protein)|5.3 g
AP037|Lemak (Fat)|2.6 g
AP037|Karbohidrat (CHO)|45.2 g
AP037|Abu (ASH)|0.6 g
AP038|Air (Water)|55.6 g
AP038|Energi (Energy)|197 Kal
AP038|Protein (Protein)|3.3 g
AP038|Lemak (Fat)|4.6 g
AP038|Karbohidrat (CHO)|35.6 g
AP038|Abu (ASH)|0.9 g
AP038|Fosfor (P)|0 mg
AP038|Besi (Fe)|0.0 mg
AP038|Natrium (Na)|0 mg
AP038|Kalium (K)|0.0 mg
AP038|Riboflavin (Vit. B2)|0.00 mg
AP038|Niasin (Niacin)|0.0 mg
AP038|Vitamin C (Vit. C)|0 mg
AP039|Air (Water)|37.4 g
AP039|Energi (Energy)|249 Kal
AP039|Protein (Protein)|3.4 g
AP039|Lemak (Fat)|0.4 g
AP039|Karbohidrat (CHO)|58.0 g
AP039|Serat (Fibre)|0.0 g
AP039|Abu (ASH)|0.9 g
AP039|Kalsium (Ca)|198 mg
AP039|Fosfor (P)|86 mg
AP039|Besi (Fe)|2.0 mg
AP039|Retinol (Vit. A)|0 mcg
AP039|Karoten Total (Re)|240 mcg
AP039|Thiamin (Vit. B1)|0.34 mg
AP039|Riboflavin (Vit. B2)|0.00 mg
AP039|Niasin (Niacin)|0.0 mg
AP039|Vitamin C (Vit. C)|0 mg
AP040|Air (Water)|80.9 g
AP040|Energi (Energy)|156 Kal
AP040|Protein (Protein)|2.3 g
AP040|Lemak (Fat)|0.2 g
AP040|Karbohidrat (CHO)|15.6 g
AP040|Serat (Fibre)|8.2 g
AP040|Abu (ASH)|1.0 g
AP040|Kalsium (Ca)|41 mg
AP040|Fosfor (P)|20 mg
AP040|Besi (Fe)|0.4 mg
AP040|Natrium (Na)|486 mg
AP040|Kalium (K)|164.0 mg
AP040|Tembaga (Cu)|0.30 mg
AP040|Seng (Zn)|0.4 mg
AP040|Beta-Karoten (Carotenes)|1,437 mcg
AP040|Thiamin (Vit. B1)|0.10 mg
AP040|Riboflavin (Vit. B2)|0.04 mg
AP040|Vitamin C (Vit. C)|15 mg
AP041|Air (Water)|32.2 g
AP041|Energi (Energy)|323 Kal
AP041|Protein (Protein)|4.9 g
AP041|Lemak (Fat)|11.5 g
AP041|Karbohidrat (CHO)|50.1 g
AP041|Serat (Fibre)|1.4 g
AP041|Abu (ASH)|1.4 g
AP041|Kalsium (Ca)|131 mg
AP041|Fosfor (P)|83 mg
AP041|Besi (Fe)|2.6 mg
AP041|Retinol (Vit. A)|26 mcg
AP041|Karoten Total (Re)|1,872 mcg
AP041|Thiamin (Vit. B1)|0.38 mg
AP041|Riboflavin (Vit. B2)|0.16 mg
AP041|Niasin (Niacin)|0.3 mg
AP041|Vitamin C (Vit. C)|0 mg
AP042|Air (Water)|57.5 g
AP042|Energi (Energy)|204 Kal
AP042|Protein (Protein)|2.8 g
AP042|Lemak (Fat)|7.5 g
AP042|Karbohidrat (CHO)|31.4 g
AP042|Abu (ASH)|0.8 g
AP043|Air (Water)|26.5 g
AP043|Energi (Energy)|298 Kal
AP043|Protein (Protein)|3.7 g
AP043|Lemak (Fat)|2.1 g
AP043|Karbohidrat (CHO)|65.9 g
AP043|Serat (Fibre)|0.4 g
AP043|Abu (ASH)|1.8 g
AP043|Kalsium (Ca)|70 mg
AP043|Fosfor (P)|76 mg
AP043|Besi (Fe)|2.5 mg
AP043|Retinol (Vit. A)|0 mcg
AP043|Beta-Karoten (Carotenes)|0 mcg
AP043|Karoten Total (Re)|496 mcg
AP043|Thiamin (Vit. B1)|0.28 mg
AP043|Niasin (Niacin)|2.5 mg
AP043|Vitamin C (Vit. C)|0 mg
AP044|Air (Water)|16.5 g
AP044|Energi (Energy)|348 Kal
AP044|Protein (Protein)|0.4 g
AP044|Lemak (Fat)|3.8 g
AP044|Karbohidrat (CHO)|76.1 g
AP044|Serat (Fibre)|0.5 g
AP044|Abu (ASH)|1.2 g
AP044|Kalsium (Ca)|41 mg
AP044|Fosfor (P)|144 mg
AP044|Besi (Fe)|2.6 mg
AP044|Natrium (Na)|38 mg
AP044|Kalium (K)|76.0 mg
AP044|Tembaga (Cu)|0.30 mg
AP044|Seng (Zn)|2.1 mg
AP044|Retinol (Vit. A)|0 mcg
AP044|Beta-Karoten (Carotenes)|0 mcg
AP044|Karoten Total (Re)|0 mcg
AP044|Thiamin (Vit. B1)|0.03 mg
AP044|Riboflavin (Vit. B2)|0.06 mg
AP044|Niasin (Niacin)|1.8 mg
AP044|Vitamin C (Vit. C)|0 mg
AP045|Air (Water)|26.4 g
AP045|Energi (Energy)|331 Kal
AP045|Protein (Protein)|1.9 g
AP045|Lemak (Fat)|7.6 g
AP045|Karbohidrat (CHO)|63.8 g
AP045|Serat (Fibre)|1.0 g
AP045|Abu (ASH)|0.4 g
AP045|Kalsium (Ca)|90 mg
AP045|Fosfor (P)|55 mg
AP045|Besi (Fe)|2.3 mg
AP045|Retinol (Vit. A)|0 mcg
AP045|Karoten Total (Re)|408 mcg
AP045|Thiamin (Vit. B1)|0.11 mg
AP045|Niasin (Niacin)|0.8 mg
AP045|Vitamin C (Vit. C)|5 mg
AP046|Air (Water)|26.1 g
AP046|Energi (Energy)|373 Kal
AP046|Protein (Protein)|4.3 g
AP046|Lemak (Fat)|16.5 g
AP046|Karbohidrat (CHO)|51.9 g
AP046|Serat (Fibre)|0.4 g
AP046|Abu (ASH)|1.2 g
AP046|Kalsium (Ca)|41 mg
AP046|Fosfor (P)|142 mg
AP046|Besi (Fe)|2.4 mg
AP046|Natrium (Na)|35 mg
AP046|Kalium (K)|72.0 mg
AP046|Tembaga (Cu)|0.30 mg
AP046|Seng (Zn)|2.1 mg
AP046|Retinol (Vit. A)|0 mcg
AP046|Beta-Karoten (Carotenes)|0 mcg
AP046|Karoten Total (Re)|0 mcg
AP046|Thiamin (Vit. B1)|0.04 mg
AP046|Riboflavin (Vit. B2)|0.06 mg
AP046|Niasin (Niacin)|2.1 mg
AP046|Vitamin C (Vit. C)|0 mg
AP047|Air (Water)|13.6 g
AP047|Energi (Energy)|403 Kal
AP047|Protein (Protein)|10.6 g
AP047|Lemak (Fat)|2.2 g
AP047|Karbohidrat (CHO)|85.3 g
AP047|Serat (Fibre)|0.2 g
AP047|Abu (ASH)|1.9 g
AP047|Kalsium (Ca)|11 mg
AP047|Fosfor (P)|240 mg
AP047|Besi (Fe)|0.3 mg
AP047|Natrium (Na)|1 mg
AP047|Kalium (K)|113.0 mg
AP047|Tembaga (Cu)|0.30 mg
AP047|Seng (Zn)|2.4 mg
AP047|Karoten Total (Re)|0 mcg
AP047|Thiamin (Vit. B1)|0.00 mg
AP047|Riboflavin (Vit. B2)|0.16 mg
AP047|Vitamin C (Vit. C)|0 mg
AP048|Air (Water)|36.2 g
AP048|Energi (Energy)|274 Kal
AP048|Protein (Protein)|1.7 g
AP048|Lemak (Fat)|5.4 g
AP048|Karbohidrat (CHO)|55.5 g
AP048|Serat (Fibre)|2.2 g
AP048|Abu (ASH)|1.2 g
AP048|Kalsium (Ca)|69 mg
AP048|Fosfor (P)|55 mg
AP048|Besi (Fe)|3.3 mg
AP048|Retinol (Vit. A)|0 mcg
AP048|Beta-Karoten (Carotenes)|0 mcg
AP048|Karoten Total (Re)|0 mcg
AP048|Thiamin (Vit. B1)|0.00 mg
AP048|Vitamin C (Vit. C)|0 mg
AP049|Air (Water)|30.4 g
AP049|Energi (Energy)|407 Kal
AP049|Protein (Protein)|6.4 g
AP049|Lemak (Fat)|28.2 g
AP049|Karbohidrat (CHO)|32.0 g
AP049|Serat (Fibre)|0.1 g
AP049|Abu (ASH)|3.0 g
AP049|Kalsium (Ca)|216 mg
AP049|Fosfor (P)|62 mg
AP049|Besi (Fe)|1.6 mg
AP049|Retinol (Vit. A)|0 mcg
AP049|Karoten Total (Re)|184 mcg
AP049|Thiamin (Vit. B1)|0.16 mg
AP049|Riboflavin (Vit. B2)|0.00 mg
AP049|Niasin (Niacin)|0.6 mg
AP049|Vitamin C (Vit. C)|0 mg
AP050|Air (Water)|6.5 g
AP050|Energi (Energy)|474 Kal
AP050|Protein (Protein)|7.6 g
AP050|Lemak (Fat)|21.6 g
AP050|Karbohidrat (CHO)|62.3 g
AP050|Serat (Fibre)|1.2 g
AP050|Abu (ASH)|2.0 g
AP050|Kalsium (Ca)|36 mg
AP050|Fosfor (P)|64 mg
AP050|Besi (Fe)|2.5 mg
AP050|Natrium (Na)|0 mg
AP050|Kalium (K)|38.0 mg
AP050|Tembaga (Cu)|0.05 mg
AP050|Seng (Zn)|0.5 mg
AP050|Beta-Karoten (Carotenes)|0 mcg
AP050|Karoten Total (Re)|200 mcg
AP050|Thiamin (Vit. B1)|0.25 mg
AP050|Riboflavin (Vit. B2)|0.03 mg
AP050|Niasin (Niacin)|0.8 mg
AP050|Vitamin C (Vit. C)|0 mg
AP051|Air (Water)|61.7 g
AP051|Energi (Energy)|156 Kal
AP051|Protein (Protein)|2.7 g
AP051|Lemak (Fat)|1.3 g
AP051|Karbohidrat (CHO)|33.3 g
AP051|Serat (Fibre)|1.0 g
AP051|Abu (ASH)|0.8 g
AP051|Kalsium (Ca)|51 mg
AP051|Fosfor (P)|105 mg
AP051|Besi (Fe)|1.2 mg
AP051|Retinol (Vit. A)|0 mcg
AP051|Karoten Total (Re)|162 mcg
AP051|Thiamin (Vit. B1)|0.08 mg
AP051|Riboflavin (Vit. B2)|0.00 mg
AP051|Niasin (Niacin)|0.0 mg
AP051|Vitamin C (Vit. C)|0 mg
AP052|Air (Water)|9.2 g
AP052|Energi (Energy)|374 Kal
AP052|Protein (Protein)|9.4 g
AP052|Lemak (Fat)|2.2 g
AP052|Karbohidrat (CHO)|79.1 g
AP052|Serat (Fibre)|0.8 g
AP052|Abu (ASH)|0.1 g
AP052|Kalsium (Ca)|14 mg
AP052|Fosfor (P)|142 mg
AP052|Besi (Fe)|2.9 mg
AP052|Tembaga (Cu)|9.00 mg
AP052|Karoten Total (Re)|11,507 mcg
AP052|Thiamin (Vit. B1)|0.20 mg
AP053|Air (Water)|3.8 g
AP053|Energi (Energy)|500 Kal
AP053|Protein (Protein)|1.2 g
AP053|Lemak (Fat)|25.1 g
AP053|Karbohidrat (CHO)|67.3 g
AP053|Serat (Fibre)|0.4 g
AP053|Abu (ASH)|2.7 g
AP053|Kalsium (Ca)|186 mg
AP053|Fosfor (P)|29 mg
AP053|Besi (Fe)|4.9 mg
AP053|Retinol (Vit. A)|0 mcg
AP053|Karoten Total (Re)|0 mcg
AP053|Thiamin (Vit. B1)|0.17 mg
AP053|Riboflavin (Vit. B2)|0.03 mg
AP053|Niasin (Niacin)|0.4 mg
AP053|Vitamin C (Vit. C)|0 mg
AP054|Air (Water)|43.9 g
AP054|Energi (Energy)|296 Kal
AP054|Protein (Protein)|3.4 g
AP054|Lemak (Fat)|15.1 g
AP054|Karbohidrat (CHO)|36.7 g
AP054|Abu (ASH)|0.9 g
AP055|Air (Water)|61.5 g
AP055|Energi (Energy)|164 Kal
AP055|Protein (Protein)|3.0 g
AP055|Lemak (Fat)|2.4 g
AP055|Karbohidrat (CHO)|32.6 g
AP055|Serat (Fibre)|4.3 g
AP055|Abu (ASH)|0.7 g
AP055|Kalsium (Ca)|16 mg
AP055|Fosfor (P)|36 mg
AP055|Besi (Fe)|0.7 mg
AP055|Natrium (Na)|0 mg
AP055|Kalium (K)|32.0 mg
AP055|Tembaga (Cu)|0.10 mg
AP055|Seng (Zn)|1.6 mg
AP055|Retinol (Vit. A)|0 mcg
AP055|Beta-Karoten (Carotenes)|256 mcg
AP055|Thiamin (Vit. B1)|0.10 mg
AP055|Riboflavin (Vit. B2)|0.10 mg
AP055|Niasin (Niacin)|0.4 mg
AP056|Air (Water)|63.5 g
AP056|Energi (Energy)|158 Kal
AP056|Protein (Protein)|4.4 g
AP056|Lemak (Fat)|3.2 g
AP056|Karbohidrat (CHO)|27.8 g
AP056|Serat (Fibre)|5.3 g
AP056|Abu (ASH)|1.0 g
AP056|Kalsium (Ca)|79 mg
AP056|Fosfor (P)|115 mg
AP056|Besi (Fe)|1.2 mg
AP056|Natrium (Na)|104 mg
AP056|Kalium (K)|149.0 mg
AP056|Tembaga (Cu)|0.50 mg
AP056|Seng (Zn)|1.1 mg
AP056|Retinol (Vit. A)|0 mcg
AP056|Beta-Karoten (Carotenes)|1,374 mcg
AP056|Thiamin (Vit. B1)|0.06 mg
AP056|Riboflavin (Vit. B2)|0.05 mg
AP056|Niasin (Niacin)|0.1 mg
AP056|Vitamin C (Vit. C)|0 mg
AP057|Air (Water)|33.9 g
AP057|Energi (Energy)|290 Kal
AP057|Protein (Protein)|4.6 g
AP057|Lemak (Fat)|5.7 g
AP057|Karbohidrat (CHO)|55.2 g
AP057|Abu (ASH)|0.6 g
AP058|Air (Water)|49.6 g
AP058|Energi (Energy)|215 Kal
AP058|Protein (Protein)|3.7 g
AP058|Lemak (Fat)|3.7 g
AP058|Karbohidrat (CHO)|41.8 g
AP058|Serat (Fibre)|1.0 g
AP058|Abu (ASH)|1.2 g
AP058|Kalsium (Ca)|232 mg
AP058|Fosfor (P)|45 mg
AP058|Besi (Fe)|3.3 mg
AP058|Retinol (Vit. A)|0 mcg
AP058|Karoten Total (Re)|872 mcg
AP058|Thiamin (Vit. B1)|0.09 mg
AP058|Riboflavin (Vit. B2)|0.07 mg
AP058|Niasin (Niacin)|0.2 mg
AP058|Vitamin C (Vit. C)|0 mg
AP059|Air (Water)|3.5 g
AP059|Energi (Energy)|580 Kal
AP059|Protein (Protein)|4.8 g
AP059|Lemak (Fat)|39.6 g
AP059|Karbohidrat (CHO)|51.1 g
AP059|Abu (ASH)|1.0 g
AP060|Air (Water)|69.1 g
AP060|Energi (Energy)|153 Kal
AP060|Protein (Protein)|7.9 g
AP060|Lemak (Fat)|7.7 g
AP060|Karbohidrat (CHO)|13.0 g
AP060|Serat (Fibre)|2.9 g
AP060|Abu (ASH)|2.6 g
AP060|Kalsium (Ca)|153 mg
AP060|Fosfor (P)|134 mg
AP060|Besi (Fe)|3.4 mg
AP060|Retinol (Vit. A)|3 mcg
AP060|Karoten Total (Re)|435 mcg
AP060|Thiamin (Vit. B1)|0.05 mg
AP060|Vitamin C (Vit. C)|0 mg
AP061|Air (Water)|78.5 g
AP061|Energi (Energy)|109 Kal
AP061|Protein (Protein)|2.2 g
AP061|Lemak (Fat)|5.2 g
AP061|Karbohidrat (CHO)|13.4 g
AP061|Abu (ASH)|0.7 g
AP062|Air (Water)|13.2 g
AP062|Energi (Energy)|366 Kal
AP062|Protein (Protein)|4.2 g
AP062|Lemak (Fat)|4.3 g
AP062|Karbohidrat (CHO)|77.5 g
AP062|Serat (Fibre)|0.8 g
AP062|Abu (ASH)|0.8 g
AP062|Kalsium (Ca)|153 mg
AP062|Fosfor (P)|222 mg
AP062|Besi (Fe)|7.0 mg
AP062|Retinol (Vit. A)|0 mcg
AP062|Vitamin C (Vit. C)|0 mg
AP063|Air (Water)|7.2 g
AP063|Energi (Energy)|370 Kal
AP063|Protein (Protein)|8.0 g
AP063|Lemak (Fat)|1.0 g
AP063|Karbohidrat (CHO)|82.2 g
AP063|Serat (Fibre)|0.4 g
AP063|Abu (ASH)|1.6 g
AP063|Kalsium (Ca)|83 mg
AP063|Fosfor (P)|110 mg
AP063|Besi (Fe)|17.0 mg
AP063|Retinol (Vit. A)|3 mcg
AP063|Karoten Total (Re)|144 mcg
AP063|Thiamin (Vit. B1)|0.19 mg
AP063|Riboflavin (Vit. B2)|0.45 mg
AP063|Niasin (Niacin)|2.6 mg
AP063|Vitamin C (Vit. C)|0 mg
AP064|Air (Water)|44.2 g
AP064|Energi (Energy)|241 Kal
AP064|Protein (Protein)|3.4 g
AP064|Lemak (Fat)|4.3 g
AP064|Karbohidrat (CHO)|47.2 g
AP064|Abu (ASH)|0.9 g
AP065|Air (Water)|12.8 g
AP065|Energi (Energy)|440 Kal
AP065|Protein (Protein)|3.8 g
AP065|Lemak (Fat)|18.5 g
AP065|Karbohidrat (CHO)|64.5 g
AP065|Serat (Fibre)|0.3 g
AP065|Abu (ASH)|0.4 g
AP065|Kalsium (Ca)|27 mg
AP065|Fosfor (P)|47 mg
AP065|Besi (Fe)|2.5 mg
AP065|Retinol (Vit. A)|0 mcg
AP065|Karoten Total (Re)|0 mcg
AP065|Thiamin (Vit. B1)|0.13 mg
AP065|Riboflavin (Vit. B2)|0.09 mg
AP065|Niasin (Niacin)|0.0 mg
AP065|Vitamin C (Vit. C)|0 mg
AP066|Air (Water)|5.6 g
AP066|Energi (Energy)|442 Kal
AP066|Protein (Protein)|3.3 g
AP066|Lemak (Fat)|14.7 g
AP066|Karbohidrat (CHO)|74.2 g
AP066|Abu (ASH)|2.2 g
AP067|Air (Water)|7.1 g
AP067|Energi (Energy)|448 Kal
AP067|Protein (Protein)|5.8 g
AP067|Lemak (Fat)|16.1 g
AP067|Karbohidrat (CHO)|70.0 g
AP067|Abu (ASH)|1.0 g
AP068|Air (Water)|3.7 g
AP068|Energi (Energy)|425 Kal
AP068|Protein (Protein)|1.6 g
AP068|Lemak (Fat)|8.8 g
AP068|Karbohidrat (CHO)|84.6 g
AP068|Serat (Fibre)|1.2 g
AP068|Abu (ASH)|1.3 g
AP068|Kalsium (Ca)|155 mg
AP068|Fosfor (P)|61 mg
AP068|Besi (Fe)|4.0 mg
AP068|Karoten Total (Re)|0 mcg
AP068|Thiamin (Vit. B1)|0.20 mg
AP068|Vitamin C (Vit. C)|0 mg
AP069|Air (Water)|3.3 g
AP069|Energi (Energy)|591 Kal
AP069|Protein (Protein)|5.6 g
AP069|Lemak (Fat)|42.1 g
AP069|Karbohidrat (CHO)|47.5 g
AP069|Abu (ASH)|1.5 g
AP069|Kalsium (Ca)|32 mg
AP069|Fosfor (P)|180 mg
AP069|Besi (Fe)|1.6 mg
AP069|Natrium (Na)|33 mg
AP069|Kalium (K)|443.0 mg
AP069|Tembaga (Cu)|0.50 mg
AP069|Seng (Zn)|1.1 mg
AP070|Air (Water)|14.5 g
AP070|Energi (Energy)|340 Kal
AP070|Protein (Protein)|4.8 g
AP070|Lemak (Fat)|0.4 g
AP070|Karbohidrat (CHO)|79.3 g
AP070|Abu (ASH)|1.0 g
AP071|Air (Water)|46.2 g
AP071|Energi (Energy)|214 Kal
AP071|Protein (Protein)|3.5 g
AP071|Lemak (Fat)|0.2 g
AP071|Karbohidrat (CHO)|49.6 g
AP071|Abu (ASH)|0.5 g
AP072|Air (Water)|40.1 g
AP072|Energi (Energy)|291 Kal
AP072|Protein (Protein)|3.6 g
AP072|Lemak (Fat)|11.1 g
AP072|Karbohidrat (CHO)|44.1 g
AP072|Abu (ASH)|1.1 g
AP072|Kalsium (Ca)|96 mg
AP072|Fosfor (P)|60 mg
AP072|Besi (Fe)|2.3 mg
AP072|Retinol (Vit. A)|20 mcg
AP072|Karoten Total (Re)|400 mcg
AP072|Thiamin (Vit. B1)|0.24 mg
AP073|Air (Water)|71.0 g
AP073|Energi (Energy)|141 Kal
AP073|Protein (Protein)|5.3 g
AP073|Lemak (Fat)|5.5 g
AP073|Karbohidrat (CHO)|17.6 g
AP073|Abu (ASH)|0.6 g
AP074|Air (Water)|32.6 g
AP074|Energi (Energy)|304 Kal
AP074|Protein (Protein)|5.3 g
AP074|Lemak (Fat)|7.0 g
AP074|Karbohidrat (CHO)|54.9 g
AP074|Serat (Fibre)|0.9 g
AP074|Abu (ASH)|0.2 g
AP074|Kalsium (Ca)|18 mg
AP074|Fosfor (P)|193 mg
AP074|Besi (Fe)|4.0 mg
AP074|Retinol (Vit. A)|0 mcg
AP074|Karoten Total (Re)|0 mcg
AP074|Thiamin (Vit. B1)|0.06 mg
AP074|Vitamin C (Vit. C)|0 mg
AP075|Air (Water)|56.6 g
AP075|Energi (Energy)|221 Kal
AP075|Protein (Protein)|7.5 g
AP075|Lemak (Fat)|10.2 g
AP075|Karbohidrat (CHO)|24.8 g
AP075|Abu (ASH)|0.9 g
AP075|Kalsium (Ca)|105 mg
AP075|Fosfor (P)|85 mg
AP075|Besi (Fe)|2.5 mg
AP075|Retinol (Vit. A)|26 mcg
AP075|Karoten Total (Re)|1,300 mcg
AP075|Thiamin (Vit. B1)|0.12 mg
AP075|Vitamin C (Vit. C)|0 mg
AP076|Air (Water)|43.0 g
AP076|Energi (Energy)|247 Kal
AP076|Protein (Protein)|2.9 g
AP076|Lemak (Fat)|4.2 g
AP076|Karbohidrat (CHO)|49.5 g
AP076|Abu (ASH)|0.4 g
AP076|Kalsium (Ca)|16 mg
AP076|Fosfor (P)|107 mg
AP076|Besi (Fe)|1.8 mg
AP076|Natrium (Na)|95 mg
AP076|Kalium (K)|56.0 mg
AP076|Tembaga (Cu)|1.30 mg
AP076|Seng (Zn)|0.8 mg
AP076|Thiamin (Vit. B1)|0.17 mg
AP077|Air (Water)|73.2 g
AP077|Energi (Energy)|121 Kal
AP077|Protein (Protein)|1.7 g
AP077|Lemak (Fat)|3.4 g
AP077|Karbohidrat (CHO)|21.1 g
AP077|Abu (ASH)|0.6 g
AP078|Air (Water)|21.3 g
AP078|Energi (Energy)|389 Kal
AP078|Protein (Protein)|6.6 g
AP078|Lemak (Fat)|15.7 g
AP078|Karbohidrat (CHO)|55.5 g
AP078|Serat (Fibre)|0.5 g
AP078|Abu (ASH)|0.9 g
AP078|Kalsium (Ca)|16 mg
AP078|Fosfor (P)|136 mg
AP078|Besi (Fe)|1.9 mg
AP078|Retinol (Vit. A)|41 mcg
AP078|Karoten Total (Re)|1,032 mcg
AP078|Thiamin (Vit. B1)|0.26 mg
AP078|Riboflavin (Vit. B2)|0.09 mg
AP078|Niasin (Niacin)|3.0 mg
AP078|Vitamin C (Vit. C)|0 mg
AP079|Air (Water)|61.0 g
AP079|Energi (Energy)|164 Kal
AP079|Protein (Protein)|1.8 g
AP079|Lemak (Fat)|2.1 g
AP079|Karbohidrat (CHO)|34.5 g
AP079|Serat (Fibre)|0.7 g
AP079|Abu (ASH)|0.6 g
AP079|Kalsium (Ca)|119 mg
AP079|Fosfor (P)|31 mg
AP079|Besi (Fe)|1.5 mg
AP079|Retinol (Vit. A)|0 mcg
AP079|Karoten Total (Re)|0 mcg
AP079|Thiamin (Vit. B1)|0.09 mg
AP079|Riboflavin (Vit. B2)|0.00 mg
AP079|Niasin (Niacin)|0.2 mg
AP079|Vitamin C (Vit. C)|0 mg
AP080|Air (Water)|27.1 g
AP080|Energi (Energy)|379 Kal
AP080|Protein (Protein)|3.4 g
AP080|Lemak (Fat)|18.1 g
AP080|Karbohidrat (CHO)|50.6 g
AP080|Abu (ASH)|0.8 g
AP081|Air (Water)|65.8 g
AP081|Energi (Energy)|153 Kal
AP081|Protein (Protein)|4.5 g
AP081|Lemak (Fat)|4.2 g
AP081|Karbohidrat (CHO)|24.3 g
AP081|Abu (ASH)|1.2 g
AP081|Kalsium (Ca)|14 mg
AP081|Fosfor (P)|108 mg
AP081|Besi (Fe)|2.4 mg
AP081|Natrium (Na)|240 mg
AP081|Kalium (K)|112.0 mg
AP081|Tembaga (Cu)|0.40 mg
AP081|Seng (Zn)|0.5 mg
AP082|Air (Water)|40.2 g
AP082|Energi (Energy)|278 Kal
AP082|Protein (Protein)|5.1 g
AP082|Lemak (Fat)|8.6 g
AP082|Karbohidrat (CHO)|45.0 g
AP082|Abu (ASH)|1.1 g
AP082|Kalsium (Ca)|49 mg
AP082|Fosfor (P)|168 mg
AP082|Besi (Fe)|3.4 mg
AP082|Natrium (Na)|193 mg
AP082|Kalium (K)|123.0 mg
AP082|Tembaga (Cu)|0.20 mg
AP082|Seng (Zn)|0.9 mg
AP083|Air (Water)|15.6 g
AP083|Energi (Energy)|369 Kal
AP083|Protein (Protein)|2.1 g
AP083|Lemak (Fat)|7.0 g
AP083|Karbohidrat (CHO)|74.1 g
AP083|Serat (Fibre)|4.0 g
AP083|Abu (ASH)|0.8 g
AP083|Kalsium (Ca)|17 mg
AP083|Fosfor (P)|52 mg
AP083|Besi (Fe)|0.8 mg
AP083|Natrium (Na)|141 mg
AP083|Kalium (K)|12.0 mg
AP083|Tembaga (Cu)|0.40 mg
AP083|Seng (Zn)|0.3 mg
AP083|Retinol (Vit. A)|155 mcg
AP084|Air (Water)|74.6 g
AP084|Energi (Energy)|113 Kal
AP084|Protein (Protein)|3.0 g
AP084|Lemak (Fat)|3.2 g
AP084|Karbohidrat (CHO)|18.1 g
AP084|Abu (ASH)|1.1 g
AP084|Kalsium (Ca)|22 mg
AP084|Fosfor (P)|44 mg
AP084|Besi (Fe)|1.4 mg
AP084|Natrium (Na)|191 mg
AP084|Kalium (K)|36.0 mg
AP084|Tembaga (Cu)|0.20 mg
AP084|Seng (Zn)|0.3 mg
AP084|Retinol (Vit. A)|0 mcg
AP084|Beta-Karoten (Carotenes)|0 mcg
AP084|Thiamin (Vit. B1)|0.00 mg
AP084|Riboflavin (Vit. B2)|0.00 mg
AP084|Niasin (Niacin)|0.0 mg
AP084|Vitamin C (Vit. C)|0 mg
AP085|Air (Water)|78.6 g
AP085|Energi (Energy)|102 Kal
AP085|Protein (Protein)|6.2 g
AP085|Lemak (Fat)|3.9 g
AP085|Karbohidrat (CHO)|10.5 g
AP085|Abu (ASH)|0.8 g
AP085|Kalsium (Ca)|262 mg
AP085|Fosfor (P)|51 mg
AP085|Besi (Fe)|1.8 mg
AP085|Natrium (Na)|279 mg
AP085|Retinol (Vit. A)|39 mcg
AP085|Karoten Total (Re)|166 mcg
AP085|Thiamin (Vit. B1)|0.85 mg
AP085|Niasin (Niacin)|0.0 mg
AP085|Vitamin C (Vit. C)|0 mg
AP086|Air (Water)|74.5 g
AP086|Energi (Energy)|114 Kal
AP086|Protein (Protein)|5.3 g
AP086|Lemak (Fat)|3.0 g
AP086|Karbohidrat (CHO)|16.4 g
AP086|Serat (Fibre)|0.1 g
AP086|Abu (ASH)|0.8 g
AP086|Kalsium (Ca)|286 mg
AP086|Fosfor (P)|53 mg
AP086|Besi (Fe)|1.9 mg
AP086|Natrium (Na)|760 mg
AP086|Retinol (Vit. A)|17 mcg
AP086|Karoten Total (Re)|180 mcg
AP086|Thiamin (Vit. B1)|0.16 mg
AP086|Vitamin C (Vit. C)|0 mg
AP087|Air (Water)|75.9 g
AP087|Energi (Energy)|102 Kal
AP087|Protein (Protein)|3.0 g
AP087|Lemak (Fat)|2.1 g
AP087|Karbohidrat (CHO)|17.8 g
AP087|Abu (ASH)|1.2 g
AP087|Kalsium (Ca)|12 mg
AP087|Fosfor (P)|84 mg
AP087|Besi (Fe)|1.4 mg
AP087|Natrium (Na)|451 mg
AP087|Kalium (K)|112.0 mg
AP087|Tembaga (Cu)|0.10 mg
AP087|Seng (Zn)|0.5 mg
AP087|Retinol (Vit. A)|0 mcg
AP087|Beta-Karoten (Carotenes)|0 mcg
AP087|Thiamin (Vit. B1)|0.00 mg
AP087|Riboflavin (Vit. B2)|0.00 mg
AP087|Niasin (Niacin)|0.0 mg
AP087|Vitamin C (Vit. C)|0 mg
AP088|Air (Water)|79.2 g
AP088|Energi (Energy)|105 Kal
AP088|Protein (Protein)|5.9 g
AP088|Lemak (Fat)|4.9 g
AP088|Karbohidrat (CHO)|9.4 g
AP088|Abu (ASH)|0.7 g
AP088|Kalsium (Ca)|208 mg
AP088|Fosfor (P)|48 mg
AP088|Besi (Fe)|2.0 mg
AP088|Natrium (Na)|530 mg
AP088|Retinol (Vit. A)|25 mcg
AP088|Karoten Total (Re)|620 mcg
AP088|Thiamin (Vit. B1)|0.46 mg
AP088|Vitamin C (Vit. C)|0 mg
AP089|Air (Water)|61.4 g
AP089|Energi (Energy)|192 Kal
AP089|Protein (Protein)|3.8 g
AP089|Lemak (Fat)|8.8 g
AP089|Karbohidrat (CHO)|24.4 g
AP089|Serat (Fibre)|0.7 g
AP089|Abu (ASH)|1.6 g
AP089|Kalsium (Ca)|15 mg
AP089|Fosfor (P)|74 mg
AP089|Besi (Fe)|1.0 mg
AP089|Natrium (Na)|355 mg
AP089|Kalium (K)|63.0 mg
AP089|Tembaga (Cu)|0.20 mg
AP089|Seng (Zn)|1.4 mg
AP089|Retinol (Vit. A)|0 mcg
AP089|Beta-Karoten (Carotenes)|0 mcg
AP089|Thiamin (Vit. B1)|0.19 mg
AP089|Riboflavin (Vit. B2)|0.05 mg
AP089|Niasin (Niacin)|2.0 mg
AP089|Vitamin C (Vit. C)|0 mg
AP090|Air (Water)|60.5 g
AP090|Energi (Energy)|190 Kal
AP090|Protein (Protein)|4.7 g
AP090|Lemak (Fat)|7.5 g
AP090|Karbohidrat (CHO)|26.0 g
AP090|Serat (Fibre)|0.7 g
AP090|Abu (ASH)|1.3 g
AP090|Kalsium (Ca)|12 mg
AP090|Fosfor (P)|62 mg
AP090|Besi (Fe)|0.8 mg
AP090|Natrium (Na)|296 mg
AP090|Kalium (K)|52.0 mg
AP090|Tembaga (Cu)|0.20 mg
AP090|Seng (Zn)|1.2 mg
AP090|Retinol (Vit. A)|0 mcg
AP090|Beta-Karoten (Carotenes)|0 mcg
AP090|Thiamin (Vit. B1)|0.11 mg
AP090|Riboflavin (Vit. B2)|0.06 mg
AP090|Niasin (Niacin)|2.1 mg
AP090|Vitamin C (Vit. C)|0 mg
AP091|Air (Water)|53.3 g
AP091|Energi (Energy)|207 Kal
AP091|Protein (Protein)|3.5 g
AP091|Lemak (Fat)|5.0 g
AP091|Karbohidrat (CHO)|37.1 g
AP091|Serat (Fibre)|0.8 g
AP091|Abu (ASH)|1.1 g
AP091|Kalsium (Ca)|26 mg
AP091|Fosfor (P)|100 mg
AP091|Besi (Fe)|1.5 mg
AP091|Natrium (Na)|74 mg
AP091|Kalium (K)|174.0 mg
AP091|Tembaga (Cu)|0.20 mg
AP091|Seng (Zn)|2.2 mg
AP091|Retinol (Vit. A)|0 mcg
AP091|Beta-Karoten (Carotenes)|0 mcg
AP091|Thiamin (Vit. B1)|0.14 mg
AP091|Riboflavin (Vit. B2)|0.07 mg
AP091|Niasin (Niacin)|2.6 mg
AP091|Vitamin C (Vit. C)|0 mg
AP092|Air (Water)|65.8 g
AP092|Energi (Energy)|155 Kal
AP092|Protein (Protein)|10.3 g
AP092|Lemak (Fat)|4.2 g
AP092|Karbohidrat (CHO)|19.1 g
AP092|Abu (ASH)|0.6 g
AP092|Kalsium (Ca)|239 mg
AP092|Fosfor (P)|62 mg
AP092|Besi (Fe)|1.8 mg
AP092|Natrium (Na)|265 mg
AP092|Retinol (Vit. A)|96 mcg
AP092|Karoten Total (Re)|3,140 mcg
AP092|Thiamin (Vit. B1)|0.59 mg
AP092|Riboflavin (Vit. B2)|0.00 mg
AP093|Air (Water)|11.5 g
AP093|Energi (Energy)|387 Kal
AP093|Protein (Protein)|5.3 g
AP093|Lemak (Fat)|7.6 g
AP093|Karbohidrat (CHO)|74.3 g
AP093|Serat (Fibre)|0.3 g
AP093|Abu (ASH)|1.3 g
AP093|Kalsium (Ca)|903 mg
AP093|Fosfor (P)|133 mg
AP093|Besi (Fe)|4.2 mg
AP093|Karoten Total (Re)|512 mcg
AP093|Thiamin (Vit. B1)|0.17 mg
AP093|Vitamin C (Vit. C)|0 mg
AP094|Air (Water)|27.7 g
AP094|Energi (Energy)|336 Kal
AP094|Protein (Protein)|4.0 g
AP094|Lemak (Fat)|9.8 g
AP094|Karbohidrat (CHO)|57.9 g
AP094|Abu (ASH)|0.6 g
AP095|Air (Water)|67.6 g
AP095|Energi (Energy)|171 Kal
AP095|Protein (Protein)|3.9 g
AP095|Lemak (Fat)|8.9 g
AP095|Karbohidrat (CHO)|18.8 g
AP095|Abu (ASH)|0.8 g
AP096|Air (Water)|38.3 g
AP096|Energi (Energy)|307 Kal
AP096|Protein (Protein)|4.5 g
AP096|Lemak (Fat)|13.3 g
AP096|Karbohidrat (CHO)|42.4 g
AP096|Abu (ASH)|1.5 g
AP096|Kalsium (Ca)|296 mg
AP096|Fosfor (P)|53 mg
AP096|Besi (Fe)|2.5 mg
AP096|Retinol (Vit. A)|0 mcg
AP096|Karoten Total (Re)|5,360 mcg
AP096|Thiamin (Vit. B1)|0.15 mg
AP096|Vitamin C (Vit. C)|0 mg
AP097|Air (Water)|49.1 g
AP097|Energi (Energy)|216 Kal
AP097|Protein (Protein)|2.6 g
AP097|Lemak (Fat)|3.1 g
AP097|Karbohidrat (CHO)|44.4 g
AP097|Abu (ASH)|0.8 g
AP097|Kalsium (Ca)|6 mg
AP097|Fosfor (P)|70 mg
AP097|Besi (Fe)|3.8 mg
AP097|Natrium (Na)|100 mg
AP097|Kalium (K)|22.0 mg
AP097|Tembaga (Cu)|0.40 mg
AP097|Seng (Zn)|1.3 mg
AP097|Retinol (Vit. A)|0 mcg
AP097|Beta-Karoten (Carotenes)|0 mcg
AP097|Thiamin (Vit. B1)|0.14 mg
AP098|Air (Water)|77.8 g
AP098|Energi (Energy)|104 Kal
AP098|Protein (Protein)|1.9 g
AP098|Lemak (Fat)|4.1 g
AP098|Karbohidrat (CHO)|15.1 g
AP098|Serat (Fibre)|0.4 g
AP098|Abu (ASH)|1.1 g
AP098|Kalsium (Ca)|26 mg
AP098|Fosfor (P)|100 mg
AP098|Besi (Fe)|1.5 mg
AP098|Natrium (Na)|74 mg
AP098|Kalium (K)|174.0 mg
AP098|Tembaga (Cu)|0.00 mg
AP098|Seng (Zn)|0.0 mg
AP100|Air (Water)|66.6 g
AP100|Energi (Energy)|163 Kal
AP100|Protein (Protein)|2.2 g
AP100|Lemak (Fat)|6.5 g
AP100|Karbohidrat (CHO)|23.8 g
AP100|Abu (ASH)|0.9 g
AP100|Kalsium (Ca)|72 mg
AP100|Fosfor (P)|3 mg
AP100|Besi (Fe)|4.0 mg
AP100|Natrium (Na)|6 mg
AP100|Kalium (K)|68.0 mg
AP100|Retinol (Vit. A)|0 mcg
AP100|Beta-Karoten (Carotenes)|0 mcg
AP101|Air (Water)|50.7 g
AP101|Energi (Energy)|215 Kal
AP101|Protein (Protein)|3.3 g
AP101|Lemak (Fat)|4.1 g
AP101|Karbohidrat (CHO)|41.1 g
AP101|Abu (ASH)|0.8 g
AP102|Air (Water)|8.8 g
AP102|Energi (Energy)|471 Kal
AP102|Protein (Protein)|4.7 g
AP102|Lemak (Fat)|21.8 g
AP102|Karbohidrat (CHO)|64.1 g
AP102|Serat (Fibre)|6.4 g
AP102|Abu (ASH)|0.6 g
AP102|Kalsium (Ca)|4 mg
AP102|Fosfor (P)|80 mg
AP102|Besi (Fe)|1.1 mg
AP102|Natrium (Na)|126 mg
AP102|Kalium (K)|29.0 mg
AP102|Tembaga (Cu)|0.90 mg
AP102|Seng (Zn)|1.3 mg
AP102|Retinol (Vit. A)|0 mcg
AP102|Beta-Karoten (Carotenes)|0 mcg
AP102|Karoten Total (Re)|0 mcg
AP102|Thiamin (Vit. B1)|0.53 mg
AP102|Riboflavin (Vit. B2)|0.05 mg
AP102|Niasin (Niacin)|8.2 mg
AP102|Vitamin C (Vit. C)|0 mg
AP103|Air (Water)|34.0 g
AP103|Energi (Energy)|341 Kal
AP103|Protein (Protein)|5.5 g
AP103|Lemak (Fat)|16.2 g
AP103|Karbohidrat (CHO)|43.3 g
AP103|Abu (ASH)|1.0 g
AP103|Kalsium (Ca)|15 mg
AP103|Fosfor (P)|65 mg
AP103|Besi (Fe)|1.1 mg
AP103|Natrium (Na)|161 mg
AP103|Kalium (K)|41.0 mg
AP103|Seng (Zn)|0.9 mg
AP103|Thiamin (Vit. B1)|0.40 mg
AP103|Riboflavin (Vit. B2)|0.30 mg
AP103|Niasin (Niacin)|2.4 mg
AP103|Vitamin C (Vit. C)|0 mg
AP104|Air (Water)|40.0 g
AP104|Energi (Energy)|249 Kal
AP104|Protein (Protein)|7.9 g
AP104|Lemak (Fat)|1.5 g
AP104|Karbohidrat (CHO)|49.7 g
AP104|Abu (ASH)|0.9 g
AP104|Kalsium (Ca)|20 mg
AP104|Fosfor (P)|140 mg
AP104|Besi (Fe)|2.5 mg
AP104|Natrium (Na)|500 mg
AP104|Kalium (K)|91.0 mg
AP104|Retinol (Vit. A)|0 mcg
AP104|Beta-Karoten (Carotenes)|0 mcg
AP104|Karoten Total (Re)|0 mcg
AP104|Thiamin (Vit. B1)|0.15 mg
AP104|Vitamin C (Vit. C)|0 mg
AP105|Air (Water)|61.5 g
AP105|Energi (Energy)|166 Kal
AP105|Protein (Protein)|2.3 g
AP105|Lemak (Fat)|2.8 g
AP105|Karbohidrat (CHO)|32.9 g
AP105|Abu (ASH)|0.5 g
AP105|Kalsium (Ca)|36 mg
AP105|Fosfor (P)|13 mg
AP105|Besi (Fe)|2.0 mg
AP105|Natrium (Na)|3 mg
AP105|Kalium (K)|34.0 mg
AP105|Tembaga (Cu)|0.00 mg
AP105|Seng (Zn)|0.0 mg
AP106|Air (Water)|66.1 g
AP106|Energi (Energy)|139 Kal
AP106|Protein (Protein)|7.4 g
AP106|Lemak (Fat)|2.1 g
AP106|Karbohidrat (CHO)|22.6 g
AP106|Abu (ASH)|2.1 g
AP106|Kalsium (Ca)|109 mg
AP106|Fosfor (P)|53 mg
AP106|Besi (Fe)|4.7 mg
AP106|Retinol (Vit. A)|42 mcg
AP106|Karoten Total (Re)|940 mcg
AP106|Thiamin (Vit. B1)|0.35 mg
AP106|Vitamin C (Vit. C)|0 mg
AP107|Air (Water)|41.0 g
AP107|Energi (Energy)|265 Kal
AP107|Protein (Protein)|2.7 g
AP107|Lemak (Fat)|6.4 g
AP107|Karbohidrat (CHO)|49.1 g
AP107|Abu (ASH)|0.8 g
AP108|Air (Water)|63.4 g
AP108|Energi (Energy)|181 Kal
AP108|Protein (Protein)|1.9 g
AP108|Lemak (Fat)|1.3 g
AP108|Karbohidrat (CHO)|32.4 g
AP108|Abu (ASH)|1.0 g
AP109|Air (Water)|13.4 g
AP109|Energi (Energy)|347 Kal
AP109|Protein (Protein)|0.5 g
AP109|Lemak (Fat)|0.9 g
AP109|Karbohidrat (CHO)|84.2 g
AP109|Serat (Fibre)|0.8 g
AP109|Abu (ASH)|1.0 g
AP109|Kalsium (Ca)|42 mg
AP109|Fosfor (P)|40 mg
AP109|Besi (Fe)|4.3 mg
AP109|Retinol (Vit. A)|1 mcg
AP109|Karoten Total (Re)|240 mcg
AP109|Thiamin (Vit. B1)|0.13 mg
AP109|Niasin (Niacin)|0.9 mg
AP109|Vitamin C (Vit. C)|0 mg
AP110|Air (Water)|11.3 g
AP110|Energi (Energy)|355 Kal
AP110|Protein (Protein)|6.2 g
AP110|Lemak (Fat)|1.2 g
AP110|Karbohidrat (CHO)|79.8 g
AP110|Serat (Fibre)|1.3 g
AP110|Abu (ASH)|1.5 g
AP110|Kalsium (Ca)|17 mg
AP110|Fosfor (P)|328 mg
AP110|Besi (Fe)|1.6 mg
AP110|Retinol (Vit. A)|0 mcg
AP110|Beta-Karoten (Carotenes)|0 mcg
AP110|Karoten Total (Re)|0 mcg
AP110|Thiamin (Vit. B1)|0.26 mg
AP110|Riboflavin (Vit. B2)|0.04 mg
AP110|Niasin (Niacin)|1.5 mg
AP110|Vitamin C (Vit. C)|0 mg
AP111|Air (Water)|27.1 g
AP111|Energi (Energy)|303 Kal
AP111|Protein (Protein)|6.3 g
AP111|Lemak (Fat)|2.7 g
AP111|Karbohidrat (CHO)|63.3 g
AP111|Serat (Fibre)|6.9 g
AP111|Abu (ASH)|0.6 g
AP111|Kalsium (Ca)|61 mg
AP111|Fosfor (P)|302 mg
AP111|Besi (Fe)|5.5 mg
AP111|Retinol (Vit. A)|0 mcg
AP111|Karoten Total (Re)|0 mcg
AP111|Thiamin (Vit. B1)|0.03 mg
AP111|Vitamin C (Vit. C)|0 mg
AP112|Air (Water)|7.0 g
AP112|Energi (Energy)|424 Kal
AP112|Protein (Protein)|1.3 g
AP112|Lemak (Fat)|10.7 g
AP112|Karbohidrat (CHO)|80.7 g
AP112|Serat (Fibre)|0.2 g
AP112|Abu (ASH)|0.3 g
AP112|Kalsium (Ca)|49 mg
AP112|Fosfor (P)|88 mg
AP112|Besi (Fe)|2.5 mg
AP112|Retinol (Vit. A)|21 mcg
AP112|Karoten Total (Re)|440 mcg
AP112|Thiamin (Vit. B1)|0.13 mg
AP112|Riboflavin (Vit. B2)|0.20 mg
AP112|Niasin (Niacin)|2.2 mg
AP112|Vitamin C (Vit. C)|0 mg
AP113|Air (Water)|29.7 g
AP113|Energi (Energy)|355 Kal
AP113|Protein (Protein)|3.2 g
AP113|Lemak (Fat)|15.1 g
AP113|Karbohidrat (CHO)|51.4 g
AP113|Serat (Fibre)|2.4 g
AP113|Abu (ASH)|0.7 g
AP113|Kalsium (Ca)|47 mg
AP113|Fosfor (P)|63 mg
AP113|Besi (Fe)|1.1 mg
AP113|Retinol (Vit. A)|0 mcg
AP113|Karoten Total (Re)|0 mcg
AP113|Thiamin (Vit. B1)|0.08 mg
AP113|Riboflavin (Vit. B2)|0.08 mg
AP113|Niasin (Niacin)|0.0 mg
AP113|Vitamin C (Vit. C)|0 mg
AP114|Air (Water)|37.4 g
AP114|Energi (Energy)|254 Kal
AP114|Protein (Protein)|3.0 g
AP114|Lemak (Fat)|1.1 g
AP114|Karbohidrat (CHO)|58.1 g
AP114|Serat (Fibre)|0.8 g
AP114|Abu (ASH)|0.4 g
AP114|Kalsium (Ca)|184 mg
AP114|Fosfor (P)|24 mg
AP114|Besi (Fe)|2.6 mg
AP114|Retinol (Vit. A)|0 mcg
AP114|Karoten Total (Re)|96 mcg
AP114|Thiamin (Vit. B1)|0.15 mg
AP114|Niasin (Niacin)|0.0 mg
AP114|Vitamin C (Vit. C)|0 mg
AR001|Energi (Energy)|357 Kal
AR001|Protein (Protein)|8.4 g
AR001|Lemak (Fat)|1.7 g
AR001|Karbohidrat (CHO)|77.1 g
AR001|Serat (Fibre)|0.2 g
AR001|Abu (ASH)|0.8 g
AR001|Kalsium (Ca)|147 mg
AR001|Fosfor (P)|81 mg
AR001|Besi (Fe)|1.8 mg
AR001|Natrium (Na)|27 mg
AR001|Kalium (K)|71.0 mg
AR001|Tembaga (Cu)|0.10 mg
AR001|Seng (Zn)|0.5 mg
AR001|Retinol (Vit. A)|0 mcg
AR001|Beta-Karoten (Carotenes)|0 mcg
AR001|Karoten Total (Re)|0 mcg
AR001|Thiamin (Vit. B1)|0.20 mg
AR001|Riboflavin (Vit. B2)|0.08 mg
AR001|Niasin (Niacin)|2.6 mg
AR001|Vitamin C (Vit. C)|0 mg
AR002|Energi (Energy)|369 Kal
AR002|Protein (Protein)|9.5 g
AR002|Lemak (Fat)|1.4 g
AR002|Karbohidrat (CHO)|77.1 g
AR002|Serat (Fibre)|0.4 g
AR002|Abu (ASH)|0.6 g
AR002|Kalsium (Ca)|68 mg
AR002|Fosfor (P)|171 mg
AR002|Besi (Fe)|1.4 mg
AR002|Natrium (Na)|34 mg
AR002|Kalium (K)|0.0 mg
AR002|Tembaga (Cu)|0.00 mg
AR002|Seng (Zn)|0.0 mg
AR002|Retinol (Vit. A)|0 mcg
AR002|Beta-Karoten (Carotenes)|0 mcg
AR002|Karoten Total (Re)|0 mcg
AR002|Thiamin (Vit. B1)|0.26 mg
AR002|Riboflavin (Vit. B2)|0.00 mg
AR002|Niasin (Niacin)|0.0 mg
AR002|Vitamin C (Vit. C)|0 mg
AR003|Air (Water)|12.0 g
AR003|Energi (Energy)|357 Kal
AR003|Protein (Protein)|8.4 g
AR003|Lemak (Fat)|1.7 g
AR003|Karbohidrat (CHO)|77.1 g
AR003|Serat (Fibre)|0.2 g
AR003|Abu (ASH)|0.8 g
AR003|Kalsium (Ca)|147 mg
AR003|Fosfor (P)|81 mg
AR003|Besi (Fe)|1.8 mg
AR003|Natrium (Na)|34 mg
AR003|Kalium (K)|112.9 mg
AR003|Tembaga (Cu)|0.14 mg
AR003|Seng (Zn)|0.1 mg
AR003|Beta-Karoten (Carotenes)|0 mcg
AR003|Karoten Total (Re)|80 mcg
AR003|Thiamin (Vit. B1)|0.20 mg
AR003|Riboflavin (Vit. B2)|0.02 mg
AR003|Niasin (Niacin)|1.5 mg
AR003|Vitamin C (Vit. C)|0 mg
AR004|Air (Water)|12.9 g
AR004|Energi (Energy)|351 Kal
AR004|Protein (Protein)|8.0 g
AR004|Lemak (Fat)|1.3 g
AR004|Karbohidrat (CHO)|76.9 g
AR004|Serat (Fibre)|20.1 g
AR004|Abu (ASH)|0.9 g
AR004|Kalsium (Ca)|6 mg
AR004|Fosfor (P)|198 mg
AR004|Besi (Fe)|0.1 mg
AR004|Natrium (Na)|15 mg
AR004|Kalium (K)|105.0 mg
AR004|Tembaga (Cu)|0.10 mg
AR004|Seng (Zn)|1.6 mg
AR004|Retinol (Vit. A)|0 mcg
AR004|Beta-Karoten (Carotenes)|0 mcg
AR004|Karoten Total (Re)|0 mcg
AR004|Thiamin (Vit. B1)|0.21 mg
AR004|Riboflavin (Vit. B2)|0.06 mg
AR004|Niasin (Niacin)|0.0 mg
AR004|Vitamin C (Vit. C)|0 mg
AR005|Air (Water)|10.8 g
AR005|Energi (Energy)|358 Kal
AR005|Protein (Protein)|5.5 g
AR005|Lemak (Fat)|0.1 g
AR005|Karbohidrat (CHO)|82.7 g
AR005|Serat (Fibre)|10.0 g
AR005|Abu (ASH)|0.9 g
AR005|Kalsium (Ca)|20 mg
AR005|Fosfor (P)|90 mg
AR005|Besi (Fe)|1.4 mg
AR005|Natrium (Na)|1 mg
AR005|Kalium (K)|80.0 mg
AR005|Tembaga (Cu)|0.10 mg
AR005|Seng (Zn)|4.1 mg
AR005|Beta-Karoten (Carotenes)|641 mcg
AR005|Thiamin (Vit. B1)|0.12 mg
AR005|Riboflavin (Vit. B2)|0.08 mg
AR005|Niasin (Niacin)|1.0 mg
AR005|Vitamin C (Vit. C)|3 mg
AR006|Air (Water)|22.5 g
AR006|Energi (Energy)|307 Kal
AR006|Protein (Protein)|4.8 g
AR006|Lemak (Fat)|0.1 g
AR006|Karbohidrat (CHO)|71.8 g
AR006|Serat (Fibre)|10.0 g
AR006|Abu (ASH)|0.8 g
AR006|Kalsium (Ca)|17 mg
AR006|Fosfor (P)|78 mg
AR006|Besi (Fe)|1.2 mg
AR006|Natrium (Na)|1 mg
AR006|Kalium (K)|70.0 mg
AR006|Tembaga (Cu)|0.10 mg
AR006|Seng (Zn)|3.5 mg
AR006|Beta-Karoten (Carotenes)|301 mcg
AR006|Thiamin (Vit. B1)|0.15 mg
AR006|Riboflavin (Vit. B2)|0.07 mg
AR006|Niasin (Niacin)|0.9 mg
AR006|Vitamin C (Vit. C)|0 mg
AR007|Air (Water)|13.7 g
AR007|Energi (Energy)|360 Kal
AR007|Protein (Protein)|8.0 g
AR007|Lemak (Fat)|2.3 g
AR007|Karbohidrat (CHO)|74.5 g
AR007|Serat (Fibre)|1.0 g
AR007|Abu (ASH)|1.5 g
AR007|Kalsium (Ca)|10 mg
AR007|Fosfor (P)|347 mg
AR007|Besi (Fe)|6.2 mg
AR007|Natrium (Na)|11 mg
AR007|Kalium (K)|288.0 mg
AR007|Tembaga (Cu)|0.28 mg
AR007|Seng (Zn)|2.2 mg
AR007|Retinol (Vit. A)|0 mcg
AR007|Beta-Karoten (Carotenes)|0 mcg
AR007|Karoten Total (Re)|0 mcg
AR007|Thiamin (Vit. B1)|0.24 mg
AR007|Riboflavin (Vit. B2)|0.10 mg
AR007|Niasin (Niacin)|2.0 mg
AR007|Vitamin C (Vit. C)|0 mg
AR008|Air (Water)|12.9 g
AR008|Energi (Energy)|361 Kal
AR008|Protein (Protein)|7.4 g
AR008|Lemak (Fat)|0.8 g
AR008|Karbohidrat (CHO)|78.4 g
AR008|Serat (Fibre)|0.4 g
AR008|Abu (ASH)|0.5 g
AR008|Kalsium (Ca)|13 mg
AR008|Fosfor (P)|157 mg
AR008|Besi (Fe)|3.4 mg
AR008|Natrium (Na)|3 mg
AR008|Kalium (K)|282.0 mg
AR008|Tembaga (Cu)|0.28 mg
AR008|Seng (Zn)|2.2 mg
AR008|Retinol (Vit. A)|0 mcg
AR008|Beta-Karoten (Carotenes)|0 mcg
AR008|Karoten Total (Re)|0 mcg
AR008|Thiamin (Vit. B1)|0.28 mg
AR008|Riboflavin (Vit. B2)|0.00 mg
AR008|Niasin (Niacin)|1.4 mg
AR008|Vitamin C (Vit. C)|0 mg
AR009|Air (Water)|9.8 g
AR009|Energi (Energy)|376 Kal
AR009|Protein (Protein)|7.5 g
AR009|Lemak (Fat)|3.8 g
AR009|Karbohidrat (CHO)|78.0 g
AR009|Serat (Fibre)|5.9 g
AR009|Abu (ASH)|0.9 g
AR009|Kalsium (Ca)|20 mg
AR009|Fosfor (P)|110 mg
AR009|Besi (Fe)|0.8 mg
AR009|Natrium (Na)|10 mg
AR009|Kalium (K)|70.0 mg
AR009|Tembaga (Cu)|0.10 mg
AR009|Seng (Zn)|1.4 mg
AR009|Retinol (Vit. A)|0 mcg
AR009|Beta-Karoten (Carotenes)|0 mcg
AR009|Thiamin (Vit. B1)|0.20 mg
AR009|Riboflavin (Vit. B2)|0.20 mg
AR009|Niasin (Niacin)|5.1 mg
AR009|Vitamin C (Vit. C)|0 mg
AR010|Air (Water)|12.0 g
AR010|Energi (Energy)|362 Kal
AR010|Protein (Protein)|7.7 g
AR010|Lemak (Fat)|4.4 g
AR010|Karbohidrat (CHO)|73.0 g
AR010|Serat (Fibre)|0.2 g
AR010|Abu (ASH)|0.2 g
AR010|Kalsium (Ca)|22 mg
AR010|Fosfor (P)|272 mg
AR010|Besi (Fe)|3.7 mg
AR010|Natrium (Na)|90 mg
AR010|Kalium (K)|201.0 mg
AR010|Tembaga (Cu)|0.10 mg
AR010|Seng (Zn)|0.5 mg
AR010|Retinol (Vit. A)|0 mcg
AR010|Beta-Karoten (Carotenes)|0 mcg
AR010|Thiamin (Vit. B1)|0.55 mg
AR010|Riboflavin (Vit. B2)|0.00 mg
AR010|Niasin (Niacin)|1.9 mg
AR010|Vitamin C (Vit. C)|0 mg
AR011|Air (Water)|10.0 g
AR011|Energi (Energy)|353 Kal
AR011|Protein (Protein)|6.8 g
AR011|Lemak (Fat)|0.6 g
AR011|Karbohidrat (CHO)|80.0 g
AR011|Serat (Fibre)|0.5 g
AR011|Abu (ASH)|2.5 g
AR011|Kalsium (Ca)|5 mg
AR011|Fosfor (P)|142 mg
AR011|Besi (Fe)|0.8 mg
AR011|Natrium (Na)|2 mg
AR011|Kalium (K)|46.0 mg
AR011|Tembaga (Cu)|0.28 mg
AR011|Seng (Zn)|1.0 mg
AR011|Retinol (Vit. A)|0 mcg
AR011|Beta-Karoten (Carotenes)|0 mcg
AR011|Thiamin (Vit. B1)|0.22 mg
AR011|Riboflavin (Vit. B2)|0.11 mg
AR011|Niasin (Niacin)|3.4 mg
AR011|Vitamin C (Vit. C)|0 mg
AR012|Air (Water)|11.5 g
AR012|Energi (Energy)|354 Kal
AR012|Protein (Protein)|7.8 g
AR012|Lemak (Fat)|0.4 g
AR012|Karbohidrat (CHO)|79.9 g
AR012|Serat (Fibre)|3.8 g
AR012|Abu (ASH)|0.4 g
AR012|Kalsium (Ca)|3 mg
AR012|Fosfor (P)|112 mg
AR012|Besi (Fe)|0.6 mg
AR012|Natrium (Na)|5 mg
AR012|Kalium (K)|85.0 mg
AR012|Tembaga (Cu)|0.50 mg
AR012|Seng (Zn)|1.5 mg
AR012|Retinol (Vit. A)|0 mcg
AR012|Beta-Karoten (Carotenes)|0 mcg
AR012|Thiamin (Vit. B1)|0.25 mg
AR012|Riboflavin (Vit. B2)|0.22 mg
AR012|Niasin (Niacin)|5.1 mg
AR012|Vitamin C (Vit. C)|0 mg
AR013|Air (Water)|14.6 g
AR013|Energi (Energy)|352 Kal
AR013|Protein (Protein)|7.3 g
AR013|Lemak (Fat)|0.9 g
AR013|Karbohidrat (CHO)|76.2 g
AR013|Serat (Fibre)|0.8 g
AR013|Abu (ASH)|1.0 g
AR013|Kalsium (Ca)|15 mg
AR013|Fosfor (P)|257 mg
AR013|Besi (Fe)|4.2 mg
AR013|Natrium (Na)|10 mg
AR013|Kalium (K)|202.0 mg
AR013|Tembaga (Cu)|0.36 mg
AR013|Seng (Zn)|1.9 mg
AR013|Retinol (Vit. A)|0 mcg
AR013|Beta-Karoten (Carotenes)|0 mcg
AR013|Karoten Total (Re)|0 mcg
AR013|Thiamin (Vit. B1)|0.34 mg
AR013|Riboflavin (Vit. B2)|0.00 mg
AR013|Niasin (Niacin)|3.3 mg
AR013|Vitamin C (Vit. C)|0 mg
AR014|Air (Water)|11.0 g
AR014|Energi (Energy)|366 Kal
AR014|Protein (Protein)|11.0 g
AR014|Lemak (Fat)|3.3 g
AR014|Karbohidrat (CHO)|73.0 g
AR014|Serat (Fibre)|1.2 g
AR014|Abu (ASH)|1.7 g
AR014|Kalsium (Ca)|28 mg
AR014|Fosfor (P)|287 mg
AR014|Besi (Fe)|4.4 mg
AR014|Natrium (Na)|7 mg
AR014|Kalium (K)|249.0 mg
AR014|Retinol (Vit. A)|0 mcg
AR014|Beta-Karoten (Carotenes)|0 mcg
AR014|Thiamin (Vit. B1)|0.09 mg
AR014|Riboflavin (Vit. B2)|0.14 mg
AR014|Niasin (Niacin)|2.8 mg
AR014|Vitamin C (Vit. C)|0 mg
AR015|Air (Water)|61.8 g
AR015|Energi (Energy)|147 Kal
AR015|Protein (Protein)|5.1 g
AR015|Lemak (Fat)|0.7 g
AR015|Karbohidrat (CHO)|31.5 g
AR015|Serat (Fibre)|1.3 g
AR015|Abu (ASH)|0.9 g
AR015|Kalsium (Ca)|6 mg
AR015|Fosfor (P)|122 mg
AR015|Besi (Fe)|1.1 mg
AR015|Natrium (Na)|5 mg
AR015|Kalium (K)|33.6 mg
AR015|Tembaga (Cu)|0.13 mg
AR015|Seng (Zn)|0.9 mg
AR015|Retinol (Vit. A)|0 mcg
AR015|Beta-Karoten (Carotenes)|113 mcg
AR015|Karoten Total (Re)|261 mcg
AR015|Thiamin (Vit. B1)|0.24 mg
AR015|Riboflavin (Vit. B2)|0.10 mg
AR015|Niasin (Niacin)|0.8 mg
AR015|Vitamin C (Vit. C)|9 mg
AR016|Air (Water)|11.5 g
AR016|Energi (Energy)|366 Kal
AR016|Protein (Protein)|9.8 g
AR016|Lemak (Fat)|7.3 g
AR016|Karbohidrat (CHO)|69.1 g
AR016|Serat (Fibre)|2.2 g
AR016|Abu (ASH)|2.4 g
AR016|Kalsium (Ca)|30 mg
AR016|Fosfor (P)|538 mg
AR016|Besi (Fe)|2.3 mg
AR016|Natrium (Na)|5 mg
AR016|Kalium (K)|79.4 mg
AR016|Tembaga (Cu)|0.10 mg
AR016|Seng (Zn)|4.1 mg
AR016|Beta-Karoten (Carotenes)|636 mcg
AR016|Karoten Total (Re)|641 mcg
AR016|Thiamin (Vit. B1)|0.12 mg
AR016|Riboflavin (Vit. B2)|0.12 mg
AR016|Niasin (Niacin)|1.8 mg
AR016|Vitamin C (Vit. C)|3 mg
AR017|Air (Water)|11.3 g
AR017|Energi (Energy)|367 Kal
AR017|Protein (Protein)|6.2 g
AR017|Lemak (Fat)|5.1 g
AR017|Karbohidrat (CHO)|76.2 g
AR017|Serat (Fibre)|2.6 g
AR017|Abu (ASH)|1.2 g
AR017|Kalsium (Ca)|7 mg
AR017|Fosfor (P)|354 mg
AR017|Besi (Fe)|2.8 mg
AR017|Natrium (Na)|1 mg
AR017|Kalium (K)|79.6 mg
AR017|Tembaga (Cu)|0.10 mg
AR017|Seng (Zn)|4.1 mg
AR017|Beta-Karoten (Carotenes)|637 mcg
AR017|Karoten Total (Re)|385 mcg
AR017|Thiamin (Vit. B1)|0.19 mg
AR017|Riboflavin (Vit. B2)|0.08 mg
AR017|Niasin (Niacin)|1.0 mg
AR017|Vitamin C (Vit. C)|0 mg
AR018|Air (Water)|10.6 g
AR018|Energi (Energy)|368 Kal
AR018|Protein (Protein)|5.5 g
AR018|Lemak (Fat)|4.6 g
AR018|Karbohidrat (CHO)|78.0 g
AR018|Serat (Fibre)|2.9 g
AR018|Abu (ASH)|1.3 g
AR018|Kalsium (Ca)|7 mg
AR018|Fosfor (P)|300 mg
AR018|Besi (Fe)|2.4 mg
AR018|Natrium (Na)|1 mg
AR018|Kalium (K)|80.2 mg
AR018|Tembaga (Cu)|0.10 mg
AR018|Seng (Zn)|4.1 mg
AR018|Beta-Karoten (Carotenes)|642 mcg
AR018|Karoten Total (Re)|554 mcg
AR018|Thiamin (Vit. B1)|0.16 mg
AR018|Riboflavin (Vit. B2)|0.08 mg
AR018|Niasin (Niacin)|1.0 mg
AR018|Vitamin C (Vit. C)|0 mg
AR019|Air (Water)|23.0 g
AR019|Energi (Energy)|324 Kal
AR019|Protein (Protein)|11.0 g
AR019|Lemak (Fat)|4.0 g
AR019|Karbohidrat (CHO)|61.0 g
AR019|Serat (Fibre)|3.1 g
AR019|Abu (ASH)|1.0 g
AR019|Kalsium (Ca)|213 mg
AR019|Fosfor (P)|176 mg
AR019|Besi (Fe)|11.0 mg
AR019|Natrium (Na)|24 mg
AR019|Tembaga (Cu)|0.10 mg
AR019|Seng (Zn)|0.4 mg
AR019|Thiamin (Vit. B1)|0.14 mg
AR019|Riboflavin (Vit. B2)|0.08 mg
AR019|Niasin (Niacin)|1.8 mg
AR019|Vitamin C (Vit. C)|0 mg
AR020|Air (Water)|11.9 g
AR020|Energi (Energy)|364 Kal
AR020|Protein (Protein)|9.7 g
AR020|Lemak (Fat)|3.5 g
AR020|Karbohidrat (CHO)|73.4 g
AR020|Serat (Fibre)|8.2 g
AR020|Abu (ASH)|1.5 g
AR020|Kalsium (Ca)|28 mg
AR020|Fosfor (P)|311 mg
AR020|Besi (Fe)|5.3 mg
AR020|Natrium (Na)|7 mg
AR020|Kalium (K)|255.1 mg
AR020|Tembaga (Cu)|0.45 mg
AR020|Seng (Zn)|1.5 mg
AR020|Beta-Karoten (Carotenes)|33 mcg
AR020|Thiamin (Vit. B1)|0.33 mg
AR020|Riboflavin (Vit. B2)|0.28 mg
AR020|Niasin (Niacin)|4.5 mg
AR021|Air (Water)|11.7 g
AR021|Energi (Energy)|350 Kal
AR021|Protein (Protein)|6.2 g
AR021|Lemak (Fat)|1.4 g
AR021|Karbohidrat (CHO)|78.2 g
AR021|Serat (Fibre)|1.7 g
AR021|Abu (ASH)|2.5 g
AR021|Kalsium (Ca)|329 mg
AR021|Fosfor (P)|254 mg
AR021|Besi (Fe)|5.3 mg
AR021|Natrium (Na)|53 mg
AR021|Kalium (K)|396.7 mg
AR021|Tembaga (Cu)|0.70 mg
AR021|Seng (Zn)|1.6 mg
AR021|Beta-Karoten (Carotenes)|33 mcg
AR021|Thiamin (Vit. B1)|0.51 mg
AR021|Riboflavin (Vit. B2)|0.30 mg
AR021|Niasin (Niacin)|0.7 mg
AR021|Vitamin C (Vit. C)|0 mg
BP001|Air (Water)|73.2 g
BP001|Energi (Energy)|110 Kal
BP001|Protein (Protein)|1.4 g
BP001|Lemak (Fat)|1.1 g
BP001|Karbohidrat (CHO)|23.4 g
BP001|Serat (Fibre)|4.5 g
BP001|Abu (ASH)|0.7 g
BP001|Kalsium (Ca)|1 mg
BP001|Fosfor (P)|46 mg
BP001|Besi (Fe)|0.2 mg
BP001|Natrium (Na)|12 mg
BP001|Kalium (K)|230.0 mg
BP001|Tembaga (Cu)|0.20 mg
BP001|Seng (Zn)|0.3 mg
BP001|Retinol (Vit. A)|0 mcg
BP001|Beta-Karoten (Carotenes)|0 mcg
BP001|Karoten Total (Re)|0 mcg
BP001|Thiamin (Vit. B1)|1.13 mg
BP001|Riboflavin (Vit. B2)|0.00 mg
BP001|Niasin (Niacin)|0.0 mg
BP001|Vitamin C (Vit. C)|0 mg
BP002|Air (Water)|75.7 g
BP002|Energi (Energy)|92 Kal
BP002|Protein (Protein)|1.2 g
BP002|Lemak (Fat)|0.3 g
BP002|Karbohidrat (CHO)|21.0 g
BP002|Serat (Fibre)|4.1 g
BP002|Abu (ASH)|1.8 g
BP002|Kalsium (Ca)|0 mg
BP002|Fosfor (P)|42 mg
BP002|Besi (Fe)|0.2 mg
BP002|Natrium (Na)|10 mg
BP002|Kalium (K)|209.0 mg
BP002|Tembaga (Cu)|0.20 mg
BP002|Seng (Zn)|0.3 mg
BP002|Retinol (Vit. A)|0 mcg
BP002|Beta-Karoten (Carotenes)|0 mcg
BP002|Karoten Total (Re)|0 mcg
BP002|Thiamin (Vit. B1)|0.28 mg
BP002|Riboflavin (Vit. B2)|0.00 mg
BP002|Niasin (Niacin)|0.7 mg
BP002|Vitamin C (Vit. C)|0 mg
BP003|Air (Water)|53.2 g
BP003|Energi (Energy)|182 Kal
BP003|Protein (Protein)|2.4 g
BP003|Lemak (Fat)|0.4 g
BP003|Karbohidrat (CHO)|42.2 g
BP003|Serat (Fibre)|9.2 g
BP003|Abu (ASH)|1.8 g
BP003|Kalsium (Ca)|1 mg
BP003|Fosfor (P)|80 mg
BP003|Besi (Fe)|0.3 mg
BP003|Natrium (Na)|20 mg
BP003|Kalium (K)|402.0 mg
BP003|Tembaga (Cu)|0.30 mg
BP003|Seng (Zn)|0.6 mg
BP003|Retinol (Vit. A)|0 mcg
BP003|Beta-Karoten (Carotenes)|0 mcg
BP003|Karoten Total (Re)|0 mcg
BP003|Thiamin (Vit. B1)|0.27 mg
BP003|Riboflavin (Vit. B2)|0.00 mg
BP003|Niasin (Niacin)|1.3 mg
BP003|Vitamin C (Vit. C)|0 mg
BP004|Air (Water)|63.1 g
BP004|Energi (Energy)|145 Kal
BP004|Protein (Protein)|1.2 g
BP004|Lemak (Fat)|0.4 g
BP004|Karbohidrat (CHO)|34.2 g
BP004|Serat (Fibre)|1.0 g
BP004|Abu (ASH)|1.1 g
BP004|Kalsium (Ca)|21 mg
BP004|Fosfor (P)|48 mg
BP004|Besi (Fe)|0.9 mg
BP004|Natrium (Na)|7 mg
BP004|Kalium (K)|552.6 mg
BP004|Tembaga (Cu)|0.20 mg
BP004|Seng (Zn)|0.9 mg
BP004|Retinol (Vit. A)|0 mcg
BP004|Beta-Karoten (Carotenes)|0 mcg
BP004|Karoten Total (Re)|0 mcg
BP004|Thiamin (Vit. B1)|0.08 mg
BP004|Riboflavin (Vit. B2)|0.10 mg
BP004|Niasin (Niacin)|2.3 mg
BP004|Vitamin C (Vit. C)|1 mg
BP005|Air (Water)|81.1 g
BP005|Energi (Energy)|71 Kal
BP005|Protein (Protein)|2.3 g
BP005|Lemak (Fat)|0.3 g
BP005|Karbohidrat (CHO)|15.4 g
BP005|Serat (Fibre)|0.5 g
BP005|Abu (ASH)|0.9 g
BP005|Kalsium (Ca)|29 mg
BP005|Fosfor (P)|26 mg
BP005|Besi (Fe)|0.6 mg
BP005|Kalium (K)|201.0 mg
BP005|Tembaga (Cu)|0.20 mg
BP005|Seng (Zn)|0.6 mg
BP005|Retinol (Vit. A)|0 mcg
BP005|Beta-Karoten (Carotenes)|0 mcg
BP005|Karoten Total (Re)|0 mcg
BP005|Thiamin (Vit. B1)|0.06 mg
BP005|Riboflavin (Vit. B2)|0.00 mg
BP005|Niasin (Niacin)|0.0 mg
BP005|Vitamin C (Vit. C)|21 mg
BP006|Air (Water)|77.4 g
BP006|Energi (Energy)|88 Kal
BP006|Protein (Protein)|0.6 g
BP006|Lemak (Fat)|0.3 g
BP006|Karbohidrat (CHO)|20.9 g
BP006|Serat (Fibre)|0.9 g
BP006|Abu (ASH)|0.8 g
BP006|Kalsium (Ca)|26 mg
BP006|Fosfor (P)|47 mg
BP006|Besi (Fe)|0.4 mg
BP006|Natrium (Na)|6 mg
BP006|Kalium (K)|584.0 mg
BP006|Tembaga (Cu)|0.20 mg
BP006|Seng (Zn)|0.2 mg
BP006|Retinol (Vit. A)|0 mcg
BP006|Beta-Karoten (Carotenes)|0 mcg
BP006|Karoten Total (Re)|0 mcg
BP006|Thiamin (Vit. B1)|0.03 mg
BP006|Riboflavin (Vit. B2)|0.00 mg
BP006|Niasin (Niacin)|0.4 mg
BP006|Vitamin C (Vit. C)|0 mg
BP007|Air (Water)|74.1 g
BP007|Energi (Energy)|100 Kal
BP007|Protein (Protein)|0.8 g
BP007|Lemak (Fat)|0.2 g
BP007|Karbohidrat (CHO)|23.8 g
BP007|Serat (Fibre)|0.9 g
BP007|Abu (ASH)|1.1 g
BP007|Kalsium (Ca)|15 mg
BP007|Fosfor (P)|65 mg
BP007|Besi (Fe)|0.9 mg
BP007|Retinol (Vit. A)|0 mcg
BP007|Beta-Karoten (Carotenes)|0 mcg
BP007|Karoten Total (Re)|0 mcg
BP007|Thiamin (Vit. B1)|0.04 mg
BP007|Vitamin C (Vit. C)|6 mg
BP008|Air (Water)|61.5 g
BP008|Energi (Energy)|153 Kal
BP008|Protein (Protein)|1.2 g
BP008|Lemak (Fat)|0.3 g
BP008|Karbohidrat (CHO)|36.4 g
BP008|Serat (Fibre)|1.3 g
BP008|Abu (ASH)|0.6 g
BP008|Kalsium (Ca)|56 mg
BP008|Fosfor (P)|22 mg
BP008|Besi (Fe)|0.4 mg
BP008|Natrium (Na)|2 mg
BP008|Kalium (K)|345.3 mg
BP008|Tembaga (Cu)|0.30 mg
BP008|Seng (Zn)|0.1 mg
BP008|Retinol (Vit. A)|0 mcg
BP008|Beta-Karoten (Carotenes)|0 mcg
BP008|Karoten Total (Re)|0 mcg
BP008|Thiamin (Vit. B1)|0.00 mg
BP008|Riboflavin (Vit. B2)|0.00 mg
BP008|Niasin (Niacin)|0.3 mg
BP008|Vitamin C (Vit. C)|20 mg
BP009|Air (Water)|75.5 g
BP009|Energi (Energy)|93 Kal
BP009|Protein (Protein)|1.5 g
BP009|Lemak (Fat)|0.1 g
BP009|Karbohidrat (CHO)|21.9 g
BP009|Serat (Fibre)|0.9 g
BP009|Abu (ASH)|1.0 g
BP009|Kalsium (Ca)|50 mg
BP009|Fosfor (P)|58 mg
BP009|Besi (Fe)|0.8 mg
BP009|Natrium (Na)|6 mg
BP009|Kalium (K)|350.3 mg
BP009|Tembaga (Cu)|0.10 mg
BP009|Seng (Zn)|0.1 mg
BP009|Retinol (Vit. A)|0 mcg
BP009|Beta-Karoten (Carotenes)|0 mcg
BP009|Karoten Total (Re)|283 mcg
BP009|Thiamin (Vit. B1)|0.09 mg
BP009|Riboflavin (Vit. B2)|0.00 mg
BP009|Niasin (Niacin)|0.3 mg
BP009|Vitamin C (Vit. C)|0 mg
BP010|Air (Water)|69.2 g
BP010|Energi (Energy)|120 Kal
BP010|Protein (Protein)|1.5 g
BP010|Lemak (Fat)|0.3 g
BP010|Karbohidrat (CHO)|28.2 g
BP010|Serat (Fibre)|0.7 g
BP010|Abu (ASH)|0.8 g
BP010|Kalsium (Ca)|31 mg
BP010|Fosfor (P)|63 mg
BP010|Besi (Fe)|0.7 mg
BP010|Natrium (Na)|11 mg
BP010|Kalium (K)|498.0 mg
BP010|Tembaga (Cu)|0.20 mg
BP010|Seng (Zn)|0.6 mg
BP010|Retinol (Vit. A)|0 mcg
BP010|Beta-Karoten (Carotenes)|0 mcg
BP010|Karoten Total (Re)|0 mcg
BP010|Thiamin (Vit. B1)|0.05 mg
BP010|Riboflavin (Vit. B2)|0.60 mg
BP010|Niasin (Niacin)|0.8 mg
BP010|Vitamin C (Vit. C)|2 mg
BP011|Air (Water)|74.2 g
BP011|Energi (Energy)|100 Kal
BP011|Protein (Protein)|0.7 g
BP011|Lemak (Fat)|0.3 g
BP011|Karbohidrat (CHO)|23.8 g
BP011|Serat (Fibre)|1.0 g
BP011|Abu (ASH)|1.0 g
BP011|Kalsium (Ca)|44 mg
BP011|Fosfor (P)|46 mg
BP011|Besi (Fe)|0.4 mg
BP011|Natrium (Na)|3 mg
BP011|Kalium (K)|0.8 mg
BP011|Tembaga (Cu)|0.10 mg
BP011|Seng (Zn)|0.2 mg
BP011|Retinol (Vit. A)|0 mcg
BP011|Beta-Karoten (Carotenes)|819 mcg
BP011|Karoten Total (Re)|4,427 mcg
BP011|Thiamin (Vit. B1)|0.00 mg
BP011|Riboflavin (Vit. B2)|0.10 mg
BP011|Niasin (Niacin)|0.6 mg
BP011|Vitamin C (Vit. C)|16 mg
BP012|Air (Water)|58.5 g
BP012|Energi (Energy)|165 Kal
BP012|Protein (Protein)|0.9 g
BP012|Lemak (Fat)|0.2 g
BP012|Karbohidrat (CHO)|39.8 g
BP012|Serat (Fibre)|1.1 g
BP012|Abu (ASH)|0.6 g
BP012|Kalsium (Ca)|20 mg
BP012|Fosfor (P)|23 mg
BP012|Besi (Fe)|0.8 mg
BP012|Natrium (Na)|1 mg
BP012|Kalium (K)|0.9 mg
BP012|Tembaga (Cu)|0.10 mg
BP012|Seng (Zn)|0.2 mg
BP012|Retinol (Vit. A)|0 mcg
BP012|Beta-Karoten (Carotenes)|0 mcg
BP012|Karoten Total (Re)|0 mcg
BP012|Thiamin (Vit. B1)|0.02 mg
BP012|Riboflavin (Vit. B2)|0.10 mg
BP012|Niasin (Niacin)|0.5 mg
BP012|Vitamin C (Vit. C)|0 mg
BP013|Air (Water)|3.5 g
BP013|Energi (Energy)|450 Kal
BP013|Protein (Protein)|3.2 g
BP013|Lemak (Fat)|13.9 g
BP013|Karbohidrat (CHO)|78.1 g
BP013|Abu (ASH)|1.3 g
BP013|Kalsium (Ca)|38 mg
BP013|Fosfor (P)|38 mg
BP013|Besi (Fe)|0.3 mg
BP013|Natrium (Na)|74 mg
BP013|Kalium (K)|0.0 mg
BP013|Tembaga (Cu)|0.20 mg
BP013|Seng (Zn)|0.2 mg
BP013|Retinol (Vit. A)|0 mcg
BP013|Beta-Karoten (Carotenes)|0 mcg
BP013|Karoten Total (Re)|0 mcg
BP013|Thiamin (Vit. B1)|0.30 mg
BP013|Riboflavin (Vit. B2)|0.00 mg
BP013|Niasin (Niacin)|0.0 mg
BP013|Vitamin C (Vit. C)|0 mg
BP014|Air (Water)|3.0 g
BP014|Energi (Energy)|452 Kal
BP014|Protein (Protein)|1.3 g
BP014|Lemak (Fat)|13.8 g
BP014|Karbohidrat (CHO)|80.6 g
BP014|Abu (ASH)|1.3 g
BP014|Kalsium (Ca)|38 mg
BP014|Fosfor (P)|39 mg
BP014|Besi (Fe)|0.3 mg
BP014|Natrium (Na)|75 mg
BP014|Kalium (K)|0.0 mg
BP014|Tembaga (Cu)|0.20 mg
BP014|Seng (Zn)|0.2 mg
BP014|Retinol (Vit. A)|0 mcg
BP014|Beta-Karoten (Carotenes)|0 mcg
BP014|Karoten Total (Re)|0 mcg
BP014|Thiamin (Vit. B1)|0.00 mg
BP014|Riboflavin (Vit. B2)|0.00 mg
BP014|Niasin (Niacin)|0.0 mg
BP014|Vitamin C (Vit. C)|0 mg
BP015|Air (Water)|2.8 g
BP015|Energi (Energy)|529 Kal
BP015|Protein (Protein)|3.2 g
BP015|Lemak (Fat)|29.1 g
BP015|Karbohidrat (CHO)|63.6 g
BP015|Abu (ASH)|1.3 g
BP015|Kalsium (Ca)|38 mg
BP015|Fosfor (P)|40 mg
BP015|Besi (Fe)|0.4 mg
BP015|Natrium (Na)|74 mg
BP015|Kalium (K)|0.0 mg
BP015|Tembaga (Cu)|0.20 mg
BP015|Seng (Zn)|0.2 mg
BP015|Retinol (Vit. A)|0 mcg
BP015|Beta-Karoten (Carotenes)|0 mcg
BP015|Karoten Total (Re)|0 mcg
BP015|Thiamin (Vit. B1)|0.30 mg
BP015|Riboflavin (Vit. B2)|0.00 mg
BP015|Niasin (Niacin)|0.0 mg
BP015|Vitamin C (Vit. C)|0 mg
BP016|Air (Water)|3.1 g
BP016|Energi (Energy)|523 Kal
BP016|Protein (Protein)|3.2 g
BP016|Lemak (Fat)|28.2 g
BP016|Karbohidrat (CHO)|64.2 g
BP016|Abu (ASH)|1.3 g
BP016|Kalsium (Ca)|38 mg
BP016|Fosfor (P)|39 mg
BP016|Besi (Fe)|0.3 mg
BP016|Natrium (Na)|74 mg
BP016|Kalium (K)|0.0 mg
BP016|Tembaga (Cu)|0.20 mg
BP016|Seng (Zn)|0.2 mg
BP016|Retinol (Vit. A)|0 mcg
BP016|Beta-Karoten (Carotenes)|0 mcg
BP016|Karoten Total (Re)|0 mcg
BP016|Thiamin (Vit. B1)|0.30 mg
BP016|Riboflavin (Vit. B2)|0.00 mg
BP016|Niasin (Niacin)|0.0 mg
BP016|Vitamin C (Vit. C)|0 mg
BP017|Air (Water)|7.2 g
BP017|Energi (Energy)|416 Kal
BP017|Protein (Protein)|6.5 g
BP017|Lemak (Fat)|9.4 g
BP017|Karbohidrat (CHO)|76.3 g
BP017|Serat (Fibre)|0.4 g
BP017|Abu (ASH)|0.6 g
BP017|Kalsium (Ca)|49 mg
BP017|Fosfor (P)|77 mg
BP017|Besi (Fe)|4.9 mg
BP017|Retinol (Vit. A)|13 mcg
BP017|Karoten Total (Re)|312 mcg
BP017|Thiamin (Vit. B1)|0.08 mg
BP017|Niasin (Niacin)|2.6 mg
BP017|Vitamin C (Vit. C)|0 mg
BP018|Air (Water)|7.9 g
BP018|Energi (Energy)|382 Kal
BP018|Protein (Protein)|0.3 g
BP018|Lemak (Fat)|3.5 g
BP018|Karbohidrat (CHO)|87.2 g
BP018|Serat (Fibre)|0.9 g
BP018|Abu (ASH)|1.1 g
BP018|Kalsium (Ca)|172 mg
BP018|Fosfor (P)|120 mg
BP018|Besi (Fe)|7.6 mg
BP018|Retinol (Vit. A)|0 mcg
BP018|Beta-Karoten (Carotenes)|0 mcg
BP018|Karoten Total (Re)|0 mcg
BP018|Thiamin (Vit. B1)|0.02 mg
BP018|Vitamin C (Vit. C)|0 mg
BP019|Air (Water)|11.3 g
BP019|Energi (Energy)|350 Kal
BP019|Protein (Protein)|2.7 g
BP019|Lemak (Fat)|1.1 g
BP019|Karbohidrat (CHO)|82.3 g
BP019|Serat (Fibre)|6.2 g
BP019|Abu (ASH)|2.6 g
BP019|Kalsium (Ca)|28 mg
BP019|Fosfor (P)|351 mg
BP019|Besi (Fe)|2.9 mg
BP019|Natrium (Na)|358 mg
BP019|Kalium (K)|568.0 mg
BP019|Tembaga (Cu)|0.20 mg
BP019|Seng (Zn)|0.9 mg
BP019|Beta-Karoten (Carotenes)|0 mcg
BP019|Karoten Total (Re)|0 mcg
BP019|Thiamin (Vit. B1)|0.02 mg
BP019|Riboflavin (Vit. B2)|0.20 mg
BP019|Niasin (Niacin)|0.3 mg
BP019|Vitamin C (Vit. C)|0 mg
BP020|Air (Water)|9.3 g
BP020|Energi (Energy)|364 Kal
BP020|Protein (Protein)|3.4 g
BP020|Lemak (Fat)|0.7 g
BP020|Karbohidrat (CHO)|86.3 g
BP020|Serat (Fibre)|4.7 g
BP020|Abu (ASH)|0.5 g
BP020|Kalsium (Ca)|4 mg
BP020|Fosfor (P)|47 mg
BP020|Besi (Fe)|5.0 mg
BP020|Natrium (Na)|4 mg
BP020|Kalium (K)|72.2 mg
BP020|Tembaga (Cu)|0.20 mg
BP020|Seng (Zn)|0.6 mg
BP020|Beta-Karoten (Carotenes)|1 mcg
BP020|Karoten Total (Re)|0 mcg
BP020|Thiamin (Vit. B1)|0.02 mg
BP020|Riboflavin (Vit. B2)|0.02 mg
BP020|Niasin (Niacin)|0.3 mg
BP020|Vitamin C (Vit. C)|0 mg
BP021|Air (Water)|13.5 g
BP021|Energi (Energy)|344 Kal
BP021|Protein (Protein)|1.1 g
BP021|Lemak (Fat)|0.2 g
BP021|Karbohidrat (CHO)|28.3 g
BP021|Serat (Fibre)|5.6 g
BP021|Abu (ASH)|0.7 g
BP021|Kalsium (Ca)|32 mg
BP021|Fosfor (P)|22 mg
BP021|Besi (Fe)|5.6 mg
BP021|Natrium (Na)|106 mg
BP021|Kalium (K)|77.9 mg
BP021|Tembaga (Cu)|0.10 mg
BP021|Seng (Zn)|0.5 mg
BP021|Beta-Karoten (Carotenes)|0 mcg
BP021|Karoten Total (Re)|0 mcg
BP021|Thiamin (Vit. B1)|0.02 mg
BP021|Riboflavin (Vit. B2)|0.10 mg
BP021|Niasin (Niacin)|0.2 mg
BP021|Vitamin C (Vit. C)|0 mg
BP022|Air (Water)|40.5 g
BP022|Energi (Energy)|262 Kal
BP022|Protein (Protein)|2.3 g
BP022|Lemak (Fat)|5.4 g
BP022|Karbohidrat (CHO)|51.1 g
BP022|Serat (Fibre)|8.0 g
BP022|Abu (ASH)|0.7 g
BP022|Kalsium (Ca)|60 mg
BP022|Fosfor (P)|80 mg
BP022|Besi (Fe)|0.8 mg
BP022|Natrium (Na)|10 mg
BP022|Kalium (K)|2.0 mg
BP022|Tembaga (Cu)|0.60 mg
BP022|Seng (Zn)|2.0 mg
BP022|Retinol (Vit. A)|0 mcg
BP022|Beta-Karoten (Carotenes)|1,667 mcg
BP022|Thiamin (Vit. B1)|0.10 mg
BP022|Riboflavin (Vit. B2)|1.00 mg
BP022|Vitamin C (Vit. C)|10 mg
BP023|Air (Water)|62.5 g
BP023|Energi (Energy)|167 Kal
BP023|Protein (Protein)|0.2 g
BP023|Lemak (Fat)|4.0 g
BP023|Karbohidrat (CHO)|33.0 g
BP023|Abu (ASH)|0.3 g
BP023|Kalsium (Ca)|3 mg
BP023|Fosfor (P)|3 mg
BP023|Besi (Fe)|0.1 mg
BP023|Natrium (Na)|7 mg
BP023|Kalium (K)|0.0 mg
BP023|Tembaga (Cu)|0.10 mg
BP023|Seng (Zn)|0.1 mg
BP023|Retinol (Vit. A)|0 mcg
BP023|Beta-Karoten (Carotenes)|0 mcg
BP023|Karoten Total (Re)|0 mcg
BP023|Thiamin (Vit. B1)|9.00 mg
BP023|Niasin (Niacin)|0.1 mg
BP023|Vitamin C (Vit. C)|0 mg
BP024|Air (Water)|5.6 g
BP024|Energi (Energy)|460 Kal
BP024|Protein (Protein)|0.8 g
BP024|Lemak (Fat)|18.7 g
BP024|Karbohidrat (CHO)|17.2 g
BP024|Serat (Fibre)|1.6 g
BP024|Abu (ASH)|2.7 g
BP024|Kalsium (Ca)|144 mg
BP024|Fosfor (P)|58 mg
BP024|Besi (Fe)|7.5 mg
BP024|Retinol (Vit. A)|0 mcg
BP024|Karoten Total (Re)|107 mcg
BP024|Thiamin (Vit. B1)|0.19 mg
BP024|Riboflavin (Vit. B2)|0.07 mg
BP024|Niasin (Niacin)|0.1 mg
BP024|Vitamin C (Vit. C)|0 mg
BP025|Air (Water)|7.2 g
BP025|Energi (Energy)|462 Kal
BP025|Protein (Protein)|1.2 g
BP025|Lemak (Fat)|20.7 g
BP025|Karbohidrat (CHO)|67.7 g
BP025|Serat (Fibre)|0.6 g
BP025|Abu (ASH)|3.2 g
BP025|Kalsium (Ca)|1,248 mg
BP025|Fosfor (P)|172 mg
BP025|Besi (Fe)|8.8 mg
BP025|Retinol (Vit. A)|0 mcg
BP025|Karoten Total (Re)|152 mcg
BP025|Thiamin (Vit. B1)|0.29 mg
BP025|Riboflavin (Vit. B2)|0.02 mg
BP025|Niasin (Niacin)|0.5 mg
BP025|Vitamin C (Vit. C)|0 mg
BP026|Air (Water)|12.8 g
BP026|Energi (Energy)|347 Kal
BP026|Protein (Protein)|1.3 g
BP026|Lemak (Fat)|0.7 g
BP026|Karbohidrat (CHO)|83.8 g
BP026|Serat (Fibre)|5.8 g
BP026|Abu (ASH)|1.4 g
BP026|Kalsium (Ca)|78 mg
BP026|Fosfor (P)|44 mg
BP026|Besi (Fe)|17.1 mg
BP026|Natrium (Na)|28 mg
BP026|Kalium (K)|242.0 mg
BP026|Tembaga (Cu)|0.20 mg
BP026|Seng (Zn)|0.7 mg
BP026|Beta-Karoten (Carotenes)|0 mcg
BP026|Karoten Total (Re)|0 mcg
BP026|Thiamin (Vit. B1)|0.02 mg
BP026|Riboflavin (Vit. B2)|0.10 mg
BP026|Niasin (Niacin)|0.4 mg
BP026|Vitamin C (Vit. C)|0 mg
BP027|Air (Water)|52.1 g
BP027|Energi (Energy)|195 Kal
BP027|Protein (Protein)|0.4 g
BP027|Lemak (Fat)|1.7 g
BP027|Karbohidrat (CHO)|44.4 g
BP027|Serat (Fibre)|3.6 g
BP027|Abu (ASH)|1.4 g
BP027|Kalsium (Ca)|35 mg
BP027|Fosfor (P)|13 mg
BP027|Besi (Fe)|0.6 mg
BP027|Natrium (Na)|353 mg
BP027|Kalium (K)|125.0 mg
BP027|Tembaga (Cu)|0.30 mg
BP027|Seng (Zn)|0.3 mg
BP027|Beta-Karoten (Carotenes)|0 mcg
BP027|Karoten Total (Re)|0 mcg
BP027|Thiamin (Vit. B1)|0.02 mg
BP027|Riboflavin (Vit. B2)|0.00 mg
BP027|Niasin (Niacin)|0.1 mg
BP027|Vitamin C (Vit. C)|0 mg
BP028|Air (Water)|16.5 g
BP028|Energi (Energy)|360 Kal
BP028|Protein (Protein)|1.3 g
BP028|Lemak (Fat)|6.4 g
BP028|Karbohidrat (CHO)|74.3 g
BP028|Serat (Fibre)|0.8 g
BP028|Abu (ASH)|1.5 g
BP028|Kalsium (Ca)|59 mg
BP028|Fosfor (P)|81 mg
BP028|Besi (Fe)|3.2 mg
BP028|Retinol (Vit. A)|0 mcg
BP028|Beta-Karoten (Carotenes)|0 mcg
BP028|Karoten Total (Re)|0 mcg
BP028|Thiamin (Vit. B1)|0.21 mg
BP028|Niasin (Niacin)|0.1 mg
BP028|Vitamin C (Vit. C)|0 mg
BP029|Air (Water)|49.8 g
BP029|Energi (Energy)|204 Kal
BP029|Protein (Protein)|0.5 g
BP029|Lemak (Fat)|1.4 g
BP029|Karbohidrat (CHO)|47.4 g
BP029|Serat (Fibre)|0.8 g
BP029|Abu (ASH)|1.1 g
BP029|Kalsium (Ca)|97 mg
BP029|Fosfor (P)|52 mg
BP029|Besi (Fe)|1.5 mg
BP029|Retinol (Vit. A)|0 mcg
BP029|Karoten Total (Re)|208 mcg
BP029|Thiamin (Vit. B1)|0.08 mg
BP029|Niasin (Niacin)|0.1 mg
BP029|Vitamin C (Vit. C)|0 mg
BP030|Air (Water)|47.5 g
BP030|Energi (Energy)|218 Kal
BP030|Protein (Protein)|0.5 g
BP030|Lemak (Fat)|2.5 g
BP030|Karbohidrat (CHO)|48.5 g
BP030|Serat (Fibre)|3.1 g
BP030|Abu (ASH)|1.0 g
BP030|Kalsium (Ca)|50 mg
BP030|Fosfor (P)|25 mg
BP030|Besi (Fe)|2.8 mg
BP030|Karoten Total (Re)|0 mcg
BP030|Thiamin (Vit. B1)|0.19 mg
BP030|Vitamin C (Vit. C)|0 mg
BP031|Air (Water)|58.9 g
BP031|Energi (Energy)|250 Kal
BP031|Protein (Protein)|2.6 g
BP031|Lemak (Fat)|2.5 g
BP031|Karbohidrat (CHO)|35.4 g
BP031|Serat (Fibre)|1.8 g
BP031|Abu (ASH)|0.6 g
BP031|Kalsium (Ca)|35 mg
BP031|Fosfor (P)|49 mg
BP031|Besi (Fe)|1.1 mg
BP031|Natrium (Na)|2 mg
BP031|Kalium (K)|218.0 mg
BP031|Beta-Karoten (Carotenes)|0 mcg
BP031|Karoten Total (Re)|0 mcg
BP031|Thiamin (Vit. B1)|0.10 mg
BP031|Riboflavin (Vit. B2)|0.10 mg
BP031|Niasin (Niacin)|0.6 mg
BP032|Air (Water)|79.6 g
BP032|Energi (Energy)|41 Kal
BP032|Protein (Protein)|2.0 g
BP032|Lemak (Fat)|0.3 g
BP032|Karbohidrat (CHO)|7.8 g
BP032|Serat (Fibre)|2.0 g
BP032|Abu (ASH)|0.6 g
BP032|Kalsium (Ca)|34 mg
BP032|Fosfor (P)|12 mg
BP032|Besi (Fe)|0.3 mg
BP032|Natrium (Na)|185 mg
BP032|Kalium (K)|566.0 mg
BP032|Tembaga (Cu)|0.10 mg
BP032|Seng (Zn)|0.3 mg
BP032|Retinol (Vit. A)|0 mcg
BP032|Beta-Karoten (Carotenes)|213 mcg
BP032|Thiamin (Vit. B1)|0.12 mg
BP032|Riboflavin (Vit. B2)|0.25 mg
BP032|Niasin (Niacin)|2.7 mg
BP032|Vitamin C (Vit. C)|15 mg
BP033|Air (Water)|3.7 g
BP033|Energi (Energy)|464 Kal
BP033|Protein (Protein)|1.2 g
BP033|Lemak (Fat)|18.6 g
BP033|Karbohidrat (CHO)|73.0 g
BP033|Serat (Fibre)|1.3 g
BP033|Abu (ASH)|3.5 g
BP033|Kalsium (Ca)|82 mg
BP033|Fosfor (P)|52 mg
BP033|Besi (Fe)|3.4 mg
BP033|Karoten Total (Re)|3,320 mcg
BP033|Thiamin (Vit. B1)|0.34 mg
BP033|Vitamin C (Vit. C)|0 mg
BP034|Air (Water)|6.7 g
BP034|Energi (Energy)|475 Kal
BP034|Protein (Protein)|1.6 g
BP034|Lemak (Fat)|25.2 g
BP034|Karbohidrat (CHO)|64.4 g
BP034|Serat (Fibre)|2.1 g
BP034|Abu (ASH)|2.1 g
BP034|Kalsium (Ca)|153 mg
BP034|Fosfor (P)|88 mg
BP034|Besi (Fe)|1.0 mg
BP034|Retinol (Vit. A)|0 mcg
BP034|Karoten Total (Re)|1,000 mcg
BP034|Thiamin (Vit. B1)|0.00 mg
BP034|Vitamin C (Vit. C)|0 mg
BP035|Air (Water)|4.0 g
BP035|Energi (Energy)|446 Kal
BP035|Protein (Protein)|2.8 g
BP035|Lemak (Fat)|14.5 g
BP035|Karbohidrat (CHO)|76.0 g
BP035|Serat (Fibre)|1.7 g
BP035|Abu (ASH)|2.8 g
BP035|Kalsium (Ca)|147 mg
BP035|Fosfor (P)|52 mg
BP035|Besi (Fe)|1.9 mg
BP035|Retinol (Vit. A)|0 mcg
BP035|Beta-Karoten (Carotenes)|0 mcg
BP035|Karoten Total (Re)|0 mcg
BP035|Thiamin (Vit. B1)|0.95 mg
BP035|Vitamin C (Vit. C)|0 mg
BP036|Air (Water)|7.8 g
BP036|Energi (Energy)|448 Kal
BP036|Protein (Protein)|2.7 g
BP036|Lemak (Fat)|18.8 g
BP036|Karbohidrat (CHO)|67.1 g
BP036|Serat (Fibre)|3.8 g
BP036|Abu (ASH)|3.6 g
BP036|Kalsium (Ca)|25 mg
BP036|Fosfor (P)|130 mg
BP036|Besi (Fe)|1.2 mg
BP036|Natrium (Na)|712 mg
BP036|Kalium (K)|406.0 mg
BP036|Tembaga (Cu)|1.10 mg
BP036|Beta-Karoten (Carotenes)|15 mcg
BP036|Thiamin (Vit. B1)|0.10 mg
BP036|Riboflavin (Vit. B2)|0.05 mg
BP036|Niasin (Niacin)|2.8 mg
BP036|Vitamin C (Vit. C)|0 mg
BP037|Air (Water)|4.2 g
BP037|Energi (Energy)|478 Kal
BP037|Protein (Protein)|0.9 g
BP037|Lemak (Fat)|20.7 g
BP037|Karbohidrat (CHO)|72.0 g
BP037|Serat (Fibre)|2.0 g
BP037|Abu (ASH)|2.2 g
BP037|Kalsium (Ca)|189 mg
BP037|Fosfor (P)|101 mg
BP037|Besi (Fe)|1.9 mg
BP037|Retinol (Vit. A)|0 mcg
BP037|Beta-Karoten (Carotenes)|0 mcg
BP037|Karoten Total (Re)|0 mcg
BP037|Thiamin (Vit. B1)|0.24 mg
BP037|Vitamin C (Vit. C)|0 mg
BP038|Air (Water)|2.2 g
BP038|Energi (Energy)|481 Kal
BP038|Protein (Protein)|2.2 g
BP038|Lemak (Fat)|19.7 g
BP038|Karbohidrat (CHO)|73.6 g
BP038|Serat (Fibre)|1.6 g
BP038|Abu (ASH)|2.3 g
BP038|Kalsium (Ca)|156 mg
BP038|Fosfor (P)|103 mg
BP038|Besi (Fe)|1.6 mg
BP038|Retinol (Vit. A)|0 mcg
BP038|Karoten Total (Re)|80 mcg
BP038|Thiamin (Vit. B1)|0.31 mg
BP038|Vitamin C (Vit. C)|0 mg
BP039|Air (Water)|6.0 g
BP039|Energi (Energy)|486 Kal
BP039|Protein (Protein)|0.2 g
BP039|Lemak (Fat)|23.9 g
BP039|Karbohidrat (CHO)|67.6 g
BP039|Serat (Fibre)|14.3 g
BP039|Abu (ASH)|2.3 g
BP039|Kalsium (Ca)|68 mg
BP039|Fosfor (P)|92 mg
BP039|Besi (Fe)|0.9 mg
BP039|Natrium (Na)|52 mg
BP039|Kalium (K)|2.0 mg
BP039|Tembaga (Cu)|0.70 mg
BP039|Seng (Zn)|2.3 mg
BP039|Retinol (Vit. A)|0 mcg
BP039|Beta-Karoten (Carotenes)|920 mcg
BP039|Thiamin (Vit. B1)|0.10 mg
BP039|Riboflavin (Vit. B2)|0.10 mg
BP039|Niasin (Niacin)|0.5 mg
BP039|Vitamin C (Vit. C)|0 mg
BP040|Air (Water)|3.4 g
BP040|Energi (Energy)|444 Kal
BP040|Protein (Protein)|6.9 g
BP040|Lemak (Fat)|14.6 g
BP040|Karbohidrat (CHO)|71.3 g
BP040|Serat (Fibre)|5.0 g
BP040|Abu (ASH)|3.8 g
BP040|Kalsium (Ca)|47 mg
BP040|Fosfor (P)|375 mg
BP040|Besi (Fe)|1.8 mg
BP040|Natrium (Na)|837 mg
BP040|Kalium (K)|191.0 mg
BP040|Tembaga (Cu)|0.10 mg
BP040|Seng (Zn)|0.3 mg
BP040|Thiamin (Vit. B1)|0.40 mg
BP040|Riboflavin (Vit. B2)|0.10 mg
BP040|Niasin (Niacin)|1.8 mg
BP040|Vitamin C (Vit. C)|0 mg
BP041|Air (Water)|14.2 g
BP041|Energi (Energy)|325 Kal
BP041|Protein (Protein)|1.8 g
BP041|Lemak (Fat)|0.4 g
BP041|Karbohidrat (CHO)|78.5 g
BP041|Serat (Fibre)|4.5 g
BP041|Abu (ASH)|5.1 g
BP041|Kalsium (Ca)|59 mg
BP041|Fosfor (P)|268 mg
BP041|Besi (Fe)|2.3 mg
BP041|Natrium (Na)|1,123 mg
BP041|Kalium (K)|273.0 mg
BP041|Tembaga (Cu)|0.20 mg
BP041|Seng (Zn)|0.5 mg
BP041|Retinol (Vit. A)|32 mcg
BP041|Beta-Karoten (Carotenes)|0 mcg
BP041|Thiamin (Vit. B1)|0.60 mg
BP041|Riboflavin (Vit. B2)|0.10 mg
BP041|Niasin (Niacin)|2.3 mg
BP041|Vitamin C (Vit. C)|0 mg
BP042|Air (Water)|5.8 g
BP042|Energi (Energy)|504 Kal
BP042|Protein (Protein)|5.6 g
BP042|Lemak (Fat)|28.1 g
BP042|Karbohidrat (CHO)|57.1 g
BP042|Serat (Fibre)|0.3 g
BP042|Abu (ASH)|3.4 g
BP042|Kalsium (Ca)|50 mg
BP042|Fosfor (P)|94 mg
BP042|Besi (Fe)|2.9 mg
BP042|Retinol (Vit. A)|6 mcg
BP042|Karoten Total (Re)|280 mcg
BP042|Thiamin (Vit. B1)|0.31 mg
BP042|Vitamin C (Vit. C)|0 mg
BP043|Air (Water)|9.4 g
BP043|Energi (Energy)|356 Kal
BP043|Protein (Protein)|9.7 g
BP043|Lemak (Fat)|1.1 g
BP043|Karbohidrat (CHO)|76.9 g
BP043|Serat (Fibre)|1.0 g
BP043|Abu (ASH)|3.0 g
BP043|Kalsium (Ca)|62 mg
BP043|Fosfor (P)|129 mg
BP043|Besi (Fe)|2.9 mg
BP043|Retinol (Vit. A)|7 mcg
BP043|Karoten Total (Re)|280 mcg
BP043|Thiamin (Vit. B1)|0.36 mg
BP043|Vitamin C (Vit. C)|0 mg
BP044|Air (Water)|7.2 g
BP044|Energi (Energy)|476 Kal
BP044|Protein (Protein)|0.1 g
BP044|Lemak (Fat)|21.1 g
BP044|Karbohidrat (CHO)|71.3 g
BP044|Serat (Fibre)|4.2 g
BP044|Abu (ASH)|0.3 g
BP044|Kalsium (Ca)|57 mg
BP044|Fosfor (P)|36 mg
BP044|Besi (Fe)|4.6 mg
BP044|Kalium (K)|109.0 mg
BP044|Tembaga (Cu)|0.10 mg
BP044|Seng (Zn)|0.2 mg
BP044|Retinol (Vit. A)|0 mcg
BP044|Karoten Total (Re)|333 mcg
BP044|Thiamin (Vit. B1)|0.22 mg
BP044|Riboflavin (Vit. B2)|0.00 mg
BP044|Niasin (Niacin)|0.9 mg
BP044|Vitamin C (Vit. C)|0 mg
BP045|Air (Water)|4.4 g
BP045|Energi (Energy)|477 Kal
BP045|Protein (Protein)|4.7 g
BP045|Lemak (Fat)|20.5 g
BP045|Karbohidrat (CHO)|68.5 g
BP045|Serat (Fibre)|5.0 g
BP045|Abu (ASH)|1.9 g
BP045|Kalsium (Ca)|24 mg
BP045|Fosfor (P)|188 mg
BP045|Besi (Fe)|0.9 mg
BP045|Natrium (Na)|449 mg
BP045|Kalium (K)|109.0 mg
BP045|Tembaga (Cu)|0.10 mg
BP045|Seng (Zn)|0.2 mg
BP045|Beta-Karoten (Carotenes)|0 mcg
BP045|Thiamin (Vit. B1)|0.20 mg
BP045|Riboflavin (Vit. B2)|0.00 mg
BP045|Niasin (Niacin)|0.9 mg
BP045|Vitamin C (Vit. C)|0 mg
BP046|Air (Water)|16.1 g
BP046|Energi (Energy)|338 Kal
BP046|Protein (Protein)|1.5 g
BP046|Lemak (Fat)|1.2 g
BP046|Karbohidrat (CHO)|80.3 g
BP046|Abu (ASH)|0.9 g
BP046|Kalsium (Ca)|34 mg
BP046|Fosfor (P)|35 mg
BP046|Besi (Fe)|0.3 mg
BP046|Natrium (Na)|67 mg
BP046|Kalium (K)|0.0 mg
BP046|Tembaga (Cu)|0.20 mg
BP046|Seng (Zn)|0.2 mg
BP046|Retinol (Vit. A)|0 mcg
BP046|Beta-Karoten (Carotenes)|0 mcg
BP046|Karoten Total (Re)|0 mcg
BP046|Thiamin (Vit. B1)|0.30 mg
BP046|Riboflavin (Vit. B2)|0.00 mg
BP046|Niasin (Niacin)|0.0 mg
BP047|Air (Water)|44.2 g
BP047|Energi (Energy)|217 Kal
BP047|Protein (Protein)|1.2 g
BP047|Lemak (Fat)|0.5 g
BP047|Karbohidrat (CHO)|53.2 g
BP047|Serat (Fibre)|2.4 g
BP047|Abu (ASH)|0.9 g
BP047|Kalsium (Ca)|48 mg
BP047|Fosfor (P)|68 mg
BP047|Besi (Fe)|1.5 mg
BP047|Natrium (Na)|3 mg
BP047|Kalium (K)|305.0 mg
BP047|Beta-Karoten (Carotenes)|0 mcg
BP047|Karoten Total (Re)|0 mcg
BP047|Thiamin (Vit. B1)|0.10 mg
BP047|Riboflavin (Vit. B2)|0.10 mg
BP047|Niasin (Niacin)|0.8 mg
BP048|Air (Water)|4.2 g
BP048|Energi (Energy)|422 Kal
BP048|Protein (Protein)|0.9 g
BP048|Lemak (Fat)|10.8 g
BP048|Karbohidrat (CHO)|80.4 g
BP048|Serat (Fibre)|1.4 g
BP048|Abu (ASH)|3.8 g
BP048|Kalsium (Ca)|206 mg
BP048|Fosfor (P)|104 mg
BP048|Besi (Fe)|3.6 mg
BP048|Retinol (Vit. A)|0 mcg
BP048|Karoten Total (Re)|0 mcg
BP048|Thiamin (Vit. B1)|0.43 mg
BP048|Vitamin C (Vit. C)|0 mg
BP049|Air (Water)|82.9 g
BP049|Energi (Energy)|71 Kal
BP049|Protein (Protein)|0.2 g
BP049|Lemak (Fat)|0.8 g
BP049|Karbohidrat (CHO)|15.9 g
BP049|Serat (Fibre)|0.1 g
BP049|Abu (ASH)|0.2 g
BP049|Kalsium (Ca)|117 mg
BP049|Fosfor (P)|5 mg
BP049|Besi (Fe)|0.2 mg
BP049|Retinol (Vit. A)|0 mcg
BP049|Karoten Total (Re)|112 mcg
BP049|Thiamin (Vit. B1)|0.05 mg
BP049|Riboflavin (Vit. B2)|0.02 mg
BP049|Niasin (Niacin)|0.0 mg
BP049|Vitamin C (Vit. C)|0 mg
BP050|Air (Water)|11.5 g
BP050|Energi (Energy)|353 Kal
BP050|Protein (Protein)|0.3 g
BP050|Lemak (Fat)|0.0 g
BP050|Karbohidrat (CHO)|88.0 g
BP050|Serat (Fibre)|2.4 g
BP050|Abu (ASH)|0.2 g
BP050|Kalsium (Ca)|28 mg
BP050|Fosfor (P)|14 mg
BP050|Besi (Fe)|2.8 mg
BP050|Natrium (Na)|9 mg
BP050|Kalium (K)|49.2 mg
BP050|Tembaga (Cu)|0.50 mg
BP050|Seng (Zn)|0.1 mg
BP050|Beta-Karoten (Carotenes)|2 mcg
BP050|Karoten Total (Re)|0 mcg
BP050|Thiamin (Vit. B1)|0.02 mg
BP050|Riboflavin (Vit. B2)|0.00 mg
BP050|Niasin (Niacin)|0.1 mg
BP050|Vitamin C (Vit. C)|0 mg
BP051|Air (Water)|52.8 g
BP051|Energi (Energy)|190 Kal
BP051|Protein (Protein)|0.2 g
BP051|Lemak (Fat)|0.4 g
BP051|Karbohidrat (CHO)|46.5 g
BP051|Serat (Fibre)|1.4 g
BP051|Abu (ASH)|0.1 g
BP051|Kalsium (Ca)|8 mg
BP051|Fosfor (P)|7 mg
BP051|Besi (Fe)|0.3 mg
BP051|Natrium (Na)|10 mg
BP051|Kalium (K)|2.6 mg
BP051|Tembaga (Cu)|0.10 mg
BP051|Seng (Zn)|0.0 mg
BP051|Beta-Karoten (Carotenes)|2 mcg
BP051|Karoten Total (Re)|0 mcg
BP051|Thiamin (Vit. B1)|0.00 mg
BP051|Riboflavin (Vit. B2)|0.40 mg
BP051|Niasin (Niacin)|0.0 mg
BP051|Vitamin C (Vit. C)|0 mg
BP052|Air (Water)|75.3 g
BP052|Energi (Energy)|111 Kal
BP052|Protein (Protein)|0.3 g
BP052|Lemak (Fat)|2.7 g
BP052|Karbohidrat (CHO)|21.2 g
BP052|Serat (Fibre)|0.3 g
BP052|Abu (ASH)|0.5 g
BP052|Kalsium (Ca)|79 mg
BP052|Fosfor (P)|15 mg
BP052|Besi (Fe)|1.7 mg
BP052|Retinol (Vit. A)|0 mcg
BP052|Karoten Total (Re)|0 mcg
BP052|Thiamin (Vit. B1)|0.06 mg
BP052|Vitamin C (Vit. C)|0 mg
BP053|Air (Water)|12.6 g
BP053|Energi (Energy)|351 Kal
BP053|Protein (Protein)|0.9 g
BP053|Lemak (Fat)|0.9 g
BP053|Karbohidrat (CHO)|84.9 g
BP053|Serat (Fibre)|4.3 g
BP053|Abu (ASH)|0.7 g
BP053|Kalsium (Ca)|60 mg
BP053|Fosfor (P)|36 mg
BP053|Besi (Fe)|2.1 mg
BP053|Natrium (Na)|5 mg
BP053|Kalium (K)|229.0 mg
BP053|Tembaga (Cu)|0.10 mg
BP053|Seng (Zn)|0.5 mg
BP053|Beta-Karoten (Carotenes)|0 mcg
BP053|Karoten Total (Re)|0 mcg
BP053|Thiamin (Vit. B1)|0.02 mg
BP053|Riboflavin (Vit. B2)|0.02 mg
BP053|Niasin (Niacin)|0.5 mg
BP053|Vitamin C (Vit. C)|0 mg
BP054|Air (Water)|84.8 g
BP054|Energi (Energy)|61 Kal
BP054|Protein (Protein)|0.2 g
BP054|Lemak (Fat)|0.1 g
BP054|Karbohidrat (CHO)|14.9 g
BP054|Serat (Fibre)|0.5 g
BP054|Abu (ASH)|0.1 g
BP054|Kalsium (Ca)|3 mg
BP054|Fosfor (P)|1 mg
BP054|Besi (Fe)|0.2 mg
BP054|Natrium (Na)|4 mg
BP054|Kalium (K)|20.0 mg
BP054|Tembaga (Cu)|0.10 mg
BP054|Seng (Zn)|0.1 mg
BP054|Retinol (Vit. A)|0 mcg
BP054|Beta-Karoten (Carotenes)|0 mcg
BP054|Karoten Total (Re)|0 mcg
BP054|Thiamin (Vit. B1)|0.06 mg
BP054|Riboflavin (Vit. B2)|0.00 mg
BP054|Niasin (Niacin)|0.0 mg
BP054|Vitamin C (Vit. C)|0 mg
BP055|Air (Water)|11.1 g
BP055|Energi (Energy)|394 Kal
BP055|Protein (Protein)|2.2 g
BP055|Lemak (Fat)|8.8 g
BP055|Karbohidrat (CHO)|76.6 g
BP055|Serat (Fibre)|6.8 g
BP055|Abu (ASH)|1.3 g
BP055|Kalsium (Ca)|68 mg
BP055|Fosfor (P)|76 mg
BP055|Besi (Fe)|1.6 mg
BP055|Natrium (Na)|165 mg
BP055|Kalium (K)|388.0 mg
BP055|Tembaga (Cu)|0.40 mg
BP055|Seng (Zn)|0.4 mg
BP055|Beta-Karoten (Carotenes)|0 mcg
BP055|Karoten Total (Re)|0 mcg
BP055|Thiamin (Vit. B1)|0.02 mg
BP055|Riboflavin (Vit. B2)|0.30 mg
BP055|Niasin (Niacin)|1.2 mg
BP055|Vitamin C (Vit. C)|0 mg
BP056|Air (Water)|12.6 g
BP056|Energi (Energy)|350 Kal
BP056|Protein (Protein)|0.9 g
BP056|Lemak (Fat)|0.4 g
BP056|Karbohidrat (CHO)|85.7 g
BP056|Serat (Fibre)|14.4 g
BP056|Abu (ASH)|0.5 g
BP056|Kalsium (Ca)|42 mg
BP056|Fosfor (P)|21 mg
BP056|Besi (Fe)|1.5 mg
BP056|Natrium (Na)|8 mg
BP056|Kalium (K)|14.0 mg
BP056|Tembaga (Cu)|0.30 mg
BP056|Seng (Zn)|0.5 mg
BP056|Beta-Karoten (Carotenes)|0 mcg
BP056|Karoten Total (Re)|0 mcg
BP056|Thiamin (Vit. B1)|0.02 mg
BP056|Riboflavin (Vit. B2)|0.02 mg
BP056|Niasin (Niacin)|0.4 mg
BP056|Vitamin C (Vit. C)|0 mg
BP057|Air (Water)|31.5 g
BP057|Energi (Energy)|291 Kal
BP057|Protein (Protein)|0.5 g
BP057|Lemak (Fat)|4.0 g
BP057|Karbohidrat (CHO)|63.4 g
BP057|Abu (ASH)|0.6 g
BP057|Kalsium (Ca)|10 mg
BP057|Fosfor (P)|20 mg
BP057|Besi (Fe)|0.8 mg
BP057|Natrium (Na)|40 mg
BP057|Kalium (K)|50.0 mg
BP057|Tembaga (Cu)|0.10 mg
BP057|Seng (Zn)|0.2 mg
BP057|Retinol (Vit. A)|0 mcg
BP057|Beta-Karoten (Carotenes)|0 mcg
BP057|Karoten Total (Re)|0 mcg
BP057|Vitamin C (Vit. C)|0 mg
BP058|Air (Water)|4.3 g
BP058|Energi (Energy)|452 Kal
BP058|Protein (Protein)|2.8 g
BP058|Lemak (Fat)|14.8 g
BP058|Karbohidrat (CHO)|76.8 g
BP058|Serat (Fibre)|1.1 g
BP058|Abu (ASH)|0.7 g
BP058|Kalsium (Ca)|15 mg
BP058|Fosfor (P)|39 mg
BP058|Besi (Fe)|1.1 mg
BP058|Natrium (Na)|182 mg
BP058|Kalium (K)|52.7 mg
BP058|Tembaga (Cu)|0.04 mg
BP058|Seng (Zn)|0.8 mg
BP058|Beta-Karoten (Carotenes)|1,220 mcg
BP058|Karoten Total (Re)|0 mcg
BP058|Thiamin (Vit. B1)|0.32 mg
BP058|Riboflavin (Vit. B2)|0.04 mg
BP058|Niasin (Niacin)|0.1 mg
BP058|Vitamin C (Vit. C)|0 mg
BP059|Air (Water)|32.6 g
BP059|Energi (Energy)|287 Kal
BP059|Protein (Protein)|0.5 g
BP059|Lemak (Fat)|3.9 g
BP059|Karbohidrat (CHO)|62.4 g
BP059|Abu (ASH)|0.6 g
BP059|Kalsium (Ca)|8 mg
BP059|Fosfor (P)|17 mg
BP059|Besi (Fe)|0.7 mg
BP059|Natrium (Na)|34 mg
BP059|Kalium (K)|42.0 mg
BP059|Tembaga (Cu)|0.10 mg
BP059|Seng (Zn)|0.2 mg
BP059|Retinol (Vit. A)|0 mcg
BP059|Beta-Karoten (Carotenes)|0 mcg
BP059|Karoten Total (Re)|0 mcg
BP059|Vitamin C (Vit. C)|0 mg
BP060|Air (Water)|8.2 g
BP060|Energi (Energy)|364 Kal
BP060|Protein (Protein)|0.1 g
BP060|Lemak (Fat)|0.2 g
BP060|Karbohidrat (CHO)|90.5 g
BP060|Serat (Fibre)|1.9 g
BP060|Abu (ASH)|1.0 g
BP060|Kalsium (Ca)|13 mg
BP060|Fosfor (P)|9 mg
BP060|Besi (Fe)|3.9 mg
BP060|Natrium (Na)|42 mg
BP060|Kalium (K)|15.1 mg
BP060|Tembaga (Cu)|0.10 mg
BP060|Seng (Zn)|0.1 mg
BP060|Beta-Karoten (Carotenes)|0 mcg
BP060|Karoten Total (Re)|0 mcg
BP060|Thiamin (Vit. B1)|0.02 mg
BP060|Riboflavin (Vit. B2)|0.60 mg
BP060|Niasin (Niacin)|0.8 mg
BP060|Vitamin C (Vit. C)|0 mg
BP061|Air (Water)|22.0 g
BP061|Energi (Energy)|354 Kal
BP061|Protein (Protein)|0.8 g
BP061|Lemak (Fat)|8.3 g
BP061|Karbohidrat (CHO)|68.9 g
BP061|Abu (ASH)|0.1 g
BP061|Kalsium (Ca)|10 mg
BP061|Fosfor (P)|30 mg
BP061|Besi (Fe)|0.8 mg
BP061|Natrium (Na)|30 mg
BP061|Kalium (K)|11.0 mg
BP061|Tembaga (Cu)|0.20 mg
BP061|Seng (Zn)|0.3 mg
BP061|Retinol (Vit. A)|0 mcg
BP061|Beta-Karoten (Carotenes)|0 mcg
BP061|Karoten Total (Re)|0 mcg
BP061|Vitamin C (Vit. C)|0 mg
BP062|Air (Water)|4.8 g
BP062|Energi (Energy)|478 Kal
BP062|Protein (Protein)|2.5 g
BP062|Lemak (Fat)|21.2 g
BP062|Karbohidrat (CHO)|69.2 g
BP062|Serat (Fibre)|1.7 g
BP062|Abu (ASH)|2.3 g
BP062|Kalsium (Ca)|112 mg
BP062|Fosfor (P)|118 mg
BP062|Besi (Fe)|2.3 mg
BP062|Retinol (Vit. A)|0 mcg
BP062|Karoten Total (Re)|0 mcg
BP062|Thiamin (Vit. B1)|0.25 mg
BP062|Vitamin C (Vit. C)|0 mg
BP063|Air (Water)|57.4 g
BP063|Energi (Energy)|169 Kal
BP063|Protein (Protein)|1.4 g
BP063|Lemak (Fat)|0.3 g
BP063|Karbohidrat (CHO)|40.2 g
BP063|Serat (Fibre)|2.0 g
BP063|Abu (ASH)|0.7 g
BP063|Kalsium (Ca)|21 mg
BP063|Fosfor (P)|34 mg
BP063|Besi (Fe)|0.8 mg
BP063|Retinol (Vit. A)|0 mcg
BP063|Beta-Karoten (Carotenes)|0 mcg
BP063|Karoten Total (Re)|0 mcg
BP063|Thiamin (Vit. B1)|0.00 mg
BP063|Vitamin C (Vit. C)|9 mg
BP064|Air (Water)|13.6 g
BP064|Energi (Energy)|355 Kal
BP064|Protein (Protein)|0.7 g
BP064|Lemak (Fat)|0.2 g
BP064|Karbohidrat (CHO)|85.2 g
BP064|Serat (Fibre)|0.4 g
BP064|Abu (ASH)|0.3 g
BP064|Kalsium (Ca)|8 mg
BP064|Fosfor (P)|22 mg
BP064|Besi (Fe)|1.5 mg
BP064|Natrium (Na)|2 mg
BP064|Kalium (K)|10.7 mg
BP064|Tembaga (Cu)|0.00 mg
BP064|Seng (Zn)|0.1 mg
BP064|Beta-Karoten (Carotenes)|20 mcg
BP064|Karoten Total (Re)|3 mcg
BP064|Thiamin (Vit. B1)|0.09 mg
BP064|Riboflavin (Vit. B2)|0.00 mg
BP064|Niasin (Niacin)|0.0 mg
BP064|Vitamin C (Vit. C)|0 mg
BP065|Air (Water)|13.6 g
BP065|Energi (Energy)|353 Kal
BP065|Protein (Protein)|0.8 g
BP065|Lemak (Fat)|1.7 g
BP065|Karbohidrat (CHO)|83.6 g
BP065|Serat (Fibre)|0.7 g
BP065|Abu (ASH)|0.3 g
BP065|Kalsium (Ca)|4 mg
BP065|Fosfor (P)|31 mg
BP065|Besi (Fe)|3.3 mg
BP065|Natrium (Na)|3 mg
BP065|Kalium (K)|63.5 mg
BP065|Tembaga (Cu)|0.10 mg
BP065|Seng (Zn)|0.3 mg
BP065|Beta-Karoten (Carotenes)|0 mcg
BP065|Karoten Total (Re)|0 mcg
BP065|Thiamin (Vit. B1)|0.02 mg
BP065|Riboflavin (Vit. B2)|0.00 mg
BP065|Niasin (Niacin)|0.9 mg
BP065|Vitamin C (Vit. C)|1 mg
BP066|Air (Water)|13.0 g
BP066|Energi (Energy)|345 Kal
BP066|Protein (Protein)|2.4 g
BP066|Lemak (Fat)|0.4 g
BP066|Karbohidrat (CHO)|83.1 g
BP066|Serat (Fibre)|6.7 g
BP066|Abu (ASH)|1.1 g
BP066|Kalsium (Ca)|18 mg
BP066|Fosfor (P)|95 mg
BP066|Besi (Fe)|1.5 mg
BP066|Natrium (Na)|6 mg
BP066|Kalium (K)|55.0 mg
BP066|Tembaga (Cu)|0.40 mg
BP066|Seng (Zn)|1.2 mg
BP066|Beta-Karoten (Carotenes)|1 mcg
BP066|Karoten Total (Re)|0 mcg
BP066|Thiamin (Vit. B1)|0.30 mg
BP066|Riboflavin (Vit. B2)|0.20 mg
BP066|Niasin (Niacin)|0.1 mg
BP066|Vitamin C (Vit. C)|0 mg
BP067|Air (Water)|13.0 g
BP067|Energi (Energy)|347 Kal
BP067|Protein (Protein)|0.3 g
BP067|Lemak (Fat)|0.1 g
BP067|Karbohidrat (CHO)|85.6 g
BP067|Serat (Fibre)|0.4 g
BP067|Abu (ASH)|1.0 g
BP067|Kalsium (Ca)|20 mg
BP067|Fosfor (P)|30 mg
BP067|Besi (Fe)|0.5 mg
BP067|Natrium (Na)|51 mg
BP067|Kalium (K)|156.3 mg
BP067|Tembaga (Cu)|0.20 mg
BP067|Seng (Zn)|0.5 mg
BP067|Beta-Karoten (Carotenes)|0 mcg
BP067|Karoten Total (Re)|0 mcg
BP067|Thiamin (Vit. B1)|0.04 mg
BP067|Riboflavin (Vit. B2)|0.00 mg
BP067|Niasin (Niacin)|0.4 mg
BP067|Vitamin C (Vit. C)|0 mg
BP068|Air (Water)|11.9 g
BP068|Energi (Energy)|350 Kal
BP068|Protein (Protein)|1.2 g
BP068|Lemak (Fat)|0.6 g
BP068|Karbohidrat (CHO)|85.0 g
BP068|Serat (Fibre)|6.0 g
BP068|Abu (ASH)|1.3 g
BP068|Kalsium (Ca)|60 mg
BP068|Fosfor (P)|64 mg
BP068|Besi (Fe)|15.8 mg
BP068|Natrium (Na)|8 mg
BP068|Kalium (K)|403.0 mg
BP068|Tembaga (Cu)|0.10 mg
BP068|Seng (Zn)|0.6 mg
BP068|Beta-Karoten (Carotenes)|0 mcg
BP068|Karoten Total (Re)|0 mcg
BP068|Thiamin (Vit. B1)|0.02 mg
BP068|Riboflavin (Vit. B2)|0.02 mg
BP068|Niasin (Niacin)|0.7 mg
BP068|Vitamin C (Vit. C)|2 mg
BP069|Air (Water)|15.3 g
BP069|Energi (Energy)|326 Kal
BP069|Protein (Protein)|4.0 g
BP069|Lemak (Fat)|0.4 g
BP069|Karbohidrat (CHO)|76.7 g
BP069|Serat (Fibre)|8.5 g
BP069|Abu (ASH)|3.6 g
BP069|Kalsium (Ca)|41 mg
BP069|Fosfor (P)|141 mg
BP069|Besi (Fe)|3.5 mg
BP069|Natrium (Na)|14 mg
BP069|Kalium (K)|1,602.0 mg
BP069|Tembaga (Cu)|0.40 mg
BP069|Seng (Zn)|1.4 mg
BP069|Beta-Karoten (Carotenes)|0 mcg
BP069|Karoten Total (Re)|0 mcg
BP069|Thiamin (Vit. B1)|0.02 mg
BP069|Riboflavin (Vit. B2)|0.20 mg
BP069|Niasin (Niacin)|7.7 mg
BP069|Vitamin C (Vit. C)|0 mg
BP070|Air (Water)|9.1 g
BP070|Energi (Energy)|363 Kal
BP070|Protein (Protein)|1.1 g
BP070|Lemak (Fat)|0.5 g
BP070|Karbohidrat (CHO)|88.2 g
BP070|Serat (Fibre)|0.9 g
BP070|Abu (ASH)|1.1 g
BP070|Kalsium (Ca)|84 mg
BP070|Fosfor (P)|125 mg
BP070|Besi (Fe)|1.0 mg
BP070|Natrium (Na)|1 mg
BP070|Kalium (K)|7.1 mg
BP070|Tembaga (Cu)|0.00 mg
BP070|Seng (Zn)|0.1 mg
BP070|Beta-Karoten (Carotenes)|0 mcg
BP070|Thiamin (Vit. B1)|0.04 mg
BP070|Riboflavin (Vit. B2)|0.00 mg
BP070|Niasin (Niacin)|0.4 mg
BP070|Vitamin C (Vit. C)|0 mg
BP071|Air (Water)|12.2 g
BP071|Energi (Energy)|332 Kal
BP071|Protein (Protein)|5.7 g
BP071|Lemak (Fat)|0.6 g
BP071|Karbohidrat (CHO)|76.1 g
BP071|Serat (Fibre)|12.2 g
BP071|Abu (ASH)|5.5 g
BP071|Kalsium (Ca)|59 mg
BP071|Fosfor (P)|302 mg
BP071|Besi (Fe)|10.7 mg
BP071|Natrium (Na)|7 mg
BP071|Kalium (K)|1,404.0 mg
BP071|Tembaga (Cu)|0.80 mg
BP071|Seng (Zn)|6.2 mg
BP071|Beta-Karoten (Carotenes)|0 mcg
BP071|Karoten Total (Re)|0 mcg
BP071|Thiamin (Vit. B1)|0.02 mg
BP071|Riboflavin (Vit. B2)|0.10 mg
BP071|Niasin (Niacin)|0.3 mg
BP071|Vitamin C (Vit. C)|0 mg
BP072|Air (Water)|9.4 g
BP072|Energi (Energy)|354 Kal
BP072|Protein (Protein)|2.8 g
BP072|Lemak (Fat)|0.6 g
BP072|Karbohidrat (CHO)|84.4 g
BP072|Serat (Fibre)|12.9 g
BP072|Abu (ASH)|2.8 g
BP072|Kalsium (Ca)|89 mg
BP072|Fosfor (P)|125 mg
BP072|Besi (Fe)|3.9 mg
BP072|Natrium (Na)|42 mg
BP072|Kalium (K)|940.0 mg
BP072|Tembaga (Cu)|0.80 mg
BP072|Seng (Zn)|0.6 mg
BP072|Beta-Karoten (Carotenes)|0 mcg
BP072|Karoten Total (Re)|0 mcg
BP072|Thiamin (Vit. B1)|0.40 mg
BP072|Riboflavin (Vit. B2)|0.02 mg
BP072|Niasin (Niacin)|0.0 mg
BP072|Vitamin C (Vit. C)|0 mg
BP073|Air (Water)|11.2 g
BP073|Energi (Energy)|353 Kal
BP073|Protein (Protein)|2.4 g
BP073|Lemak (Fat)|1.1 g
BP073|Karbohidrat (CHO)|83.4 g
BP073|Serat (Fibre)|6.5 g
BP073|Abu (ASH)|1.6 g
BP073|Kalsium (Ca)|55 mg
BP073|Fosfor (P)|95 mg
BP073|Besi (Fe)|4.7 mg
BP073|Natrium (Na)|5 mg
BP073|Kalium (K)|670.0 mg
BP073|Tembaga (Cu)|0.20 mg
BP073|Seng (Zn)|0.8 mg
BP073|Beta-Karoten (Carotenes)|0 mcg
BP073|Karoten Total (Re)|0 mcg
BP073|Thiamin (Vit. B1)|0.02 mg
BP073|Riboflavin (Vit. B2)|0.02 mg
BP073|Niasin (Niacin)|0.1 mg
BP073|Vitamin C (Vit. C)|3 mg
BP074|Air (Water)|9.1 g
BP074|Energi (Energy)|395 Kal
BP074|Protein (Protein)|3.2 g
BP074|Lemak (Fat)|8.5 g
BP074|Karbohidrat (CHO)|76.5 g
BP074|Serat (Fibre)|4.2 g
BP074|Abu (ASH)|2.7 g
BP074|Kalsium (Ca)|81 mg
BP074|Fosfor (P)|81 mg
BP074|Besi (Fe)|5.8 mg
BP074|Natrium (Na)|377 mg
BP074|Kalium (K)|469.0 mg
BP074|Tembaga (Cu)|2.10 mg
BP074|Seng (Zn)|1.2 mg
BP074|Beta-Karoten (Carotenes)|0 mcg
BP074|Karoten Total (Re)|0 mcg
BP074|Thiamin (Vit. B1)|0.40 mg
BP074|Riboflavin (Vit. B2)|0.20 mg
BP074|Niasin (Niacin)|0.2 mg
BP074|Vitamin C (Vit. C)|4 mg
BP075|Air (Water)|52.7 g
BP075|Energi (Energy)|186 Kal
BP075|Protein (Protein)|1.9 g
BP075|Lemak (Fat)|0.2 g
BP075|Karbohidrat (CHO)|44.3 g
BP075|Serat (Fibre)|3.4 g
BP075|Abu (ASH)|0.9 g
BP075|Kalsium (Ca)|37 mg
BP075|Fosfor (P)|51 mg
BP075|Besi (Fe)|0.6 mg
BP075|Natrium (Na)|1 mg
BP075|Kalium (K)|61.9 mg
BP075|Tembaga (Cu)|0.10 mg
BP075|Seng (Zn)|0.2 mg
BP075|Beta-Karoten (Carotenes)|26 mcg
BP075|Karoten Total (Re)|0 mcg
BP075|Thiamin (Vit. B1)|0.02 mg
BP075|Riboflavin (Vit. B2)|0.20 mg
BP075|Niasin (Niacin)|0.0 mg
BP075|Vitamin C (Vit. C)|0 mg
BP076|Air (Water)|66.5 g
BP076|Energi (Energy)|150 Kal
BP076|Protein (Protein)|1.1 g
BP076|Lemak (Fat)|4.0 g
BP076|Karbohidrat (CHO)|27.4 g
BP076|Abu (ASH)|1.0 g
BP076|Fosfor (P)|23 mg
BP076|Besi (Fe)|0.1 mg
BP076|Natrium (Na)|6 mg
BP076|Kalium (K)|112.0 mg
BP076|Tembaga (Cu)|0.10 mg
BP076|Seng (Zn)|0.2 mg
BP076|Retinol (Vit. A)|0 mcg
BP076|Beta-Karoten (Carotenes)|0 mcg
BP076|Karoten Total (Re)|0 mcg
BP076|Thiamin (Vit. B1)|0.53 mg
BP076|Riboflavin (Vit. B2)|0.00 mg
BP076|Niasin (Niacin)|1.3 mg
BP076|Vitamin C (Vit. C)|0 mg
BR001|Air (Water)|73.5 g
BR001|Energi (Energy)|102 Kal
BR001|Protein (Protein)|1.0 g
BR001|Lemak (Fat)|0.2 g
BR001|Karbohidrat (CHO)|24.1 g
BR001|Serat (Fibre)|1.7 g
BR001|Abu (ASH)|1.2 g
BR001|Kalsium (Ca)|28 mg
BR001|Fosfor (P)|35 mg
BR001|Besi (Fe)|1.7 mg
BR001|Natrium (Na)|36 mg
BR001|Kalium (K)|626.6 mg
BR001|Tembaga (Cu)|0.20 mg
BR001|Seng (Zn)|0.8 mg
BR001|Retinol (Vit. A)|0 mcg
BR001|Beta-Karoten (Carotenes)|15 mcg
BR001|Karoten Total (Re)|0 mcg
BR001|Thiamin (Vit. B1)|0.06 mg
BR001|Riboflavin (Vit. B2)|0.10 mg
BR001|Niasin (Niacin)|2.3 mg
BR001|Vitamin C (Vit. C)|2 mg
BR002|Air (Water)|76.7 g
BR002|Energi (Energy)|76 Kal
BR002|Protein (Protein)|1.1 g
BR002|Lemak (Fat)|0.9 g
BR002|Karbohidrat (CHO)|16.0 g
BR002|Serat (Fibre)|4.2 g
BR002|Abu (ASH)|0.7 g
BR002|Kalsium (Ca)|0 mg
BR002|Fosfor (P)|40 mg
BR002|Besi (Fe)|0.2 mg
BR002|Natrium (Na)|10 mg
BR002|Kalium (K)|200.0 mg
BR002|Tembaga (Cu)|0.20 mg
BR002|Seng (Zn)|0.3 mg
BR002|Retinol (Vit. A)|0 mcg
BR002|Beta-Karoten (Carotenes)|0 mcg
BR002|Karoten Total (Re)|0 mcg
BR002|Thiamin (Vit. B1)|0.06 mg
BR002|Riboflavin (Vit. B2)|0.00 mg
BR002|Niasin (Niacin)|0.9 mg
BR002|Vitamin C (Vit. C)|0 mg
BR003|Air (Water)|76.1 g
BR003|Energi (Energy)|89 Kal
BR003|Protein (Protein)|1.1 g
BR003|Lemak (Fat)|0.1 g
BR003|Karbohidrat (CHO)|21.0 g
BR003|Serat (Fibre)|4.0 g
BR003|Abu (ASH)|0.7 g
BR003|Kalsium (Ca)|0 mg
BR003|Fosfor (P)|40 mg
BR003|Besi (Fe)|0.2 mg
BR003|Natrium (Na)|20 mg
BR003|Kalium (K)|340.0 mg
BR003|Tembaga (Cu)|0.10 mg
BR003|Seng (Zn)|0.2 mg
BR003|Retinol (Vit. A)|0 mcg
BR003|Beta-Karoten (Carotenes)|0 mcg
BR003|Karoten Total (Re)|0 mcg
BR003|Thiamin (Vit. B1)|0.38 mg
BR003|Riboflavin (Vit. B2)|0.00 mg
BR003|Niasin (Niacin)|0.9 mg
BR003|Vitamin C (Vit. C)|0 mg
BR004|Air (Water)|63.1 g
BR004|Energi (Energy)|145 Kal
BR004|Protein (Protein)|1.2 g
BR004|Lemak (Fat)|0.4 g
BR004|Karbohidrat (CHO)|34.2 g
BR004|Serat (Fibre)|1.5 g
BR004|Abu (ASH)|1.1 g
BR004|Kalsium (Ca)|26 mg
BR004|Fosfor (P)|54 mg
BR004|Besi (Fe)|1.4 mg
BR004|Natrium (Na)|6 mg
BR004|Kalium (K)|536.1 mg
BR004|Tembaga (Cu)|0.20 mg
BR004|Seng (Zn)|0.9 mg
BR004|Retinol (Vit. A)|0 mcg
BR004|Beta-Karoten (Carotenes)|0 mcg
BR004|Karoten Total (Re)|0 mcg
BR004|Thiamin (Vit. B1)|0.10 mg
BR004|Riboflavin (Vit. B2)|0.10 mg
BR004|Niasin (Niacin)|2.3 mg
BR004|Vitamin C (Vit. C)|2 mg
BR005|Air (Water)|85.1 g
BR005|Energi (Energy)|59 Kal
BR005|Protein (Protein)|1.4 g
BR005|Lemak (Fat)|0.2 g
BR005|Karbohidrat (CHO)|12.8 g
BR005|Serat (Fibre)|1.0 g
BR005|Abu (ASH)|0.5 g
BR005|Kalsium (Ca)|15 mg
BR005|Fosfor (P)|18 mg
BR005|Besi (Fe)|0.6 mg
BR005|Natrium (Na)|2 mg
BR005|Kalium (K)|244.3 mg
BR005|Tembaga (Cu)|0.10 mg
BR005|Seng (Zn)|0.3 mg
BR005|Beta-Karoten (Carotenes)|0 mcg
BR005|Thiamin (Vit. B1)|0.04 mg
BR005|Riboflavin (Vit. B2)|0.10 mg
BR005|Niasin (Niacin)|0.2 mg
BR005|Vitamin C (Vit. C)|20 mg
BR006|Air (Water)|75.8 g
BR006|Energi (Energy)|98 Kal
BR006|Protein (Protein)|1.6 g
BR006|Lemak (Fat)|0.7 g
BR006|Karbohidrat (CHO)|20.9 g
BR006|Serat (Fibre)|0.7 g
BR006|Abu (ASH)|1.8 g
BR006|Kalsium (Ca)|44 mg
BR006|Fosfor (P)|66 mg
BR006|Besi (Fe)|1.5 mg
BR006|Kalium (K)|195.5 mg
BR006|Tembaga (Cu)|0.20 mg
BR006|Seng (Zn)|0.6 mg
BR006|Retinol (Vit. A)|0 mcg
BR006|Beta-Karoten (Carotenes)|0 mcg
BR006|Karoten Total (Re)|0 mcg
BR006|Thiamin (Vit. B1)|0.02 mg
BR006|Riboflavin (Vit. B2)|0.10 mg
BR006|Niasin (Niacin)|0.8 mg
BR006|Vitamin C (Vit. C)|0 mg
BR007|Air (Water)|20.2 g
BR007|Energi (Energy)|322 Kal
BR007|Protein (Protein)|2.4 g
BR007|Lemak (Fat)|0.6 g
BR007|Karbohidrat (CHO)|76.6 g
BR007|Abu (ASH)|0.2 g
BR007|Kalsium (Ca)|39 mg
BR007|Fosfor (P)|22 mg
BR007|Besi (Fe)|2.2 mg
BR007|Natrium (Na)|5 mg
BR007|Kalium (K)|2.0 mg
BR007|Tembaga (Cu)|0.50 mg
BR007|Seng (Zn)|0.2 mg
BR007|Retinol (Vit. A)|0 mcg
BR007|Beta-Karoten (Carotenes)|0 mcg
BR007|Karoten Total (Re)|0 mcg
BR007|Thiamin (Vit. B1)|0.45 mg
BR007|Riboflavin (Vit. B2)|0.02 mg
BR007|Niasin (Niacin)|1.0 mg
BR007|Vitamin C (Vit. C)|0 mg
BR008|Air (Water)|74.4 g
BR008|Energi (Energy)|100 Kal
BR008|Protein (Protein)|0.9 g
BR008|Lemak (Fat)|0.3 g
BR008|Karbohidrat (CHO)|23.5 g
BR008|Serat (Fibre)|2.1 g
BR008|Abu (ASH)|0.9 g
BR008|Kalsium (Ca)|79 mg
BR008|Fosfor (P)|66 mg
BR008|Besi (Fe)|0.9 mg
BR008|Natrium (Na)|8 mg
BR008|Kalium (K)|687.2 mg
BR008|Tembaga (Cu)|0.20 mg
BR008|Seng (Zn)|0.2 mg
BR008|Retinol (Vit. A)|0 mcg
BR008|Beta-Karoten (Carotenes)|0 mcg
BR008|Karoten Total (Re)|0 mcg
BR008|Thiamin (Vit. B1)|0.23 mg
BR008|Riboflavin (Vit. B2)|0.00 mg
BR008|Niasin (Niacin)|0.5 mg
BR008|Vitamin C (Vit. C)|2 mg
BR009|Air (Water)|79.9 g
BR009|Energi (Energy)|77 Kal
BR009|Protein (Protein)|0.6 g
BR009|Lemak (Fat)|0.2 g
BR009|Karbohidrat (CHO)|18.4 g
BR009|Serat (Fibre)|0.8 g
BR009|Abu (ASH)|0.9 g
BR009|Kalsium (Ca)|15 mg
BR009|Fosfor (P)|67 mg
BR009|Besi (Fe)|1.0 mg
BR009|Retinol (Vit. A)|0 mcg
BR009|Beta-Karoten (Carotenes)|0 mcg
BR009|Karoten Total (Re)|0 mcg
BR009|Thiamin (Vit. B1)|0.10 mg
BR009|Vitamin C (Vit. C)|9 mg
BR010|Air (Water)|66.4 g
BR010|Energi (Energy)|131 Kal
BR010|Protein (Protein)|1.1 g
BR010|Lemak (Fat)|0.2 g
BR010|Karbohidrat (CHO)|31.3 g
BR010|Serat (Fibre)|1.1 g
BR010|Abu (ASH)|1.0 g
BR010|Kalsium (Ca)|14 mg
BR010|Fosfor (P)|56 mg
BR010|Besi (Fe)|0.6 mg
BR010|Natrium (Na)|10 mg
BR010|Kalium (K)|200.0 mg
BR010|Tembaga (Cu)|0.20 mg
BR010|Seng (Zn)|0.3 mg
BR010|Retinol (Vit. A)|0 mcg
BR010|Beta-Karoten (Carotenes)|0 mcg
BR010|Karoten Total (Re)|0 mcg
BR010|Thiamin (Vit. B1)|0.08 mg
BR010|Riboflavin (Vit. B2)|0.00 mg
BR010|Niasin (Niacin)|0.9 mg
BR010|Vitamin C (Vit. C)|4 mg
BR011|Air (Water)|67.9 g
BR011|Energi (Energy)|127 Kal
BR011|Protein (Protein)|1.2 g
BR011|Lemak (Fat)|0.5 g
BR011|Karbohidrat (CHO)|29.5 g
BR011|Serat (Fibre)|3.4 g
BR011|Abu (ASH)|0.9 g
BR011|Kalsium (Ca)|30 mg
BR011|Fosfor (P)|8 mg
BR011|Besi (Fe)|0.7 mg
BR011|Natrium (Na)|3 mg
BR011|Kalium (K)|4.0 mg
BR011|Tembaga (Cu)|0.10 mg
BR011|Seng (Zn)|0.2 mg
BR011|Retinol (Vit. A)|0 mcg
BR011|Beta-Karoten (Carotenes)|0 mcg
BR011|Karoten Total (Re)|0 mcg
BR011|Thiamin (Vit. B1)|0.30 mg
BR011|Riboflavin (Vit. B2)|0.05 mg
BR011|Niasin (Niacin)|0.6 mg
BR011|Vitamin C (Vit. C)|0 mg
BR012|Air (Water)|66.5 g
BR012|Energi (Energy)|133 Kal
BR012|Protein (Protein)|1.0 g
BR012|Lemak (Fat)|0.2 g
BR012|Karbohidrat (CHO)|32.2 g
BR012|Serat (Fibre)|0.7 g
BR012|Abu (ASH)|0.5 g
BR012|Kalsium (Ca)|65 mg
BR012|Fosfor (P)|50 mg
BR012|Besi (Fe)|0.6 mg
BR012|Natrium (Na)|10 mg
BR012|Kalium (K)|899.2 mg
BR012|Tembaga (Cu)|0.20 mg
BR012|Seng (Zn)|0.2 mg
BR012|Retinol (Vit. A)|0 mcg
BR012|Beta-Karoten (Carotenes)|0 mcg
BR012|Karoten Total (Re)|0 mcg
BR012|Thiamin (Vit. B1)|0.01 mg
BR012|Riboflavin (Vit. B2)|0.00 mg
BR012|Niasin (Niacin)|0.3 mg
BR012|Vitamin C (Vit. C)|0 mg
BR013|Air (Water)|83.4 g
BR013|Energi (Energy)|62 Kal
BR013|Protein (Protein)|2.1 g
BR013|Lemak (Fat)|0.2 g
BR013|Karbohidrat (CHO)|13.5 g
BR013|Serat (Fibre)|0.5 g
BR013|Abu (ASH)|0.8 g
BR013|Kalsium (Ca)|63 mg
BR013|Fosfor (P)|58 mg
BR013|Besi (Fe)|0.7 mg
BR013|Natrium (Na)|7 mg
BR013|Kalium (K)|396.0 mg
BR013|Tembaga (Cu)|0.40 mg
BR013|Seng (Zn)|0.3 mg
BR013|Retinol (Vit. A)|0 mcg
BR013|Beta-Karoten (Carotenes)|0 mcg
BR013|Karoten Total (Re)|0 mcg
BR013|Thiamin (Vit. B1)|0.09 mg
BR013|Riboflavin (Vit. B2)|0.10 mg
BR013|Niasin (Niacin)|1.0 mg
BR013|Vitamin C (Vit. C)|21 mg
BR014|Air (Water)|64.0 g
BR014|Energi (Energy)|142 Kal
BR014|Protein (Protein)|0.9 g
BR014|Lemak (Fat)|0.4 g
BR014|Karbohidrat (CHO)|33.7 g
BR014|Serat (Fibre)|5.4 g
BR014|Abu (ASH)|1.0 g
BR014|Kalsium (Ca)|34 mg
BR014|Fosfor (P)|75 mg
BR014|Besi (Fe)|0.2 mg
BR014|Natrium (Na)|22 mg
BR014|Kalium (K)|890.3 mg
BR014|Tembaga (Cu)|0.90 mg
BR014|Seng (Zn)|0.6 mg
BR014|Beta-Karoten (Carotenes)|0 mcg
BR014|Thiamin (Vit. B1)|0.02 mg
BR014|Riboflavin (Vit. B2)|0.10 mg
BR014|Niasin (Niacin)|2.2 mg
BR014|Vitamin C (Vit. C)|38 mg
BR015|Air (Water)|67.0 g
BR015|Energi (Energy)|137 Kal
BR015|Protein (Protein)|1.3 g
BR015|Lemak (Fat)|1.1 g
BR015|Karbohidrat (CHO)|29.8 g
BR015|Serat (Fibre)|0.6 g
BR015|Abu (ASH)|0.8 g
BR015|Kalsium (Ca)|45 mg
BR015|Fosfor (P)|56 mg
BR015|Besi (Fe)|0.8 mg
BR015|Natrium (Na)|10 mg
BR015|Kalium (K)|885.8 mg
BR015|Tembaga (Cu)|0.20 mg
BR015|Seng (Zn)|0.3 mg
BR015|Retinol (Vit. A)|0 mcg
BR015|Beta-Karoten (Carotenes)|0 mcg
BR015|Karoten Total (Re)|0 mcg
BR015|Thiamin (Vit. B1)|0.00 mg
BR015|Riboflavin (Vit. B2)|0.00 mg
BR015|Niasin (Niacin)|0.7 mg
BR015|Vitamin C (Vit. C)|0 mg
BR016|Air (Water)|61.4 g
BR016|Energi (Energy)|154 Kal
BR016|Protein (Protein)|1.0 g
BR016|Lemak (Fat)|0.3 g
BR016|Karbohidrat (CHO)|36.8 g
BR016|Serat (Fibre)|0.9 g
BR016|Abu (ASH)|0.5 g
BR016|Kalsium (Ca)|77 mg
BR016|Fosfor (P)|24 mg
BR016|Besi (Fe)|1.1 mg
BR016|Natrium (Na)|2 mg
BR016|Kalium (K)|394.0 mg
BR016|Tembaga (Cu)|0.30 mg
BR016|Seng (Zn)|0.4 mg
BR016|Retinol (Vit. A)|0 mcg
BR016|Beta-Karoten (Carotenes)|0 mcg
BR016|Karoten Total (Re)|0 mcg
BR016|Thiamin (Vit. B1)|0.06 mg
BR016|Riboflavin (Vit. B2)|0.10 mg
BR016|Niasin (Niacin)|0.5 mg
BR016|Vitamin C (Vit. C)|31 mg
BR017|Air (Water)|55.3 g
BR017|Energi (Energy)|181 Kal
BR017|Protein (Protein)|2.8 g
BR017|Lemak (Fat)|1.2 g
BR017|Karbohidrat (CHO)|39.8 g
BR017|Serat (Fibre)|10.7 g
BR017|Abu (ASH)|0.9 g
BR017|Kalsium (Ca)|7 mg
BR017|Fosfor (P)|50 mg
BR017|Besi (Fe)|3.1 mg
BR017|Natrium (Na)|116 mg
BR017|Kalium (K)|306.0 mg
BR017|Tembaga (Cu)|1.60 mg
BR017|Seng (Zn)|0.9 mg
BR017|Retinol (Vit. A)|0 mcg
BR017|Beta-Karoten (Carotenes)|0 mcg
BR017|Karoten Total (Re)|0 mcg
BR017|Thiamin (Vit. B1)|0.28 mg
BR017|Riboflavin (Vit. B2)|0.05 mg
BR017|Niasin (Niacin)|1.5 mg
BR017|Vitamin C (Vit. C)|0 mg
BR018|Air (Water)|11.9 g
BR018|Energi (Energy)|355 Kal
BR018|Protein (Protein)|0.6 g
BR018|Lemak (Fat)|1.1 g
BR018|Karbohidrat (CHO)|85.6 g
BR018|Serat (Fibre)|0.3 g
BR018|Abu (ASH)|0.8 g
BR018|Kalsium (Ca)|91 mg
BR018|Fosfor (P)|167 mg
BR018|Besi (Fe)|2.2 mg
BR018|Natrium (Na)|2 mg
BR018|Kalium (K)|200.0 mg
BR018|Tembaga (Cu)|0.00 mg
BR018|Seng (Zn)|0.3 mg
BR018|Karoten Total (Re)|0 mcg
BR018|Thiamin (Vit. B1)|0.04 mg
BR018|Riboflavin (Vit. B2)|0.10 mg
BR018|Niasin (Niacin)|0.5 mg
BR018|Vitamin C (Vit. C)|0 mg
BR019|Air (Water)|42.5 g
BR019|Energi (Energy)|231 Kal
BR019|Protein (Protein)|0.6 g
BR019|Lemak (Fat)|0.2 g
BR019|Karbohidrat (CHO)|56.6 g
BR019|Serat (Fibre)|3.2 g
BR019|Abu (ASH)|0.1 g
BR019|Kalsium (Ca)|20 mg
BR019|Fosfor (P)|20 mg
BR019|Besi (Fe)|0.1 mg
BR019|Natrium (Na)|7 mg
BR019|Kalium (K)|0.0 mg
BR019|Tembaga (Cu)|0.10 mg
BR019|Seng (Zn)|0.1 mg
BR019|Retinol (Vit. A)|0 mcg
BR019|Karoten Total (Re)|0 mcg
BR019|Thiamin (Vit. B1)|0.20 mg
BR019|Riboflavin (Vit. B2)|0.00 mg
BR019|Niasin (Niacin)|0.0 mg
BR019|Vitamin C (Vit. C)|0 mg
BR020|Air (Water)|42.5 g
BR020|Energi (Energy)|230 Kal
BR020|Protein (Protein)|0.6 g
BR020|Lemak (Fat)|0.2 g
BR020|Karbohidrat (CHO)|56.5 g
BR020|Serat (Fibre)|3.0 g
BR020|Abu (ASH)|0.2 g
BR020|Kalsium (Ca)|20 mg
BR020|Fosfor (P)|1 mg
BR020|Besi (Fe)|0.3 mg
BR020|Natrium (Na)|100 mg
BR020|Kalium (K)|410.0 mg
BR020|Tembaga (Cu)|0.10 mg
BR020|Seng (Zn)|0.2 mg
BR020|Retinol (Vit. A)|0 mcg
BR020|Beta-Karoten (Carotenes)|0 mcg
BR020|Karoten Total (Re)|0 mcg
BR020|Thiamin (Vit. B1)|0.10 mg
BR020|Riboflavin (Vit. B2)|0.00 mg
BR020|Niasin (Niacin)|0.0 mg
BR020|Vitamin C (Vit. C)|0 mg
BR021|Air (Water)|13.5 g
BR021|Energi (Energy)|347 Kal
BR021|Protein (Protein)|0.9 g
BR021|Lemak (Fat)|0.3 g
BR021|Karbohidrat (CHO)|85.2 g
BR021|Serat (Fibre)|4.7 g
BR021|Abu (ASH)|0.1 g
BR021|Kalsium (Ca)|30 mg
BR021|Fosfor (P)|30 mg
BR021|Besi (Fe)|0.2 mg
BR021|Natrium (Na)|11 mg
BR021|Kalium (K)|0.0 mg
BR021|Tembaga (Cu)|0.10 mg
BR021|Seng (Zn)|0.1 mg
BR021|Retinol (Vit. A)|0 mcg
BR021|Beta-Karoten (Carotenes)|0 mcg
BR021|Thiamin (Vit. B1)|0.30 mg
BR021|Riboflavin (Vit. B2)|0.00 mg
BR021|Niasin (Niacin)|0.0 mg
BR021|Vitamin C (Vit. C)|0 mg
BR022|Air (Water)|12.0 g
BR022|Energi (Energy)|362 Kal
BR022|Protein (Protein)|0.5 g
BR022|Lemak (Fat)|0.3 g
BR022|Karbohidrat (CHO)|86.9 g
BR022|Abu (ASH)|0.3 g
BR022|Kalsium (Ca)|0 mg
BR022|Fosfor (P)|0 mg
BR022|Besi (Fe)|0.0 mg
BR022|Beta-Karoten (Carotenes)|0 mcg
BR022|Karoten Total (Re)|0 mcg
BR022|Thiamin (Vit. B1)|0.00 mg
BR022|Vitamin C (Vit. C)|0 mg
BR023|Air (Water)|14.0 g
BR023|Energi (Energy)|353 Kal
BR023|Protein (Protein)|0.7 g
BR023|Lemak (Fat)|0.2 g
BR023|Karbohidrat (CHO)|84.7 g
BR023|Serat (Fibre)|6.6 g
BR023|Abu (ASH)|0.4 g
BR023|Kalsium (Ca)|11 mg
BR023|Fosfor (P)|13 mg
BR023|Besi (Fe)|1.5 mg
BR023|Natrium (Na)|30 mg
BR023|Kalium (K)|694.6 mg
BR023|Tembaga (Cu)|0.60 mg
BR023|Seng (Zn)|2.2 mg
BR023|Beta-Karoten (Carotenes)|41 mcg
BR023|Thiamin (Vit. B1)|0.05 mg
BR023|Riboflavin (Vit. B2)|0.20 mg
BR023|Niasin (Niacin)|2.8 mg
BR023|Vitamin C (Vit. C)|5 mg
BR024|Air (Water)|80.1 g
BR024|Energi (Energy)|74 Kal
BR024|Protein (Protein)|1.4 g
BR024|Lemak (Fat)|0.1 g
BR024|Karbohidrat (CHO)|17.2 g
BR024|Serat (Fibre)|1.4 g
BR024|Abu (ASH)|1.2 g
BR024|Kalsium (Ca)|42 mg
BR024|Fosfor (P)|46 mg
BR024|Besi (Fe)|1.3 mg
BR024|Natrium (Na)|7 mg
BR024|Kalium (K)|400.0 mg
BR024|Tembaga (Cu)|0.10 mg
BR024|Seng (Zn)|0.1 mg
BR024|Retinol (Vit. A)|0 mcg
BR024|Beta-Karoten (Carotenes)|24 mcg
BR024|Karoten Total (Re)|254 mcg
BR024|Thiamin (Vit. B1)|0.04 mg
BR024|Riboflavin (Vit. B2)|0.00 mg
BR024|Niasin (Niacin)|0.4 mg
BR024|Vitamin C (Vit. C)|2 mg
BR025|Air (Water)|72.4 g
BR025|Energi (Energy)|108 Kal
BR025|Protein (Protein)|1.4 g
BR025|Lemak (Fat)|0.4 g
BR025|Karbohidrat (CHO)|25.0 g
BR025|Serat (Fibre)|0.9 g
BR025|Abu (ASH)|0.8 g
BR025|Kalsium (Ca)|47 mg
BR025|Fosfor (P)|67 mg
BR025|Besi (Fe)|0.7 mg
BR025|Natrium (Na)|10 mg
BR025|Kalium (K)|448.0 mg
BR025|Tembaga (Cu)|0.20 mg
BR025|Seng (Zn)|0.7 mg
BR025|Retinol (Vit. A)|0 mcg
BR025|Beta-Karoten (Carotenes)|0 mcg
BR025|Karoten Total (Re)|0 mcg
BR025|Thiamin (Vit. B1)|0.06 mg
BR025|Riboflavin (Vit. B2)|0.07 mg
BR025|Niasin (Niacin)|1.0 mg
BR025|Vitamin C (Vit. C)|4 mg
BR026|Air (Water)|60.0 g
BR026|Energi (Energy)|163 Kal
BR026|Protein (Protein)|2.3 g
BR026|Lemak (Fat)|0.5 g
BR026|Karbohidrat (CHO)|36.4 g
BR026|Serat (Fibre)|0.7 g
BR026|Abu (ASH)|0.9 g
BR026|Kalsium (Ca)|45 mg
BR026|Fosfor (P)|80 mg
BR026|Besi (Fe)|1.7 mg
BR026|Natrium (Na)|14 mg
BR026|Kalium (K)|323.1 mg
BR026|Tembaga (Cu)|0.30 mg
BR026|Seng (Zn)|1.0 mg
BR026|Retinol (Vit. A)|0 mcg
BR026|Beta-Karoten (Carotenes)|0 mcg
BR026|Karoten Total (Re)|0 mcg
BR026|Thiamin (Vit. B1)|0.02 mg
BR026|Riboflavin (Vit. B2)|0.10 mg
BR026|Niasin (Niacin)|1.3 mg
BR027|Air (Water)|70.6 g
BR027|Energi (Energy)|115 Kal
BR027|Protein (Protein)|1.8 g
BR027|Lemak (Fat)|0.5 g
BR027|Karbohidrat (CHO)|25.9 g
BR027|Serat (Fibre)|8.6 g
BR027|Abu (ASH)|1.2 g
BR027|Kalsium (Ca)|50 mg
BR027|Fosfor (P)|220 mg
BR027|Besi (Fe)|0.9 mg
BR027|Natrium (Na)|1 mg
BR027|Kalium (K)|70.0 mg
BR027|Tembaga (Cu)|0.30 mg
BR027|Seng (Zn)|1.0 mg
BR027|Retinol (Vit. A)|0 mcg
BR027|Beta-Karoten (Carotenes)|0 mcg
BR027|Karoten Total (Re)|0 mcg
BR027|Thiamin (Vit. B1)|0.08 mg
BR027|Riboflavin (Vit. B2)|0.10 mg
BR027|Niasin (Niacin)|0.9 mg
BR028|Air (Water)|72.6 g
BR028|Energi (Energy)|119 Kal
BR028|Protein (Protein)|0.5 g
BR028|Lemak (Fat)|0.4 g
BR028|Karbohidrat (CHO)|25.1 g
BR028|Serat (Fibre)|4.2 g
BR028|Abu (ASH)|1.0 g
BR028|Kalsium (Ca)|30 mg
BR028|Fosfor (P)|40 mg
BR028|Besi (Fe)|0.4 mg
BR028|Natrium (Na)|3 mg
BR028|Kalium (K)|1.0 mg
BR028|Tembaga (Cu)|0.10 mg
BR028|Seng (Zn)|0.2 mg
BR028|Retinol (Vit. A)|0 mcg
BR028|Beta-Karoten (Carotenes)|794 mcg
BR028|Karoten Total (Re)|4,948 mcg
BR028|Thiamin (Vit. B1)|0.06 mg
BR028|Riboflavin (Vit. B2)|0.07 mg
BR028|Niasin (Niacin)|0.7 mg
BR028|Vitamin C (Vit. C)|21 mg
BR029|Air (Water)|78.4 g
BR029|Energi (Energy)|83 Kal
BR029|Protein (Protein)|1.5 g
BR029|Lemak (Fat)|0.2 g
BR029|Karbohidrat (CHO)|18.8 g
BR029|Serat (Fibre)|0.6 g
BR029|Abu (ASH)|1.1 g
BR029|Kalsium (Ca)|27 mg
BR029|Fosfor (P)|162 mg
BR029|Besi (Fe)|2.1 mg
BR029|Natrium (Na)|52 mg
BR029|Kalium (K)|320.7 mg
BR029|Tembaga (Cu)|0.10 mg
BR029|Seng (Zn)|0.3 mg
BR029|Retinol (Vit. A)|0 mcg
BR029|Beta-Karoten (Carotenes)|0 mcg
BR029|Karoten Total (Re)|0 mcg
BR029|Thiamin (Vit. B1)|0.02 mg
BR029|Riboflavin (Vit. B2)|0.00 mg
BR029|Niasin (Niacin)|0.4 mg
BR029|Vitamin C (Vit. C)|0 mg
BR030|Air (Water)|61.9 g
BR030|Energi (Energy)|151 Kal
BR030|Protein (Protein)|1.6 g
BR030|Lemak (Fat)|0.3 g
BR030|Karbohidrat (CHO)|35.4 g
BR030|Serat (Fibre)|0.7 g
BR030|Abu (ASH)|0.6 g
BR030|Kalsium (Ca)|29 mg
BR030|Fosfor (P)|74 mg
BR030|Besi (Fe)|0.7 mg
BR030|Natrium (Na)|92 mg
BR030|Kalium (K)|565.6 mg
BR030|Tembaga (Cu)|0.30 mg
BR030|Seng (Zn)|0.5 mg
BR030|Retinol (Vit. A)|0 mcg
BR030|Beta-Karoten (Carotenes)|0 mcg
BR030|Karoten Total (Re)|1,208 mcg
BR030|Thiamin (Vit. B1)|0.13 mg
BR030|Riboflavin (Vit. B2)|0.08 mg
BR030|Niasin (Niacin)|0.7 mg
BR030|Vitamin C (Vit. C)|11 mg
BR031|Air (Water)|77.8 g
BR031|Energi (Energy)|88 Kal
BR031|Protein (Protein)|0.4 g
BR031|Lemak (Fat)|0.4 g
BR031|Karbohidrat (CHO)|20.6 g
BR031|Serat (Fibre)|4.0 g
BR031|Abu (ASH)|0.8 g
BR031|Kalsium (Ca)|30 mg
BR031|Fosfor (P)|10 mg
BR031|Besi (Fe)|0.5 mg
BR031|Natrium (Na)|2 mg
BR031|Kalium (K)|4.0 mg
BR031|Tembaga (Cu)|0.10 mg
BR031|Seng (Zn)|0.2 mg
BR031|Retinol (Vit. A)|0 mcg
BR031|Beta-Karoten (Carotenes)|13 mcg
BR031|Karoten Total (Re)|264 mcg
BR031|Thiamin (Vit. B1)|0.25 mg
BR031|Riboflavin (Vit. B2)|0.06 mg
BR031|Niasin (Niacin)|0.5 mg
BR031|Vitamin C (Vit. C)|36 mg
BR032|Air (Water)|72.5 g
BR032|Energi (Energy)|108 Kal
BR032|Protein (Protein)|0.5 g
BR032|Lemak (Fat)|0.4 g
BR032|Karbohidrat (CHO)|25.6 g
BR032|Serat (Fibre)|4.2 g
BR032|Abu (ASH)|1.0 g
BR032|Kalsium (Ca)|30 mg
BR032|Fosfor (P)|40 mg
BR032|Besi (Fe)|0.5 mg
BR032|Natrium (Na)|1 mg
BR032|Kalium (K)|1.0 mg
BR032|Tembaga (Cu)|0.10 mg
BR032|Seng (Zn)|0.2 mg
BR032|Retinol (Vit. A)|0 mcg
BR032|Beta-Karoten (Carotenes)|13 mcg
BR032|Karoten Total (Re)|0 mcg
BR032|Thiamin (Vit. B1)|0.09 mg
BR032|Riboflavin (Vit. B2)|0.06 mg
BR032|Niasin (Niacin)|0.6 mg
BR032|Vitamin C (Vit. C)|24 mg
BR033|Air (Water)|69.7 g
BR033|Energi (Energy)|120 Kal
BR033|Protein (Protein)|2.8 g
BR033|Lemak (Fat)|0.5 g
BR033|Karbohidrat (CHO)|82.3 g
BR033|Serat (Fibre)|2.6 g
BR033|Abu (ASH)|0.9 g
BR033|Kalsium (Ca)|9 mg
BR033|Fosfor (P)|42 mg
BR033|Besi (Fe)|1.3 mg
BR033|Natrium (Na)|12 mg
BR033|Kalium (K)|412.0 mg
BR033|Tembaga (Cu)|0.30 mg
BR033|Seng (Zn)|0.6 mg
BR033|Beta-Karoten (Carotenes)|0 mcg
BR033|Karoten Total (Re)|0 mcg
BR033|Thiamin (Vit. B1)|0.02 mg
BR033|Riboflavin (Vit. B2)|0.50 mg
BR033|Niasin (Niacin)|0.2 mg
BR033|Vitamin C (Vit. C)|4 mg
CP001|Air (Water)|55.6 g
CP001|Energi (Energy)|204 Kal
CP001|Protein (Protein)|16.9 g
CP001|Lemak (Fat)|8.8 g
CP001|Karbohidrat (CHO)|17.5 g
CP001|Serat (Fibre)|4.8 g
CP001|Abu (ASH)|1.2 g
CP001|Kalsium (Ca)|230 mg
CP001|Fosfor (P)|180 mg
CP001|Besi (Fe)|3.3 mg
CP001|Natrium (Na)|43 mg
CP001|Kalium (K)|1,098.0 mg
CP001|Tembaga (Cu)|3.24 mg
CP001|Seng (Zn)|2.3 mg
CP001|Thiamin (Vit. B1)|0.20 mg
CP001|Riboflavin (Vit. B2)|0.48 mg
CP001|Niasin (Niacin)|0.7 mg
CP002|Air (Water)|3.0 g
CP002|Energi (Energy)|479 Kal
CP002|Protein (Protein)|12.7 g
CP002|Lemak (Fat)|23.2 g
CP002|Karbohidrat (CHO)|58.9 g
CP002|Serat (Fibre)|1.2 g
CP002|Abu (ASH)|2.2 g
CP002|Kalsium (Ca)|135 mg
CP002|Fosfor (P)|184 mg
CP002|Besi (Fe)|2.9 mg
CP002|Thiamin (Vit. B1)|0.25 mg
CP002|Riboflavin (Vit. B2)|0.45 mg
CP002|Niasin (Niacin)|4.1 mg
CP003|Air (Water)|61.2 g
CP003|Energi (Energy)|161 Kal
CP003|Protein (Protein)|7.7 g
CP003|Lemak (Fat)|2.8 g
CP003|Karbohidrat (CHO)|27.1 g
CP003|Serat (Fibre)|2.0 g
CP003|Abu (ASH)|1.2 g
CP003|Kalsium (Ca)|56 mg
CP003|Fosfor (P)|134 mg
CP003|Besi (Fe)|1.4 mg
CP003|Thiamin (Vit. B1)|0.10 mg
CP004|Air (Water)|61.5 g
CP004|Energi (Energy)|147 Kal
CP004|Protein (Protein)|9.0 g
CP004|Lemak (Fat)|0.5 g
CP004|Karbohidrat (CHO)|27.5 g
CP004|Serat (Fibre)|3.4 g
CP004|Abu (ASH)|1.5 g
CP004|Kalsium (Ca)|50 mg
CP004|Fosfor (P)|175 mg
CP004|Besi (Fe)|2.0 mg
CP004|Natrium (Na)|14 mg
CP004|Kalium (K)|1,126.0 mg
CP004|Tembaga (Cu)|0.80 mg
CP004|Seng (Zn)|2.7 mg
CP004|Beta-Karoten (Carotenes)|12 mcg
CP004|Thiamin (Vit. B1)|0.10 mg
CP004|Riboflavin (Vit. B2)|0.07 mg
CP004|Niasin (Niacin)|13.2 mg
CP005|Air (Water)|71.3 g
CP005|Energi (Energy)|109 Kal
CP005|Protein (Protein)|8.7 g
CP005|Lemak (Fat)|0.5 g
CP005|Karbohidrat (CHO)|18.3 g
CP005|Serat (Fibre)|1.5 g
CP005|Abu (ASH)|1.2 g
CP005|Kalsium (Ca)|95 mg
CP005|Fosfor (P)|149 mg
CP005|Besi (Fe)|1.5 mg
CP005|Natrium (Na)|447 mg
CP005|Kalium (K)|657.8 mg
CP005|Tembaga (Cu)|1.40 mg
CP005|Seng (Zn)|2.8 mg
CP005|Beta-Karoten (Carotenes)|18 mcg
CP005|Karoten Total (Re)|120 mcg
CP005|Thiamin (Vit. B1)|0.12 mg
CP005|Riboflavin (Vit. B2)|0.04 mg
CP005|Niasin (Niacin)|0.4 mg
CP005|Vitamin C (Vit. C)|3 mg
CP006|Air (Water)|9.6 g
CP006|Energi (Energy)|521 Kal
CP006|Protein (Protein)|32.2 g
CP006|Lemak (Fat)|37.7 g
CP006|Karbohidrat (CHO)|22.9 g
CP006|Serat (Fibre)|7.6 g
CP006|Abu (ASH)|3.7 g
CP006|Kalsium (Ca)|296 mg
CP006|Fosfor (P)|800 mg
CP006|Besi (Fe)|6.5 mg
CP006|Natrium (Na)|3,492 mg
CP006|Kalium (K)|11,890.0 mg
CP006|Tembaga (Cu)|26.30 mg
CP006|Seng (Zn)|60.0 mg
CP006|Karoten Total (Re)|20 mcg
CP006|Thiamin (Vit. B1)|0.40 mg
CP006|Riboflavin (Vit. B2)|1.90 mg
CP006|Niasin (Niacin)|19.0 mg
CP007|Air (Water)|56.8 g
CP007|Energi (Energy)|189 Kal
CP007|Protein (Protein)|20.2 g
CP007|Lemak (Fat)|8.2 g
CP007|Karbohidrat (CHO)|12.7 g
CP007|Serat (Fibre)|1.6 g
CP007|Abu (ASH)|2.1 g
CP007|Kalsium (Ca)|91 mg
CP007|Fosfor (P)|270 mg
CP007|Besi (Fe)|3.9 mg
CP007|Natrium (Na)|181 mg
CP007|Kalium (K)|615.0 mg
CP007|Tembaga (Cu)|1.30 mg
CP007|Seng (Zn)|3.7 mg
CP007|Beta-Karoten (Carotenes)|4 mcg
CP007|Karoten Total (Re)|15 mcg
CP007|Thiamin (Vit. B1)|0.20 mg
CP007|Riboflavin (Vit. B2)|0.04 mg
CP007|Niasin (Niacin)|0.5 mg
CP007|Vitamin C (Vit. C)|0 mg
CP008|Air (Water)|59.6 g
CP008|Energi (Energy)|158 Kal
CP008|Protein (Protein)|10.3 g
CP008|Lemak (Fat)|0.9 g
CP008|Karbohidrat (CHO)|28.2 g
CP008|Serat (Fibre)|2.6 g
CP008|Abu (ASH)|1.0 g
CP008|Kalsium (Ca)|160 mg
CP008|Fosfor (P)|149 mg
CP008|Besi (Fe)|3.7 mg
CP008|Natrium (Na)|6 mg
CP008|Kalium (K)|311.0 mg
CP008|Tembaga (Cu)|0.27 mg
CP008|Seng (Zn)|1.5 mg
CP008|Thiamin (Vit. B1)|0.20 mg
CP008|Riboflavin (Vit. B2)|0.09 mg
CP008|Niasin (Niacin)|0.8 mg
CP009|Air (Water)|63.1 g
CP009|Energi (Energy)|144 Kal
CP009|Protein (Protein)|10.0 g
CP009|Lemak (Fat)|1.0 g
CP009|Karbohidrat (CHO)|24.7 g
CP009|Serat (Fibre)|3.5 g
CP009|Abu (ASH)|1.2 g
CP009|Kalsium (Ca)|144 mg
CP009|Fosfor (P)|150 mg
CP009|Besi (Fe)|2.8 mg
CP009|Natrium (Na)|6 mg
CP009|Kalium (K)|311.0 mg
CP009|Tembaga (Cu)|0.27 mg
CP009|Seng (Zn)|1.5 mg
CP009|Beta-Karoten (Carotenes)|0 mcg
CP009|Thiamin (Vit. B1)|0.10 mg
CP009|Riboflavin (Vit. B2)|0.08 mg
CP009|Niasin (Niacin)|0.7 mg
CP010|Air (Water)|1.0 g
CP010|Energi (Energy)|629 Kal
CP010|Protein (Protein)|20.4 g
CP010|Lemak (Fat)|56.3 g
CP010|Karbohidrat (CHO)|19.8 g
CP010|Serat (Fibre)|1.1 g
CP010|Abu (ASH)|2.5 g
CP010|Kalsium (Ca)|502 mg
CP010|Fosfor (P)|493 mg
CP010|Besi (Fe)|8.0 mg
CP010|Natrium (Na)|13 mg
CP010|Kalium (K)|641.7 mg
CP010|Tembaga (Cu)|4.70 mg
CP010|Seng (Zn)|5.4 mg
CP010|Beta-Karoten (Carotenes)|5 mcg
CP010|Thiamin (Vit. B1)|0.37 mg
CP010|Riboflavin (Vit. B2)|0.22 mg
CP010|Niasin (Niacin)|1.8 mg
CP011|Air (Water)|40.2 g
CP011|Energi (Energy)|360 Kal
CP011|Protein (Protein)|13.5 g
CP011|Lemak (Fat)|31.2 g
CP011|Karbohidrat (CHO)|12.8 g
CP011|Abu (ASH)|2.3 g
CP011|Kalsium (Ca)|42 mg
CP011|Fosfor (P)|177 mg
CP011|Besi (Fe)|1.4 mg
CP011|Natrium (Na)|32 mg
CP011|Kalium (K)|483.0 mg
CP011|Tembaga (Cu)|1.60 mg
CP011|Seng (Zn)|2.0 mg
CP011|Retinol (Vit. A)|0 mcg
CP011|Thiamin (Vit. B1)|0.44 mg
CP011|Riboflavin (Vit. B2)|0.13 mg
CP011|Niasin (Niacin)|9.0 mg
CP011|Vitamin C (Vit. C)|5 mg
CP012|Air (Water)|2.5 g
CP012|Energi (Energy)|564 Kal
CP012|Protein (Protein)|25.5 g
CP012|Lemak (Fat)|44.4 g
CP012|Karbohidrat (CHO)|25.5 g
CP012|Serat (Fibre)|2.8 g
CP012|Abu (ASH)|2.8 g
CP012|Kalsium (Ca)|106 mg
CP012|Fosfor (P)|390 mg
CP012|Besi (Fe)|4.1 mg
CP012|Thiamin (Vit. B1)|0.40 mg
CP013|Air (Water)|62.1 g
CP013|Energi (Energy)|220 Kal
CP013|Protein (Protein)|10.6 g
CP013|Lemak (Fat)|18.0 g
CP013|Karbohidrat (CHO)|8.0 g
CP013|Serat (Fibre)|1.0 g
CP013|Abu (ASH)|1.3 g
CP013|Kalsium (Ca)|89 mg
CP013|Fosfor (P)|273 mg
CP013|Besi (Fe)|1.9 mg
CP013|Natrium (Na)|36 mg
CP013|Kalium (K)|536.2 mg
CP013|Tembaga (Cu)|1.78 mg
CP013|Seng (Zn)|2.2 mg
CP013|Thiamin (Vit. B1)|0.10 mg
CP013|Vitamin C (Vit. C)|0 mg
CP014|Air (Water)|64.4 g
CP014|Energi (Energy)|138 Kal
CP014|Protein (Protein)|10.7 g
CP014|Lemak (Fat)|1.1 g
CP014|Karbohidrat (CHO)|22.6 g
CP014|Serat (Fibre)|0.9 g
CP014|Abu (ASH)|1.2 g
CP014|Kalsium (Ca)|165 mg
CP014|Fosfor (P)|172 mg
CP014|Besi (Fe)|4.0 mg
CP014|Natrium (Na)|13 mg
CP014|Kalium (K)|6.7 mg
CP014|Tembaga (Cu)|0.80 mg
CP014|Seng (Zn)|6.1 mg
CP014|Thiamin (Vit. B1)|0.01 mg
CP014|Riboflavin (Vit. B2)|0.17 mg
CP014|Niasin (Niacin)|3.2 mg
CP015|Air (Water)|70.6 g
CP015|Energi (Energy)|96 Kal
CP015|Protein (Protein)|3.7 g
CP015|Lemak (Fat)|0.6 g
CP015|Karbohidrat (CHO)|19.1 g
CP015|Serat (Fibre)|2.7 g
CP015|Abu (ASH)|0.6 g
CP015|Kalsium (Ca)|133 mg
CP015|Fosfor (P)|150 mg
CP015|Besi (Fe)|1.3 mg
CP015|Thiamin (Vit. B1)|0.05 mg
CP016|Air (Water)|84.1 g
CP016|Energi (Energy)|67 Kal
CP016|Protein (Protein)|5.0 g
CP016|Lemak (Fat)|2.1 g
CP016|Karbohidrat (CHO)|8.1 g
CP016|Serat (Fibre)|4.1 g
CP016|Abu (ASH)|0.6 g
CP016|Kalsium (Ca)|460 mg
CP016|Fosfor (P)|88 mg
CP016|Besi (Fe)|1.0 mg
CP016|Natrium (Na)|8 mg
CP016|Kalium (K)|184.5 mg
CP016|Tembaga (Cu)|0.17 mg
CP016|Seng (Zn)|0.5 mg
CP016|Beta-Karoten (Carotenes)|0 mcg
CP016|Thiamin (Vit. B1)|0.06 mg
CP016|Riboflavin (Vit. B2)|0.02 mg
CP016|Niasin (Niacin)|0.1 mg
CP017|Air (Water)|82.5 g
CP017|Energi (Energy)|75 Kal
CP017|Protein (Protein)|4.1 g
CP017|Lemak (Fat)|2.1 g
CP017|Karbohidrat (CHO)|10.7 g
CP017|Serat (Fibre)|5.1 g
CP017|Abu (ASH)|0.6 g
CP017|Kalsium (Ca)|203 mg
CP017|Fosfor (P)|60 mg
CP017|Besi (Fe)|1.3 mg
CP017|Beta-Karoten (Carotenes)|0 mcg
CP017|Thiamin (Vit. B1)|0.07 mg
CP018|Air (Water)|9.0 g
CP018|Energi (Energy)|414 Kal
CP018|Protein (Protein)|26.6 g
CP018|Lemak (Fat)|18.3 g
CP018|Karbohidrat (CHO)|41.3 g
CP018|Serat (Fibre)|0.0 g
CP018|Abu (ASH)|5.8 g
CP018|Kalsium (Ca)|19 mg
CP018|Fosfor (P)|29 mg
CP018|Besi (Fe)|4.0 mg
CP018|Natrium (Na)|45 mg
CP018|Kalium (K)|1,055.7 mg
CP018|Tembaga (Cu)|0.99 mg
CP018|Seng (Zn)|2.8 mg
CP018|Retinol (Vit. A)|0 mcg
CP018|Beta-Karoten (Carotenes)|24 mcg
CP018|Thiamin (Vit. B1)|0.20 mg
CP018|Riboflavin (Vit. B2)|0.10 mg
CP018|Niasin (Niacin)|0.5 mg
CP018|Vitamin C (Vit. C)|0 mg
CP019|Air (Water)|80.9 g
CP019|Energi (Energy)|76 Kal
CP019|Protein (Protein)|5.2 g
CP019|Lemak (Fat)|1.8 g
CP019|Karbohidrat (CHO)|10.6 g
CP019|Serat (Fibre)|2.2 g
CP019|Abu (ASH)|1.5 g
CP019|Kalsium (Ca)|215 mg
CP019|Fosfor (P)|66 mg
CP019|Besi (Fe)|12.5 mg
CP019|Karoten Total (Re)|268 mcg
CP019|Thiamin (Vit. B1)|0.11 mg
CP020|Air (Water)|12.0 g
CP020|Energi (Energy)|333 Kal
CP020|Protein (Protein)|29.3 g
CP020|Lemak (Fat)|3.3 g
CP020|Karbohidrat (CHO)|50.0 g
CP020|Abu (ASH)|29.4 g
CP020|Kalsium (Ca)|102 mg
CP020|Fosfor (P)|660 mg
CP020|Besi (Fe)|12.0 mg
CP020|Retinol (Vit. A)|0 mcg
CP020|Thiamin (Vit. B1)|0.10 mg
CP020|Vitamin C (Vit. C)|0 mg
CP021|Air (Water)|14.0 g
CP021|Energi (Energy)|336 Kal
CP021|Protein (Protein)|37.4 g
CP021|Lemak (Fat)|13.0 g
CP021|Karbohidrat (CHO)|30.5 g
CP021|Abu (ASH)|33.1 g
CP021|Kalsium (Ca)|730 mg
CP021|Fosfor (P)|470 mg
CP021|Besi (Fe)|30.7 mg
CP021|Retinol (Vit. A)|0 mcg
CP021|Thiamin (Vit. B1)|0.04 mg
CP022|Air (Water)|16.0 g
CP022|Energi (Energy)|368 Kal
CP022|Protein (Protein)|23.0 g
CP022|Lemak (Fat)|15.0 g
CP022|Karbohidrat (CHO)|40.0 g
CP022|Abu (ASH)|38.0 g
CP022|Kalsium (Ca)|137 mg
CP022|Fosfor (P)|433 mg
CP022|Besi (Fe)|41.5 mg
CP022|Retinol (Vit. A)|0 mcg
CP022|Thiamin (Vit. B1)|0.00 mg
CP022|Riboflavin (Vit. B2)|0.46 mg
CP022|Niasin (Niacin)|8.9 mg
CP023|Air (Water)|17.3 g
CP023|Energi (Energy)|368 Kal
CP023|Protein (Protein)|2.6 g
CP023|Lemak (Fat)|8.6 g
CP023|Karbohidrat (CHO)|70.0 g
CP023|Serat (Fibre)|0.5 g
CP023|Abu (ASH)|1.5 g
CP023|Kalsium (Ca)|51 mg
CP023|Fosfor (P)|180 mg
CP023|Besi (Fe)|3.3 mg
CP023|Natrium (Na)|48 mg
CP023|Kalium (K)|96.0 mg
CP023|Tembaga (Cu)|0.40 mg
CP023|Seng (Zn)|2.6 mg
CP023|Retinol (Vit. A)|0 mcg
CP023|Beta-Karoten (Carotenes)|0 mcg
CP023|Karoten Total (Re)|0 mcg
CP023|Thiamin (Vit. B1)|0.04 mg
CP023|Riboflavin (Vit. B2)|0.07 mg
CP023|Niasin (Niacin)|2.3 mg
CP023|Vitamin C (Vit. C)|0 mg
CP024|Air (Water)|13.0 g
CP024|Energi (Energy)|345 Kal
CP024|Protein (Protein)|12.0 g
CP024|Lemak (Fat)|1.5 g
CP024|Karbohidrat (CHO)|71.5 g
CP024|Abu (ASH)|28.0 g
CP024|Kalsium (Ca)|100 mg
CP024|Fosfor (P)|400 mg
CP024|Besi (Fe)|5.0 mg
CP024|Thiamin (Vit. B1)|0.20 mg
CP024|Vitamin C (Vit. C)|0 mg
CP025|Air (Water)|14.2 g
CP025|Energi (Energy)|355 Kal
CP025|Protein (Protein)|17.8 g
CP025|Lemak (Fat)|4.6 g
CP025|Karbohidrat (CHO)|60.7 g
CP025|Abu (ASH)|2.7 g
CP025|Kalsium (Ca)|87 mg
CP025|Fosfor (P)|304 mg
CP025|Besi (Fe)|4.3 mg
CP025|Natrium (Na)|24 mg
CP025|Kalium (K)|1,233.0 mg
CP025|Tembaga (Cu)|1.00 mg
CP025|Seng (Zn)|2.3 mg
CP025|Beta-Karoten (Carotenes)|0 mcg
CP025|Niasin (Niacin)|0.6 mg
CP026|Air (Water)|2.4 g
CP026|Energi (Energy)|538 Kal
CP026|Protein (Protein)|13.6 g
CP026|Lemak (Fat)|30.3 g
CP026|Karbohidrat (CHO)|52.6 g
CP026|Serat (Fibre)|0.2 g
CP026|Abu (ASH)|1.0 g
CP026|Kalsium (Ca)|81 mg
CP026|Fosfor (P)|248 mg
CP026|Besi (Fe)|1.6 mg
CP026|Retinol (Vit. A)|0 mcg
CP026|Karoten Total (Re)|202 mcg
CP026|Thiamin (Vit. B1)|1.00 mg
CP026|Vitamin C (Vit. C)|0 mg
CP027|Air (Water)|4.2 g
CP027|Energi (Energy)|524 Kal
CP027|Protein (Protein)|13.3 g
CP027|Lemak (Fat)|29.2 g
CP027|Karbohidrat (CHO)|52.0 g
CP027|Serat (Fibre)|0.2 g
CP027|Abu (ASH)|1.4 g
CP027|Kalsium (Ca)|76 mg
CP027|Fosfor (P)|248 mg
CP027|Besi (Fe)|1.4 mg
CP027|Retinol (Vit. A)|0 mcg
CP027|Karoten Total (Re)|272 mcg
CP027|Thiamin (Vit. B1)|0.62 mg
CP027|Vitamin C (Vit. C)|0 mg
CP028|Air (Water)|3.7 g
CP028|Energi (Energy)|565 Kal
CP028|Protein (Protein)|18.2 g
CP028|Lemak (Fat)|38.4 g
CP028|Karbohidrat (CHO)|36.8 g
CP028|Serat (Fibre)|1.9 g
CP028|Abu (ASH)|3.0 g
CP028|Kalsium (Ca)|251 mg
CP028|Fosfor (P)|502 mg
CP028|Besi (Fe)|10.9 mg
CP028|Retinol (Vit. A)|0 mcg
CP028|Karoten Total (Re)|240 mcg
CP028|Thiamin (Vit. B1)|0.92 mg
CP028|Vitamin C (Vit. C)|0 mg
CP029|Air (Water)|29.6 g
CP029|Energi (Energy)|350 Kal
CP029|Protein (Protein)|1.4 g
CP029|Lemak (Fat)|14.4 g
CP029|Karbohidrat (CHO)|53.6 g
CP029|Serat (Fibre)|1.8 g
CP029|Abu (ASH)|1.0 g
CP029|Kalsium (Ca)|151 mg
CP029|Fosfor (P)|43 mg
CP029|Besi (Fe)|2.1 mg
CP029|Retinol (Vit. A)|0 mcg
CP029|Karoten Total (Re)|120 mcg
CP029|Thiamin (Vit. B1)|0.12 mg
CP029|Riboflavin (Vit. B2)|0.02 mg
CP029|Niasin (Niacin)|0.8 mg
CP029|Vitamin C (Vit. C)|0 mg
CP030|Air (Water)|12.4 g
CP030|Energi (Energy)|462 Kal
CP030|Protein (Protein)|3.1 g
CP030|Lemak (Fat)|24.4 g
CP030|Karbohidrat (CHO)|57.7 g
CP030|Serat (Fibre)|3.3 g
CP030|Abu (ASH)|2.5 g
CP030|Kalsium (Ca)|212 mg
CP030|Fosfor (P)|161 mg
CP030|Besi (Fe)|6.6 mg
CP030|Retinol (Vit. A)|0 mcg
CP030|Karoten Total (Re)|272 mcg
CP030|Thiamin (Vit. B1)|0.12 mg
CP030|Riboflavin (Vit. B2)|0.00 mg
CP030|Niasin (Niacin)|0.1 mg
CP030|Vitamin C (Vit. C)|0 mg
CP031|Air (Water)|3.1 g
CP031|Energi (Energy)|533 Kal
CP031|Protein (Protein)|27.8 g
CP031|Lemak (Fat)|38.1 g
CP031|Karbohidrat (CHO)|28.8 g
CP031|Serat (Fibre)|2.5 g
CP031|Abu (ASH)|2.2 g
CP031|Kalsium (Ca)|87 mg
CP031|Fosfor (P)|423 mg
CP031|Besi (Fe)|3.0 mg
CP031|Karoten Total (Re)|0 mcg
CP031|Thiamin (Vit. B1)|0.06 mg
CP031|Vitamin C (Vit. C)|0 mg
CP032|Air (Water)|8.3 g
CP032|Energi (Energy)|516 Kal
CP032|Protein (Protein)|14.7 g
CP032|Lemak (Fat)|31.1 g
CP032|Karbohidrat (CHO)|44.4 g
CP032|Abu (ASH)|1.5 g
CP032|Kalsium (Ca)|34 mg
CP032|Fosfor (P)|230 mg
CP032|Besi (Fe)|0.7 mg
CP032|Natrium (Na)|2 mg
CP032|Kalium (K)|365.0 mg
CP032|Tembaga (Cu)|0.60 mg
CP032|Seng (Zn)|1.7 mg
CP033|Air (Water)|3.1 g
CP033|Energi (Energy)|480 Kal
CP033|Protein (Protein)|18.4 g
CP033|Lemak (Fat)|19.1 g
CP033|Karbohidrat (CHO)|58.5 g
CP033|Serat (Fibre)|11.7 g
CP033|Abu (ASH)|0.9 g
CP033|Kalsium (Ca)|34 mg
CP033|Fosfor (P)|404 mg
CP033|Besi (Fe)|10.3 mg
CP033|Natrium (Na)|1,010 mg
CP033|Kalium (K)|385.0 mg
CP033|Tembaga (Cu)|2.50 mg
CP033|Seng (Zn)|7.1 mg
CP033|Thiamin (Vit. B1)|0.63 mg
CP033|Riboflavin (Vit. B2)|0.05 mg
CP033|Niasin (Niacin)|2.6 mg
CP034|Air (Water)|4.7 g
CP034|Energi (Energy)|484 Kal
CP034|Protein (Protein)|8.8 g
CP034|Lemak (Fat)|26.1 g
CP034|Karbohidrat (CHO)|57.7 g
CP034|Serat (Fibre)|1.8 g
CP034|Abu (ASH)|2.7 g
CP034|Kalsium (Ca)|49 mg
CP034|Fosfor (P)|194 mg
CP034|Besi (Fe)|2.5 mg
CP034|Karoten Total (Re)|0 mcg
CP034|Thiamin (Vit. B1)|0.06 mg
CP034|Vitamin C (Vit. C)|0 mg
CP035|Air (Water)|2.1 g
CP035|Energi (Energy)|561 Kal
CP035|Protein (Protein)|25.5 g
CP035|Lemak (Fat)|43.8 g
CP035|Karbohidrat (CHO)|26.0 g
CP035|Serat (Fibre)|2.2 g
CP035|Abu (ASH)|2.6 g
CP035|Kalsium (Ca)|50 mg
CP035|Fosfor (P)|324 mg
CP035|Besi (Fe)|3.1 mg
CP035|Karoten Total (Re)|0 mcg
CP035|Thiamin (Vit. B1)|0.08 mg
CP035|Vitamin C (Vit. C)|0 mg
CP036|Air (Water)|3.0 g
CP036|Energi (Energy)|590 Kal
CP036|Protein (Protein)|27.0 g
CP036|Lemak (Fat)|49.0 g
CP036|Karbohidrat (CHO)|20.9 g
CP036|Serat (Fibre)|1.6 g
CP036|Abu (ASH)|0.1 g
CP036|Kalsium (Ca)|60 mg
CP036|Fosfor (P)|360 mg
CP036|Besi (Fe)|2.0 mg
CP036|Natrium (Na)|355 mg
CP036|Kalium (K)|492.4 mg
CP036|Tembaga (Cu)|0.57 mg
CP036|Seng (Zn)|2.7 mg
CP036|Retinol (Vit. A)|0 mcg
CP036|Beta-Karoten (Carotenes)|0 mcg
CP036|Thiamin (Vit. B1)|0.30 mg
CP036|Riboflavin (Vit. B2)|0.20 mg
CP036|Niasin (Niacin)|16.2 mg
CP036|Vitamin C (Vit. C)|0 mg
CP037|Air (Water)|10.8 g
CP037|Energi (Energy)|380 Kal
CP037|Protein (Protein)|48.9 g
CP037|Lemak (Fat)|13.8 g
CP037|Karbohidrat (CHO)|23.3 g
CP037|Serat (Fibre)|0.0 g
CP037|Abu (ASH)|3.2 g
CP037|Kalsium (Ca)|378 mg
CP037|Fosfor (P)|781 mg
CP037|Besi (Fe)|2.1 mg
CP037|Natrium (Na)|55 mg
CP037|Kalium (K)|455.3 mg
CP037|Tembaga (Cu)|0.68 mg
CP037|Seng (Zn)|4.2 mg
CP037|Beta-Karoten (Carotenes)|0 mcg
CP037|Thiamin (Vit. B1)|0.15 mg
CP037|Riboflavin (Vit. B2)|0.08 mg
CP037|Niasin (Niacin)|0.7 mg
CP038|Air (Water)|79.8 g
CP038|Energi (Energy)|90 Kal
CP038|Protein (Protein)|10.7 g
CP038|Lemak (Fat)|4.0 g
CP038|Karbohidrat (CHO)|4.7 g
CP038|Abu (ASH)|0.8 g
CP038|Kalsium (Ca)|85 mg
CP039|Air (Water)|3.0 g
CP039|Energi (Energy)|598 Kal
CP039|Protein (Protein)|8.3 g
CP039|Lemak (Fat)|43.8 g
CP039|Karbohidrat (CHO)|42.6 g
CP039|Serat (Fibre)|3.3 g
CP039|Abu (ASH)|2.2 g
CP039|Kalsium (Ca)|85 mg
CP039|Fosfor (P)|153 mg
CP039|Besi (Fe)|27.0 mg
CP039|Karoten Total (Re)|1,608 mcg
CP039|Thiamin (Vit. B1)|1.13 mg
CP039|Vitamin C (Vit. C)|0 mg
CP040|Air (Water)|3.3 g
CP040|Energi (Energy)|581 Kal
CP040|Protein (Protein)|12.1 g
CP040|Lemak (Fat)|40.6 g
CP040|Karbohidrat (CHO)|41.7 g
CP040|Serat (Fibre)|2.2 g
CP040|Abu (ASH)|2.3 g
CP040|Kalsium (Ca)|237 mg
CP040|Fosfor (P)|116 mg
CP040|Besi (Fe)|6.9 mg
CP040|Karoten Total (Re)|320 mcg
CP040|Thiamin (Vit. B1)|0.35 mg
CP040|Vitamin C (Vit. C)|0 mg
CP041|Air (Water)|4.5 g
CP041|Energi (Energy)|556 Kal
CP041|Protein (Protein)|15.8 g
CP041|Lemak (Fat)|37.1 g
CP041|Karbohidrat (CHO)|39.8 g
CP041|Serat (Fibre)|3.5 g
CP041|Abu (ASH)|2.8 g
CP041|Kalsium (Ca)|112 mg
CP041|Fosfor (P)|215 mg
CP041|Besi (Fe)|5.4 mg
CP041|Karoten Total (Re)|0 mcg
CP041|Thiamin (Vit. B1)|0.63 mg
CP041|Vitamin C (Vit. C)|0 mg
CP042|Air (Water)|3.2 g
CP042|Energi (Energy)|542 Kal
CP042|Protein (Protein)|40.3 g
CP042|Lemak (Fat)|42.4 g
CP042|Karbohidrat (CHO)|11.6 g
CP042|Serat (Fibre)|2.2 g
CP042|Abu (ASH)|2.7 g
CP042|Kalsium (Ca)|175 mg
CP042|Fosfor (P)|529 mg
CP042|Besi (Fe)|5.2 mg
CP042|Karoten Total (Re)|50 mcg
CP042|Thiamin (Vit. B1)|0.10 mg
CP042|Vitamin C (Vit. C)|0 mg
CP043|Air (Water)|4.4 g
CP043|Energi (Energy)|510 Kal
CP043|Protein (Protein)|12.3 g
CP043|Lemak (Fat)|27.9 g
CP043|Karbohidrat (CHO)|52.4 g
CP043|Serat (Fibre)|3.6 g
CP043|Abu (ASH)|3.1 g
CP043|Kalsium (Ca)|122 mg
CP043|Fosfor (P)|211 mg
CP043|Besi (Fe)|8.4 mg
CP043|Karoten Total (Re)|0 mcg
CP043|Thiamin (Vit. B1)|0.52 mg
CP043|Vitamin C (Vit. C)|0 mg
CP044|Air (Water)|4.5 g
CP044|Energi (Energy)|529 Kal
CP044|Protein (Protein)|20.8 g
CP044|Lemak (Fat)|31.7 g
CP044|Karbohidrat (CHO)|40.2 g
CP044|Serat (Fibre)|3.0 g
CP044|Abu (ASH)|2.9 g
CP044|Kalsium (Ca)|124 mg
CP044|Fosfor (P)|222 mg
CP044|Besi (Fe)|5.4 mg
CP044|Karoten Total (Re)|0 mcg
CP044|Thiamin (Vit. B1)|0.86 mg
CP044|Vitamin C (Vit. C)|0 mg
CP045|Air (Water)|4.8 g
CP045|Energi (Energy)|540 Kal
CP045|Protein (Protein)|16.7 g
CP045|Lemak (Fat)|33.9 g
CP045|Karbohidrat (CHO)|42.0 g
CP045|Serat (Fibre)|2.2 g
CP045|Abu (ASH)|2.6 g
CP045|Kalsium (Ca)|92 mg
CP045|Fosfor (P)|184 mg
CP045|Besi (Fe)|3.2 mg
CP045|Karoten Total (Re)|1,080 mcg
CP045|Thiamin (Vit. B1)|0.38 mg
CP045|Vitamin C (Vit. C)|0 mg
CP046|Air (Water)|9.9 g
CP046|Energi (Energy)|515 Kal
CP046|Protein (Protein)|30.6 g
CP046|Lemak (Fat)|42.1 g
CP046|Karbohidrat (CHO)|13.8 g
CP046|Serat (Fibre)|13.6 g
CP046|Abu (ASH)|3.7 g
CP046|Kalsium (Ca)|54 mg
CP046|Fosfor (P)|312 mg
CP046|Besi (Fe)|6.2 mg
CP046|Natrium (Na)|124 mg
CP046|Kalium (K)|448.6 mg
CP046|Tembaga (Cu)|0.65 mg
CP046|Seng (Zn)|9.7 mg
CP046|Retinol (Vit. A)|0 mcg
CP046|Thiamin (Vit. B1)|0.02 mg
CP046|Riboflavin (Vit. B2)|0.19 mg
CP046|Niasin (Niacin)|0.3 mg
CP046|Vitamin C (Vit. C)|0 mg
CP047|Air (Water)|5.6 g
CP047|Energi (Energy)|439 Kal
CP047|Protein (Protein)|10.0 g
CP047|Lemak (Fat)|16.4 g
CP047|Karbohidrat (CHO)|65.7 g
CP047|Abu (ASH)|2.3 g
CP047|Kalsium (Ca)|66 mg
CP047|Fosfor (P)|225 mg
CP047|Karoten Total (Re)|0 mcg
CP047|Thiamin (Vit. B1)|0.10 mg
CP047|Vitamin C (Vit. C)|0 mg
CP048|Air (Water)|8.0 g
CP048|Energi (Energy)|431 Kal
CP048|Protein (Protein)|11.1 g
CP048|Lemak (Fat)|16.2 g
CP048|Karbohidrat (CHO)|63.0 g
CP048|Abu (ASH)|1.6 g
CP048|Kalsium (Ca)|77 mg
CP048|Karoten Total (Re)|0 mcg
CP048|Thiamin (Vit. B1)|0.08 mg
CP048|Vitamin C (Vit. C)|0 mg
CP049|Air (Water)|3.3 g
CP049|Energi (Energy)|485 Kal
CP049|Protein (Protein)|11.5 g
CP049|Lemak (Fat)|24.5 g
CP049|Karbohidrat (CHO)|59.1 g
CP049|Abu (ASH)|1.5 g
CP049|Kalsium (Ca)|85 mg
CP049|Fosfor (P)|218 mg
CP049|Karoten Total (Re)|0 mcg
CP049|Thiamin (Vit. B1)|0.11 mg
CP049|Vitamin C (Vit. C)|0 mg
CP050|Air (Water)|79.9 g
CP050|Energi (Energy)|128 Kal
CP050|Protein (Protein)|8.0 g
CP050|Lemak (Fat)|10.0 g
CP050|Karbohidrat (CHO)|1.3 g
CP050|Serat (Fibre)|0.2 g
CP050|Abu (ASH)|0.8 g
CP050|Kalsium (Ca)|205 mg
CP050|Fosfor (P)|92 mg
CP050|Besi (Fe)|2.5 mg
CP050|Natrium (Na)|393 mg
CP050|Retinol (Vit. A)|131 mcg
CP050|Karoten Total (Re)|5,300 mcg
CP050|Thiamin (Vit. B1)|0.46 mg
CP050|Vitamin C (Vit. C)|0 mg
CP051|Air (Water)|57.0 g
CP051|Energi (Energy)|187 Kal
CP051|Protein (Protein)|13.0 g
CP051|Lemak (Fat)|6.0 g
CP051|Karbohidrat (CHO)|22.6 g
CP051|Abu (ASH)|1.4 g
CP051|Kalsium (Ca)|96 mg
CP051|Fosfor (P)|115 mg
CP051|Besi (Fe)|27.0 mg
CP051|Retinol (Vit. A)|0 mcg
CP051|Thiamin (Vit. B1)|0.09 mg
CP051|Riboflavin (Vit. B2)|0.00 mg
CP051|Niasin (Niacin)|1.6 mg
CP051|Vitamin C (Vit. C)|0 mg
CP052|Air (Water)|13.4 g
CP052|Energi (Energy)|376 Kal
CP052|Protein (Protein)|14.9 g
CP052|Lemak (Fat)|6.0 g
CP052|Karbohidrat (CHO)|65.7 g
CP052|Serat (Fibre)|12.3 g
CP052|Abu (ASH)|1.7 g
CP052|Kalsium (Ca)|199 mg
CP052|Fosfor (P)|110 mg
CP052|Besi (Fe)|10.9 mg
CP052|Thiamin (Vit. B1)|0.03 mg
CP053|Air (Water)|16.5 g
CP053|Energi (Energy)|351 Kal
CP053|Protein (Protein)|11.0 g
CP053|Lemak (Fat)|5.3 g
CP053|Karbohidrat (CHO)|65.9 g
CP053|Serat (Fibre)|9.0 g
CP053|Abu (ASH)|1.3 g
CP053|Kalsium (Ca)|164 mg
CP053|Fosfor (P)|113 mg
CP053|Besi (Fe)|7.8 mg
CP053|Thiamin (Vit. B1)|0.01 mg
CP054|Air (Water)|65.0 g
CP054|Energi (Energy)|132 Kal
CP054|Protein (Protein)|12.7 g
CP054|Lemak (Fat)|3.8 g
CP054|Karbohidrat (CHO)|13.7 g
CP054|Serat (Fibre)|3.1 g
CP054|Abu (ASH)|4.8 g
CP054|Kalsium (Ca)|133 mg
CP054|Fosfor (P)|355 mg
CP054|Besi (Fe)|34.4 mg
CP054|Karoten Total (Re)|10 mcg
CP054|Thiamin (Vit. B1)|0.08 mg
CP054|Riboflavin (Vit. B2)|0.20 mg
CP054|Niasin (Niacin)|0.7 mg
CP054|Vitamin C (Vit. C)|0 mg
CP055|Air (Water)|3.9 g
CP055|Energi (Energy)|513 Kal
CP055|Protein (Protein)|17.5 g
CP055|Lemak (Fat)|32.5 g
CP055|Karbohidrat (CHO)|44.3 g
CP055|Serat (Fibre)|1.7 g
CP055|Abu (ASH)|1.8 g
CP055|Kalsium (Ca)|65 mg
CP055|Fosfor (P)|202 mg
CP055|Besi (Fe)|2.6 mg
CP055|Karoten Total (Re)|0 mcg
CP055|Thiamin (Vit. B1)|0.10 mg
CP055|Vitamin C (Vit. C)|0 mg
CP056|Air (Water)|6.1 g
CP056|Energi (Energy)|451 Kal
CP056|Protein (Protein)|11.2 g
CP056|Lemak (Fat)|20.2 g
CP056|Karbohidrat (CHO)|59.7 g
CP056|Serat (Fibre)|1.8 g
CP056|Abu (ASH)|2.8 g
CP056|Kalsium (Ca)|156 mg
CP056|Fosfor (P)|221 mg
CP056|Besi (Fe)|4.6 mg
CP056|Karoten Total (Re)|0 mcg
CP056|Thiamin (Vit. B1)|0.02 mg
CP056|Vitamin C (Vit. C)|0 mg
CP057|Air (Water)|4.0 g
CP057|Energi (Energy)|497 Kal
CP057|Protein (Protein)|17.0 g
CP057|Lemak (Fat)|27.6 g
CP057|Karbohidrat (CHO)|50.8 g
CP057|Serat (Fibre)|2.4 g
CP057|Abu (ASH)|3.4 g
CP057|Kalsium (Ca)|166 mg
CP057|Fosfor (P)|89 mg
CP057|Besi (Fe)|6.7 mg
CP057|Karoten Total (Re)|0 mcg
CP057|Thiamin (Vit. B1)|0.05 mg
CP057|Vitamin C (Vit. C)|0 mg
CP058|Air (Water)|83.9 g
CP058|Energi (Energy)|64 Kal
CP058|Protein (Protein)|2.1 g
CP058|Lemak (Fat)|0.6 g
CP058|Karbohidrat (CHO)|12.5 g
CP058|Serat (Fibre)|5.7 g
CP058|Abu (ASH)|0.9 g
CP058|Kalsium (Ca)|21 mg
CP058|Fosfor (P)|2 mg
CP058|Besi (Fe)|1.0 mg
CP058|Natrium (Na)|124 mg
CP058|Kalium (K)|146.0 mg
CP058|Tembaga (Cu)|0.20 mg
CP058|Seng (Zn)|0.7 mg
CP058|Beta-Karoten (Carotenes)|14 mcg
CP058|Riboflavin (Vit. B2)|0.00 mg
CP058|Niasin (Niacin)|0.1 mg
CP059|Air (Water)|3.0 g
CP059|Energi (Energy)|344 Kal
CP059|Protein (Protein)|30.0 g
CP059|Lemak (Fat)|20.0 g
CP059|Karbohidrat (CHO)|43.0 g
CP059|Serat (Fibre)|6.2 g
CP059|Abu (ASH)|4.0 g
CP059|Kalsium (Ca)|450 mg
CP059|Fosfor (P)|500 mg
CP059|Besi (Fe)|4.0 mg
CP059|Natrium (Na)|56 mg
CP059|Kalium (K)|2,572.3 mg
CP059|Tembaga (Cu)|2.99 mg
CP059|Seng (Zn)|4.0 mg
CP059|Beta-Karoten (Carotenes)|0 mcg
CP059|Karoten Total (Re)|2,000 mcg
CP059|Thiamin (Vit. B1)|0.70 mg
CP059|Riboflavin (Vit. B2)|0.16 mg
CP059|Niasin (Niacin)|2.0 mg
CP059|Vitamin C (Vit. C)|10 mg
CP060|Air (Water)|87.0 g
CP060|Energi (Energy)|41 Kal
CP060|Protein (Protein)|3.5 g
CP060|Lemak (Fat)|2.5 g
CP060|Karbohidrat (CHO)|5.0 g
CP060|Serat (Fibre)|0.2 g
CP060|Abu (ASH)|2.0 g
CP060|Kalsium (Ca)|50 mg
CP060|Fosfor (P)|45 mg
CP060|Besi (Fe)|0.7 mg
CP060|Natrium (Na)|128 mg
CP060|Kalium (K)|287.9 mg
CP060|Tembaga (Cu)|0.12 mg
CP060|Seng (Zn)|1.0 mg
CP060|Karoten Total (Re)|200 mcg
CP060|Thiamin (Vit. B1)|0.08 mg
CP060|Riboflavin (Vit. B2)|0.05 mg
CP060|Niasin (Niacin)|0.7 mg
CP060|Vitamin C (Vit. C)|2 mg
CP061|Air (Water)|82.2 g
CP061|Energi (Energy)|80 Kal
CP061|Protein (Protein)|10.9 g
CP061|Lemak (Fat)|4.7 g
CP061|Karbohidrat (CHO)|0.8 g
CP061|Serat (Fibre)|0.1 g
CP061|Abu (ASH)|1.4 g
CP061|Kalsium (Ca)|223 mg
CP061|Fosfor (P)|183 mg
CP061|Besi (Fe)|3.4 mg
CP061|Natrium (Na)|2 mg
CP061|Kalium (K)|50.6 mg
CP061|Tembaga (Cu)|0.19 mg
CP061|Seng (Zn)|0.8 mg
CP061|Beta-Karoten (Carotenes)|118 mcg
CP061|Thiamin (Vit. B1)|0.01 mg
CP061|Riboflavin (Vit. B2)|0.08 mg
CP061|Niasin (Niacin)|0.1 mg
CP062|Air (Water)|77.3 g
CP062|Energi (Energy)|115 Kal
CP062|Protein (Protein)|9.7 g
CP062|Lemak (Fat)|8.5 g
CP062|Karbohidrat (CHO)|2.5 g
CP062|Serat (Fibre)|0.1 g
CP062|Abu (ASH)|2.0 g
CP062|Kalsium (Ca)|229 mg
CP062|Fosfor (P)|200 mg
CP062|Besi (Fe)|4.1 mg
CP062|Natrium (Na)|7 mg
CP062|Kalium (K)|68.2 mg
CP062|Tembaga (Cu)|0.09 mg
CP062|Seng (Zn)|1.3 mg
CP062|Beta-Karoten (Carotenes)|0 mcg
CP062|Karoten Total (Re)|0 mcg
CP062|Thiamin (Vit. B1)|0.01 mg
CP062|Riboflavin (Vit. B2)|0.24 mg
CP062|Niasin (Niacin)|0.0 mg
CP062|Vitamin C (Vit. C)|0 mg
CP063|Air (Water)|41.8 g
CP063|Energi (Energy)|328 Kal
CP063|Protein (Protein)|12.6 g
CP063|Lemak (Fat)|19.9 g
CP063|Karbohidrat (CHO)|24.6 g
CP063|Serat (Fibre)|0.4 g
CP063|Abu (ASH)|1.1 g
CP063|Kalsium (Ca)|492 mg
CP063|Fosfor (P)|238 mg
CP063|Besi (Fe)|4.9 mg
CP063|Natrium (Na)|755 mg
CP063|Retinol (Vit. A)|73 mcg
CP063|Karoten Total (Re)|1,860 mcg
CP063|Thiamin (Vit. B1)|0.42 mg
CP063|Vitamin C (Vit. C)|0 mg
CP064|Air (Water)|72.2 g
CP064|Energi (Energy)|148 Kal
CP064|Protein (Protein)|13.8 g
CP064|Lemak (Fat)|8.5 g
CP064|Karbohidrat (CHO)|4.0 g
CP064|Serat (Fibre)|0.0 g
CP064|Abu (ASH)|1.6 g
CP064|Kalsium (Ca)|140 mg
CP064|Fosfor (P)|214 mg
CP064|Besi (Fe)|8.5 mg
CP064|Natrium (Na)|3 mg
CP064|Kalium (K)|79.0 mg
CP064|Tembaga (Cu)|0.30 mg
CP064|Seng (Zn)|1.3 mg
CP064|Karoten Total (Re)|920 mcg
CP064|Thiamin (Vit. B1)|0.20 mg
CP064|Riboflavin (Vit. B2)|0.10 mg
CP064|Niasin (Niacin)|0.8 mg
CP065|Air (Water)|54.0 g
CP065|Energi (Energy)|184 Kal
CP065|Protein (Protein)|11.4 g
CP065|Lemak (Fat)|5.5 g
CP065|Karbohidrat (CHO)|22.2 g
CP065|Serat (Fibre)|1.9 g
CP065|Abu (ASH)|6.9 g
CP065|Kalsium (Ca)|72 mg
CP065|Fosfor (P)|463 mg
CP065|Besi (Fe)|6.0 mg
CP065|Natrium (Na)|1,766 mg
CP065|Kalium (K)|233.0 mg
CP065|Tembaga (Cu)|0.39 mg
CP065|Seng (Zn)|1.0 mg
CP065|Beta-Karoten (Carotenes)|0 mcg
CP065|Karoten Total (Re)|664 mcg
CP065|Thiamin (Vit. B1)|0.32 mg
CP065|Riboflavin (Vit. B2)|0.20 mg
CP065|Niasin (Niacin)|0.8 mg
CP065|Vitamin C (Vit. C)|0 mg
CP066|Air (Water)|11.4 g
CP066|Energi (Energy)|347 Kal
CP066|Protein (Protein)|7.4 g
CP066|Lemak (Fat)|5.2 g
CP066|Karbohidrat (CHO)|67.6 g
CP066|Serat (Fibre)|3.2 g
CP066|Abu (ASH)|8.4 g
CP066|Kalsium (Ca)|63 mg
CP066|Fosfor (P)|106 mg
CP066|Besi (Fe)|6.2 mg
CP066|Karoten Total (Re)|936 mcg
CP066|Thiamin (Vit. B1)|0.35 mg
CP066|Vitamin C (Vit. C)|0 mg
CP067|Air (Water)|10.2 g
CP067|Energi (Energy)|358 Kal
CP067|Protein (Protein)|7.5 g
CP067|Lemak (Fat)|4.3 g
CP067|Karbohidrat (CHO)|70.4 g
CP067|Serat (Fibre)|3.1 g
CP067|Abu (ASH)|7.6 g
CP067|Kalsium (Ca)|94 mg
CP067|Fosfor (P)|94 mg
CP067|Besi (Fe)|4.5 mg
CP067|Karoten Total (Re)|504 mcg
CP067|Thiamin (Vit. B1)|0.29 mg
CP067|Vitamin C (Vit. C)|0 mg
CP068|Air (Water)|59.7 g
CP068|Energi (Energy)|159 Kal
CP068|Protein (Protein)|7.4 g
CP068|Lemak (Fat)|4.9 g
CP068|Karbohidrat (CHO)|21.3 g
CP068|Serat (Fibre)|1.6 g
CP068|Abu (ASH)|6.7 g
CP068|Kalsium (Ca)|183 mg
CP068|Fosfor (P)|84 mg
CP068|Besi (Fe)|10.1 mg
CP068|Natrium (Na)|1,547 mg
CP068|Kalium (K)|204.1 mg
CP068|Tembaga (Cu)|0.34 mg
CP068|Seng (Zn)|0.9 mg
CP068|Beta-Karoten (Carotenes)|0 mcg
CP068|Karoten Total (Re)|472 mcg
CP068|Thiamin (Vit. B1)|0.46 mg
CP068|Riboflavin (Vit. B2)|0.18 mg
CP068|Niasin (Niacin)|0.7 mg
CP068|Vitamin C (Vit. C)|0 mg
CP069|Air (Water)|30.4 g
CP069|Energi (Energy)|277 Kal
CP069|Protein (Protein)|9.1 g
CP069|Lemak (Fat)|4.7 g
CP069|Karbohidrat (CHO)|49.6 g
CP069|Serat (Fibre)|1.2 g
CP069|Abu (ASH)|6.2 g
CP069|Kalsium (Ca)|68 mg
CP069|Fosfor (P)|106 mg
CP069|Besi (Fe)|3.0 mg
CP069|Karoten Total (Re)|936 mcg
CP069|Thiamin (Vit. B1)|0.15 mg
CP069|Vitamin C (Vit. C)|0 mg
CP070|Air (Water)|72.5 g
CP070|Energi (Energy)|119 Kal
CP070|Protein (Protein)|4.4 g
CP070|Lemak (Fat)|3.5 g
CP070|Karbohidrat (CHO)|18.3 g
CP070|Abu (ASH)|146.3 g
CP070|Kalsium (Ca)|27 mg
CP070|Fosfor (P)|100 mg
CP070|Besi (Fe)|2.6 mg
CP070|Retinol (Vit. A)|0 mcg
CP070|Thiamin (Vit. B1)|0.08 mg
CP070|Vitamin C (Vit. C)|0 mg
CP071|Air (Water)|81.9 g
CP071|Energi (Energy)|73 Kal
CP071|Protein (Protein)|5.7 g
CP071|Lemak (Fat)|1.3 g
CP071|Karbohidrat (CHO)|10.3 g
CP071|Serat (Fibre)|4.2 g
CP071|Abu (ASH)|0.8 g
CP071|Kalsium (Ca)|204 mg
CP071|Fosfor (P)|80 mg
CP071|Besi (Fe)|1.5 mg
CP071|Karoten Total (Re)|22 mcg
CP071|Thiamin (Vit. B1)|0.09 mg
CP071|Riboflavin (Vit. B2)|0.10 mg
CP071|Niasin (Niacin)|0.9 mg
CP072|Air (Water)|80.7 g
CP072|Energi (Energy)|76 Kal
CP072|Protein (Protein)|6.8 g
CP072|Lemak (Fat)|0.7 g
CP072|Karbohidrat (CHO)|10.6 g
CP072|Serat (Fibre)|5.3 g
CP072|Abu (ASH)|1.1 g
CP072|Kalsium (Ca)|76 mg
CP072|Fosfor (P)|142 mg
CP072|Besi (Fe)|16.5 mg
CP072|Thiamin (Vit. B1)|0.79 mg
CP072|Riboflavin (Vit. B2)|0.01 mg
CP072|Niasin (Niacin)|0.1 mg
CP073|Air (Water)|64.0 g
CP073|Energi (Energy)|139 Kal
CP073|Protein (Protein)|12.5 g
CP073|Lemak (Fat)|0.8 g
CP073|Karbohidrat (CHO)|21.9 g
CP073|Serat (Fibre)|1.8 g
CP073|Abu (ASH)|1.2 g
CP073|Kalsium (Ca)|68 mg
CP073|Fosfor (P)|182 mg
CP073|Besi (Fe)|2.6 mg
CP073|Karoten Total (Re)|20 mcg
CP073|Thiamin (Vit. B1)|0.10 mg
CP074|Air (Water)|58.2 g
CP074|Energi (Energy)|212 Kal
CP074|Protein (Protein)|17.5 g
CP074|Lemak (Fat)|10.0 g
CP074|Karbohidrat (CHO)|12.9 g
CP074|Serat (Fibre)|2.9 g
CP074|Abu (ASH)|1.4 g
CP074|Kalsium (Ca)|186 mg
CP074|Fosfor (P)|160 mg
CP074|Besi (Fe)|2.2 mg
CP074|Thiamin (Vit. B1)|0.20 mg
CP075|Air (Water)|70.6 g
CP075|Energi (Energy)|143 Kal
CP075|Protein (Protein)|12.0 g
CP075|Lemak (Fat)|5.5 g
CP075|Karbohidrat (CHO)|11.4 g
CP075|Serat (Fibre)|1.9 g
CP075|Abu (ASH)|0.6 g
CP075|Kalsium (Ca)|155 mg
CP075|Fosfor (P)|156 mg
CP075|Besi (Fe)|6.8 mg
CP075|Karoten Total (Re)|1,320 mcg
CP075|Thiamin (Vit. B1)|0.33 mg
CP075|Riboflavin (Vit. B2)|0.15 mg
CP075|Niasin (Niacin)|1.2 mg
CP076|Air (Water)|36.8 g
CP076|Energi (Energy)|350 Kal
CP076|Protein (Protein)|24.5 g
CP076|Lemak (Fat)|26.6 g
CP076|Karbohidrat (CHO)|10.4 g
CP076|Serat (Fibre)|4.2 g
CP076|Abu (ASH)|1.8 g
CP076|Kalsium (Ca)|202 mg
CP076|Fosfor (P)|296 mg
CP076|Besi (Fe)|4.9 mg
CP076|Natrium (Na)|22 mg
CP076|Kalium (K)|626.7 mg
CP076|Tembaga (Cu)|0.80 mg
CP076|Seng (Zn)|2.5 mg
CP076|Karoten Total (Re)|78 mcg
CP076|Thiamin (Vit. B1)|0.24 mg
CP076|Riboflavin (Vit. B2)|0.60 mg
CP076|Niasin (Niacin)|3.3 mg
CP076|Vitamin C (Vit. C)|0 mg
CP077|Air (Water)|55.3 g
CP077|Energi (Energy)|201 Kal
CP077|Protein (Protein)|20.8 g
CP077|Lemak (Fat)|8.8 g
CP077|Karbohidrat (CHO)|13.5 g
CP077|Serat (Fibre)|1.4 g
CP077|Abu (ASH)|1.6 g
CP077|Kalsium (Ca)|155 mg
CP077|Fosfor (P)|326 mg
CP077|Besi (Fe)|4.0 mg
CP077|Natrium (Na)|9 mg
CP077|Kalium (K)|234.0 mg
CP077|Tembaga (Cu)|0.57 mg
CP077|Seng (Zn)|1.7 mg
CP077|Beta-Karoten (Carotenes)|0 mcg
CP077|Thiamin (Vit. B1)|0.19 mg
CP077|Riboflavin (Vit. B2)|0.59 mg
CP077|Niasin (Niacin)|4.9 mg
CP078|Air (Water)|64.0 g
CP078|Energi (Energy)|141 Kal
CP078|Protein (Protein)|10.2 g
CP078|Lemak (Fat)|1.3 g
CP078|Karbohidrat (CHO)|23.2 g
CP078|Abu (ASH)|1.3 g
CP078|Kalsium (Ca)|42 mg
CP078|Fosfor (P)|15 mg
CP078|Besi (Fe)|2.6 mg
CP078|Retinol (Vit. A)|0 mcg
CP078|Thiamin (Vit. B1)|0.09 mg
CP078|Vitamin C (Vit. C)|0 mg
CP079|Air (Water)|66.8 g
CP079|Energi (Energy)|128 Kal
CP079|Protein (Protein)|10.7 g
CP079|Lemak (Fat)|0.5 g
CP079|Karbohidrat (CHO)|21.3 g
CP079|Serat (Fibre)|7.1 g
CP079|Abu (ASH)|0.7 g
CP079|Kalsium (Ca)|203 mg
CP079|Fosfor (P)|108 mg
CP079|Besi (Fe)|0.6 mg
CP079|Karoten Total (Re)|121 mcg
CP079|Thiamin (Vit. B1)|0.17 mg
CP079|Vitamin C (Vit. C)|2 mg
CP080|Air (Water)|65.1 g
CP080|Energi (Energy)|146 Kal
CP080|Protein (Protein)|11.7 g
CP080|Lemak (Fat)|2.3 g
CP080|Karbohidrat (CHO)|19.6 g
CP080|Serat (Fibre)|7.6 g
CP080|Abu (ASH)|1.3 g
CP080|Kalsium (Ca)|128 mg
CP080|Fosfor (P)|41 mg
CP080|Besi (Fe)|6.8 mg
CP080|Karoten Total (Re)|1,370 mcg
CP080|Thiamin (Vit. B1)|0.19 mg
CP080|Niasin (Niacin)|1.4 mg
CP081|Air (Water)|67.1 g
CP081|Energi (Energy)|131 Kal
CP081|Protein (Protein)|18.0 g
CP081|Lemak (Fat)|0.8 g
CP081|Karbohidrat (CHO)|13.0 g
CP081|Serat (Fibre)|1.3 g
CP081|Abu (ASH)|1.1 g
CP081|Kalsium (Ca)|95 mg
CP081|Fosfor (P)|154 mg
CP081|Besi (Fe)|12.4 mg
CP081|Karoten Total (Re)|5,900 mcg
CP081|Thiamin (Vit. B1)|0.20 mg
CP081|Riboflavin (Vit. B2)|0.02 mg
CP081|Niasin (Niacin)|2.6 mg
CP082|Air (Water)|68.3 g
CP082|Energi (Energy)|150 Kal
CP082|Protein (Protein)|14.0 g
CP082|Lemak (Fat)|7.7 g
CP082|Karbohidrat (CHO)|9.1 g
CP082|Serat (Fibre)|1.4 g
CP082|Abu (ASH)|0.9 g
CP082|Kalsium (Ca)|517 mg
CP082|Fosfor (P)|202 mg
CP082|Besi (Fe)|1.5 mg
CP082|Natrium (Na)|7 mg
CP082|Kalium (K)|165.9 mg
CP082|Tembaga (Cu)|0.40 mg
CP082|Seng (Zn)|1.2 mg
CP082|Beta-Karoten (Carotenes)|0 mcg
CP082|Thiamin (Vit. B1)|0.17 mg
CP082|Riboflavin (Vit. B2)|0.44 mg
CP082|Niasin (Niacin)|3.6 mg
CP083|Air (Water)|42.9 g
CP083|Energi (Energy)|336 Kal
CP083|Protein (Protein)|20.0 g
CP083|Lemak (Fat)|28.0 g
CP083|Karbohidrat (CHO)|7.8 g
CP083|Serat (Fibre)|3.4 g
CP083|Abu (ASH)|1.3 g
CP083|Kalsium (Ca)|156 mg
CP083|Fosfor (P)|350 mg
CP083|Besi (Fe)|3.0 mg
CP083|Natrium (Na)|20 mg
CP083|Kalium (K)|566.2 mg
CP083|Tembaga (Cu)|0.80 mg
CP083|Seng (Zn)|2.2 mg
CP083|Karoten Total (Re)|10 mcg
CP083|Thiamin (Vit. B1)|0.10 mg
CP083|Riboflavin (Vit. B2)|0.50 mg
CP083|Niasin (Niacin)|3.0 mg
CP083|Vitamin C (Vit. C)|0 mg
CP084|Air (Water)|10.0 g
CP084|Energi (Energy)|364 Kal
CP084|Protein (Protein)|4.5 g
CP084|Lemak (Fat)|1.0 g
CP084|Karbohidrat (CHO)|83.5 g
CP084|Serat (Fibre)|16.1 g
CP084|Abu (ASH)|1.0 g
CP084|Kalsium (Ca)|50 mg
CP084|Fosfor (P)|100 mg
CP084|Besi (Fe)|1.0 mg
CP084|Natrium (Na)|15 mg
CP084|Kalium (K)|1,232.9 mg
CP084|Tembaga (Cu)|0.93 mg
CP084|Seng (Zn)|2.7 mg
CP084|Retinol (Vit. A)|0 mcg
CP084|Thiamin (Vit. B1)|0.00 mg
CP084|Riboflavin (Vit. B2)|0.23 mg
CP084|Niasin (Niacin)|2.2 mg
CP084|Vitamin C (Vit. C)|0 mg
CP085|Air (Water)|10.0 g
CP085|Energi (Energy)|388 Kal
CP085|Protein (Protein)|19.0 g
CP085|Lemak (Fat)|7.5 g
CP085|Karbohidrat (CHO)|61.2 g
CP085|Serat (Fibre)|5.8 g
CP085|Abu (ASH)|2.3 g
CP085|Kalsium (Ca)|101 mg
CP085|Fosfor (P)|663 mg
CP085|Besi (Fe)|2.0 mg
CP085|Natrium (Na)|3 mg
CP085|Kalium (K)|712.0 mg
CP085|Tembaga (Cu)|0.60 mg
CP085|Seng (Zn)|1.9 mg
CP085|Beta-Karoten (Carotenes)|1,000 mcg
CP085|Karoten Total (Re)|0 mcg
CP085|Thiamin (Vit. B1)|0.02 mg
CP085|Riboflavin (Vit. B2)|0.70 mg
CP085|Niasin (Niacin)|1.6 mg
CP085|Vitamin C (Vit. C)|9 mg
CP086|Air (Water)|9.0 g
CP086|Energi (Energy)|347 Kal
CP086|Protein (Protein)|35.9 g
CP086|Lemak (Fat)|20.6 g
CP086|Karbohidrat (CHO)|29.9 g
CP086|Serat (Fibre)|5.8 g
CP086|Abu (ASH)|4.0 g
CP086|Kalsium (Ca)|195 mg
CP086|Fosfor (P)|544 mg
CP086|Besi (Fe)|8.4 mg
CP086|Natrium (Na)|52 mg
CP086|Kalium (K)|2,522.6 mg
CP086|Tembaga (Cu)|4,303.45 mg
CP086|Seng (Zn)|2.6 mg
CP086|Beta-Karoten (Carotenes)|0 mcg
CP086|Karoten Total (Re)|140 mcg
CP086|Thiamin (Vit. B1)|0.77 mg
CP086|Riboflavin (Vit. B2)|0.32 mg
CP086|Niasin (Niacin)|2.1 mg
CP086|Vitamin C (Vit. C)|0 mg
CR001|Air (Water)|11.6 g
CR001|Energi (Energy)|330 Kal
CR001|Protein (Protein)|23.8 g
CR001|Lemak (Fat)|1.4 g
CR001|Karbohidrat (CHO)|60.2 g
CR001|Serat (Fibre)|17.4 g
CR001|Abu (ASH)|3.0 g
CR001|Kalsium (Ca)|57 mg
CR001|Fosfor (P)|388 mg
CR001|Besi (Fe)|4.7 mg
CR001|Natrium (Na)|24 mg
CR001|Kalium (K)|874.3 mg
CR001|Tembaga (Cu)|0.85 mg
CR001|Seng (Zn)|3.4 mg
CR001|Beta-Karoten (Carotenes)|40 mcg
CR001|Karoten Total (Re)|140 mcg
CR001|Thiamin (Vit. B1)|0.77 mg
CR001|Riboflavin (Vit. B2)|0.21 mg
CR001|Niasin (Niacin)|1.5 mg
CR001|Vitamin C (Vit. C)|2 mg
CR002|Air (Water)|11.6 g
CR002|Energi (Energy)|341 Kal
CR002|Protein (Protein)|30.4 g
CR002|Lemak (Fat)|3.2 g
CR002|Karbohidrat (CHO)|51.3 g
CR002|Serat (Fibre)|4.5 g
CR002|Abu (ASH)|3.5 g
CR002|Kalsium (Ca)|178 mg
CR002|Fosfor (P)|521 mg
CR002|Besi (Fe)|6.8 mg
CR002|Natrium (Na)|13 mg
CR002|Kalium (K)|1,768.0 mg
CR002|Tembaga (Cu)|0.82 mg
CR002|Seng (Zn)|3.1 mg
CR002|Karoten Total (Re)|87 mcg
CR002|Thiamin (Vit. B1)|0.23 mg
CR002|Riboflavin (Vit. B2)|0.33 mg
CR002|Niasin (Niacin)|2.8 mg
CR003|Air (Water)|10.4 g
CR003|Energi (Energy)|400 Kal
CR003|Protein (Protein)|34.4 g
CR003|Lemak (Fat)|16.9 g
CR003|Karbohidrat (CHO)|34.1 g
CR003|Serat (Fibre)|10.7 g
CR003|Abu (ASH)|4.2 g
CR003|Kalsium (Ca)|468 mg
CR003|Fosfor (P)|182 mg
CR003|Besi (Fe)|6.8 mg
CR003|Natrium (Na)|37 mg
CR003|Kalium (K)|955.0 mg
CR003|Tembaga (Cu)|2.82 mg
CR003|Seng (Zn)|2.0 mg
CR003|Thiamin (Vit. B1)|0.30 mg
CR003|Riboflavin (Vit. B2)|0.44 mg
CR003|Niasin (Niacin)|3.0 mg
CR004|Air (Water)|72.1 g
CR004|Energi (Energy)|118 Kal
CR004|Protein (Protein)|4.4 g
CR004|Lemak (Fat)|1.5 g
CR004|Karbohidrat (CHO)|21.6 g
CR004|Abu (ASH)|0.4 g
CR004|Kalsium (Ca)|50 mg
CR004|Fosfor (P)|50 mg
CR004|Besi (Fe)|1.7 mg
CR004|Natrium (Na)|10 mg
CR004|Kalium (K)|40.0 mg
CR004|Tembaga (Cu)|0.30 mg
CR004|Seng (Zn)|1.0 mg
CR004|Thiamin (Vit. B1)|0.43 mg
CR005|Air (Water)|10.0 g
CR005|Energi (Energy)|370 Kal
CR005|Protein (Protein)|16.0 g
CR005|Lemak (Fat)|6.0 g
CR005|Karbohidrat (CHO)|65.0 g
CR005|Serat (Fibre)|26.3 g
CR005|Abu (ASH)|3.0 g
CR005|Kalsium (Ca)|85 mg
CR005|Fosfor (P)|264 mg
CR005|Besi (Fe)|4.2 mg
CR005|Natrium (Na)|44 mg
CR005|Kalium (K)|868.8 mg
CR005|Tembaga (Cu)|1.48 mg
CR005|Seng (Zn)|2.7 mg
CR005|Retinol (Vit. A)|0 mcg
CR005|Thiamin (Vit. B1)|0.18 mg
CR005|Riboflavin (Vit. B2)|0.26 mg
CR005|Niasin (Niacin)|6.2 mg
CR005|Vitamin C (Vit. C)|0 mg
CR006|Air (Water)|60.8 g
CR006|Energi (Energy)|165 Kal
CR006|Protein (Protein)|7.7 g
CR006|Lemak (Fat)|3.1 g
CR006|Karbohidrat (CHO)|27.4 g
CR006|Serat (Fibre)|2.5 g
CR006|Abu (ASH)|1.0 g
CR006|Kalsium (Ca)|96 mg
CR006|Fosfor (P)|126 mg
CR006|Besi (Fe)|5.3 mg
CR006|Natrium (Na)|6 mg
CR006|Kalium (K)|537.0 mg
CR006|Tembaga (Cu)|0.41 mg
CR006|Seng (Zn)|1.2 mg
CR006|Beta-Karoten (Carotenes)|29 mcg
CR006|Thiamin (Vit. B1)|0.32 mg
CR006|Riboflavin (Vit. B2)|0.35 mg
CR006|Niasin (Niacin)|2.7 mg
CR007|Air (Water)|14.0 g
CR007|Energi (Energy)|331 Kal
CR007|Protein (Protein)|25.0 g
CR007|Lemak (Fat)|1.0 g
CR007|Karbohidrat (CHO)|58.0 g
CR007|Serat (Fibre)|23.6 g
CR007|Abu (ASH)|2.0 g
CR007|Kalsium (Ca)|80 mg
CR007|Fosfor (P)|400 mg
CR007|Besi (Fe)|5.0 mg
CR007|Natrium (Na)|12 mg
CR007|Kalium (K)|1,322.4 mg
CR007|Tembaga (Cu)|0.68 mg
CR007|Seng (Zn)|2.7 mg
CR007|Retinol (Vit. A)|0 mcg
CR007|Thiamin (Vit. B1)|0.30 mg
CR007|Riboflavin (Vit. B2)|0.75 mg
CR007|Niasin (Niacin)|2.3 mg
CR008|Air (Water)|67.6 g
CR008|Energi (Energy)|129 Kal
CR008|Protein (Protein)|12.4 g
CR008|Lemak (Fat)|0.7 g
CR008|Karbohidrat (CHO)|18.3 g
CR008|Serat (Fibre)|28.6 g
CR008|Abu (ASH)|1.0 g
CR008|Kalsium (Ca)|40 mg
CR008|Fosfor (P)|130 mg
CR008|Besi (Fe)|2.3 mg
CR008|Natrium (Na)|4 mg
CR008|Kalium (K)|310.0 mg
CR008|Tembaga (Cu)|0.30 mg
CR008|Seng (Zn)|2.1 mg
CR008|Beta-Karoten (Carotenes)|212 mcg
CR008|Thiamin (Vit. B1)|0.29 mg
CR008|Riboflavin (Vit. B2)|0.05 mg
CR008|Niasin (Niacin)|2.7 mg
CR009|Air (Water)|12.0 g
CR009|Energi (Energy)|336 Kal
CR009|Protein (Protein)|23.1 g
CR009|Lemak (Fat)|1.7 g
CR009|Karbohidrat (CHO)|59.5 g
CR009|Abu (ASH)|3.8 g
CR009|Kalsium (Ca)|80 mg
CR009|Fosfor (P)|400 mg
CR009|Besi (Fe)|5.0 mg
CR009|Retinol (Vit. A)|0 mcg
CR009|Thiamin (Vit. B1)|0.60 mg
CR009|Vitamin C (Vit. C)|0 mg
CR010|Air (Water)|16.1 g
CR010|Energi (Energy)|316 Kal
CR010|Protein (Protein)|20.7 g
CR010|Lemak (Fat)|1.0 g
CR010|Karbohidrat (CHO)|58.0 g
CR010|Serat (Fibre)|4.6 g
CR010|Abu (ASH)|4.2 g
CR010|Kalsium (Ca)|146 mg
CR010|Fosfor (P)|445 mg
CR010|Besi (Fe)|4.7 mg
CR010|Natrium (Na)|16 mg
CR010|Kalium (K)|1,306.2 mg
CR010|Tembaga (Cu)|0.99 mg
CR010|Seng (Zn)|2.7 mg
CR010|Beta-Karoten (Carotenes)|19 mcg
CR010|Thiamin (Vit. B1)|0.30 mg
CR010|Riboflavin (Vit. B2)|0.19 mg
CR010|Niasin (Niacin)|2.4 mg
CR011|Air (Water)|70.3 g
CR011|Energi (Energy)|114 Kal
CR011|Protein (Protein)|7.0 g
CR011|Lemak (Fat)|0.6 g
CR011|Karbohidrat (CHO)|20.8 g
CR011|Serat (Fibre)|4.4 g
CR011|Abu (ASH)|2.3 g
CR011|Kalsium (Ca)|3 mg
CR011|Fosfor (P)|122 mg
CR011|Besi (Fe)|1.5 mg
CR011|Natrium (Na)|4 mg
CR011|Kalium (K)|480.5 mg
CR011|Tembaga (Cu)|0.12 mg
CR011|Seng (Zn)|0.9 mg
CR011|Karoten Total (Re)|70 mcg
CR011|Thiamin (Vit. B1)|0.37 mg
CR011|Riboflavin (Vit. B2)|0.07 mg
CR011|Niasin (Niacin)|0.8 mg
CR011|Vitamin C (Vit. C)|43 mg
CR012|Air (Water)|7.4 g
CR012|Energi (Energy)|350 Kal
CR012|Protein (Protein)|17.1 g
CR012|Lemak (Fat)|1.8 g
CR012|Karbohidrat (CHO)|70.7 g
CR012|Serat (Fibre)|5.7 g
CR012|Abu (ASH)|3.1 g
CR012|Kalsium (Ca)|94 mg
CR012|Fosfor (P)|315 mg
CR012|Besi (Fe)|4.9 mg
CR012|Natrium (Na)|46 mg
CR012|Kalium (K)|893.9 mg
CR012|Tembaga (Cu)|1.52 mg
CR012|Seng (Zn)|3.1 mg
CR012|Beta-Karoten (Carotenes)|171 mcg
CR012|Karoten Total (Re)|235 mcg
CR012|Thiamin (Vit. B1)|0.40 mg
CR012|Riboflavin (Vit. B2)|0.27 mg
CR012|Niasin (Niacin)|2.6 mg
CR012|Vitamin C (Vit. C)|11 mg
CR013|Air (Water)|8.8 g
CR013|Energi (Energy)|339 Kal
CR013|Protein (Protein)|20.8 g
CR013|Lemak (Fat)|2.1 g
CR013|Karbohidrat (CHO)|64.6 g
CR013|Serat (Fibre)|7.4 g
CR013|Abu (ASH)|3.7 g
CR013|Kalsium (Ca)|122 mg
CR013|Fosfor (P)|136 mg
CR013|Besi (Fe)|4.9 mg
CR013|Natrium (Na)|45 mg
CR013|Kalium (K)|880.4 mg
CR013|Tembaga (Cu)|1.50 mg
CR013|Seng (Zn)|3.1 mg
CR013|Beta-Karoten (Carotenes)|168 mcg
CR013|Karoten Total (Re)|321 mcg
CR013|Thiamin (Vit. B1)|0.45 mg
CR013|Riboflavin (Vit. B2)|0.27 mg
CR013|Niasin (Niacin)|2.6 mg
CR014|Air (Water)|15.5 g
CR014|Energi (Energy)|323 Kal
CR014|Protein (Protein)|22.9 g
CR014|Lemak (Fat)|1.5 g
CR014|Karbohidrat (CHO)|56.8 g
CR014|Serat (Fibre)|7.5 g
CR014|Abu (ASH)|3.3 g
CR014|Kalsium (Ca)|223 mg
CR014|Fosfor (P)|319 mg
CR014|Besi (Fe)|7.5 mg
CR014|Natrium (Na)|42 mg
CR014|Kalium (K)|815.7 mg
CR014|Tembaga (Cu)|1.90 mg
CR014|Seng (Zn)|2.9 mg
CR014|Beta-Karoten (Carotenes)|156 mcg
CR014|Karoten Total (Re)|223 mcg
CR014|Thiamin (Vit. B1)|0.46 mg
CR014|Riboflavin (Vit. B2)|0.15 mg
CR014|Niasin (Niacin)|1.5 mg
CR014|Vitamin C (Vit. C)|10 mg
CR015|Air (Water)|12.5 g
CR015|Energi (Energy)|346 Kal
CR015|Protein (Protein)|16.6 g
CR015|Lemak (Fat)|1.7 g
CR015|Karbohidrat (CHO)|66.1 g
CR015|Serat (Fibre)|22.8 g
CR015|Abu (ASH)|3.1 g
CR015|Kalsium (Ca)|70 mg
CR015|Fosfor (P)|300 mg
CR015|Besi (Fe)|4.7 mg
CR015|Natrium (Na)|3 mg
CR015|Kalium (K)|0.0 mg
CR015|Tembaga (Cu)|0.90 mg
CR015|Seng (Zn)|3.5 mg
CR015|Beta-Karoten (Carotenes)|28 mcg
CR015|Thiamin (Vit. B1)|0.16 mg
CR015|Riboflavin (Vit. B2)|0.10 mg
CR015|Niasin (Niacin)|2.1 mg
CR016|Air (Water)|74.3 g
CR016|Energi (Energy)|98 Kal
CR016|Protein (Protein)|6.7 g
CR016|Lemak (Fat)|0.4 g
CR016|Karbohidrat (CHO)|17.7 g
CR016|Serat (Fibre)|6.2 g
CR016|Abu (ASH)|0.9 g
CR016|Kalsium (Ca)|22 mg
CR016|Fosfor (P)|122 mg
CR016|Besi (Fe)|1.9 mg
CR016|Natrium (Na)|6 mg
CR016|Kalium (K)|296.6 mg
CR016|Tembaga (Cu)|0.21 mg
CR016|Seng (Zn)|1.5 mg
CR016|Karoten Total (Re)|680 mcg
CR016|Thiamin (Vit. B1)|0.34 mg
CR016|Riboflavin (Vit. B2)|0.16 mg
CR016|Niasin (Niacin)|2.5 mg
CR016|Vitamin C (Vit. C)|26 mg
CR017|Air (Water)|12.7 g
CR017|Energi (Energy)|381 Kal
CR017|Protein (Protein)|40.4 g
CR017|Lemak (Fat)|16.7 g
CR017|Karbohidrat (CHO)|24.9 g
CR017|Serat (Fibre)|3.2 g
CR017|Abu (ASH)|5.5 g
CR017|Kalsium (Ca)|222 mg
CR017|Fosfor (P)|682 mg
CR017|Besi (Fe)|10.0 mg
CR017|Natrium (Na)|210 mg
CR017|Kalium (K)|713.4 mg
CR017|Tembaga (Cu)|1.58 mg
CR017|Seng (Zn)|3.9 mg
CR017|Beta-Karoten (Carotenes)|237 mcg
CR017|Karoten Total (Re)|31 mcg
CR017|Thiamin (Vit. B1)|0.52 mg
CR017|Riboflavin (Vit. B2)|0.12 mg
CR017|Niasin (Niacin)|1.2 mg
CR018|Air (Water)|20.0 g
CR018|Energi (Energy)|286 Kal
CR018|Protein (Protein)|30.2 g
CR018|Lemak (Fat)|15.6 g
CR018|Karbohidrat (CHO)|30.1 g
CR018|Serat (Fibre)|2.9 g
CR018|Abu (ASH)|4.1 g
CR018|Kalsium (Ca)|196 mg
CR018|Fosfor (P)|506 mg
CR018|Besi (Fe)|6.9 mg
CR018|Natrium (Na)|28 mg
CR018|Kalium (K)|870.9 mg
CR018|Tembaga (Cu)|1.24 mg
CR018|Seng (Zn)|3.6 mg
CR018|Karoten Total (Re)|95 mcg
CR018|Thiamin (Vit. B1)|0.93 mg
CR018|Riboflavin (Vit. B2)|0.26 mg
CR018|Niasin (Niacin)|1.8 mg
CR019|Air (Water)|4.2 g
CR019|Energi (Energy)|444 Kal
CR019|Protein (Protein)|19.9 g
CR019|Lemak (Fat)|16.0 g
CR019|Karbohidrat (CHO)|55.0 g
CR019|Abu (ASH)|4.9 g
CR019|Kalsium (Ca)|26 mg
CR019|Thiamin (Vit. B1)|0.10 mg
CR019|Riboflavin (Vit. B2)|0.10 mg
CR019|Niasin (Niacin)|1.9 mg
CR020|Air (Water)|20.9 g
CR020|Energi (Energy)|327 Kal
CR020|Protein (Protein)|16.4 g
CR020|Lemak (Fat)|4.3 g
CR020|Karbohidrat (CHO)|55.8 g
CR020|Serat (Fibre)|0.5 g
CR020|Abu (ASH)|2.6 g
CR020|Kalsium (Ca)|74 mg
CR020|Fosfor (P)|282 mg
CR020|Besi (Fe)|4.0 mg
CR020|Natrium (Na)|22 mg
CR020|Kalium (K)|1,137.0 mg
CR020|Tembaga (Cu)|0.90 mg
CR020|Seng (Zn)|2.1 mg
CR020|Thiamin (Vit. B1)|0.99 mg
CR020|Riboflavin (Vit. B2)|0.12 mg
CR020|Niasin (Niacin)|0.1 mg
CR021|Air (Water)|11.7 g
CR021|Energi (Energy)|355 Kal
CR021|Protein (Protein)|17.0 g
CR021|Lemak (Fat)|2.5 g
CR021|Karbohidrat (CHO)|66.0 g
CR021|Serat (Fibre)|15.1 g
CR021|Abu (ASH)|2.8 g
CR021|Kalsium (Ca)|140 mg
CR021|Fosfor (P)|220 mg
CR021|Besi (Fe)|5.8 mg
CR021|Natrium (Na)|1 mg
CR021|Kalium (K)|0.0 mg
CR021|Tembaga (Cu)|0.70 mg
CR021|Seng (Zn)|3.2 mg
CR021|Beta-Karoten (Carotenes)|58 mcg
CR021|Thiamin (Vit. B1)|0.47 mg
CR021|Riboflavin (Vit. B2)|0.08 mg
CR021|Niasin (Niacin)|1.9 mg
CR022|Air (Water)|11.8 g
CR022|Energi (Energy)|346 Kal
CR022|Protein (Protein)|16.5 g
CR022|Lemak (Fat)|1.5 g
CR022|Karbohidrat (CHO)|66.6 g
CR022|Serat (Fibre)|37.3 g
CR022|Abu (ASH)|3.6 g
CR022|Kalsium (Ca)|144 mg
CR022|Fosfor (P)|368 mg
CR022|Besi (Fe)|3.4 mg
CR022|Natrium (Na)|17 mg
CR022|Kalium (K)|1,225.0 mg
CR022|Tembaga (Cu)|1.50 mg
CR022|Seng (Zn)|3.3 mg
CR022|Beta-Karoten (Carotenes)|64 mcg
CR022|Thiamin (Vit. B1)|0.62 mg
CR022|Riboflavin (Vit. B2)|0.20 mg
CR022|Niasin (Niacin)|0.0 mg
CR023|Air (Water)|13.7 g
CR023|Energi (Energy)|344 Kal
CR023|Protein (Protein)|16.7 g
CR023|Lemak (Fat)|2.1 g
CR023|Karbohidrat (CHO)|64.6 g
CR023|Serat (Fibre)|13.0 g
CR023|Abu (ASH)|2.9 g
CR023|Kalsium (Ca)|110 mg
CR023|Fosfor (P)|300 mg
CR023|Besi (Fe)|6.7 mg
CR023|Natrium (Na)|1 mg
CR023|Kalium (K)|10.0 mg
CR023|Tembaga (Cu)|0.70 mg
CR023|Seng (Zn)|2.5 mg
CR023|Beta-Karoten (Carotenes)|0 mcg
CR023|Thiamin (Vit. B1)|0.21 mg
CR023|Riboflavin (Vit. B2)|0.07 mg
CR023|Niasin (Niacin)|1.2 mg
CR024|Air (Water)|13.0 g
CR024|Energi (Energy)|350 Kal
CR024|Protein (Protein)|13.9 g
CR024|Lemak (Fat)|3.0 g
CR024|Karbohidrat (CHO)|66.9 g
CR024|Serat (Fibre)|26.3 g
CR024|Abu (ASH)|3.2 g
CR024|Kalsium (Ca)|84 mg
CR024|Fosfor (P)|242 mg
CR024|Besi (Fe)|6.8 mg
CR024|Natrium (Na)|19 mg
CR024|Kalium (K)|1,127.0 mg
CR024|Tembaga (Cu)|0.00 mg
CR024|Seng (Zn)|42.0 mg
CR024|Beta-Karoten (Carotenes)|137 mcg
CR024|Thiamin (Vit. B1)|0.15 mg
CR024|Riboflavin (Vit. B2)|0.76 mg
CR024|Niasin (Niacin)|0.3 mg
CR025|Air (Water)|12.3 g
CR025|Energi (Energy)|280 Kal
CR025|Protein (Protein)|16.7 g
CR025|Lemak (Fat)|1.6 g
CR025|Karbohidrat (CHO)|63.2 g
CR025|Serat (Fibre)|4.6 g
CR025|Abu (ASH)|6.2 g
CR025|Kalsium (Ca)|209 mg
CR025|Fosfor (P)|335 mg
CR025|Besi (Fe)|6.4 mg
CR025|Natrium (Na)|19 mg
CR025|Kalium (K)|1,348.5 mg
CR025|Tembaga (Cu)|0.69 mg
CR025|Seng (Zn)|2.8 mg
CR025|Thiamin (Vit. B1)|0.10 mg
CR025|Riboflavin (Vit. B2)|0.08 mg
CR025|Niasin (Niacin)|2.0 mg
CR025|Vitamin C (Vit. C)|6 mg
CR026|Air (Water)|17.7 g
CR026|Energi (Energy)|314 Kal
CR026|Protein (Protein)|22.1 g
CR026|Lemak (Fat)|1.1 g
CR026|Karbohidrat (CHO)|56.2 g
CR026|Serat (Fibre)|4.0 g
CR026|Abu (ASH)|2.9 g
CR026|Kalsium (Ca)|502 mg
CR026|Fosfor (P)|429 mg
CR026|Besi (Fe)|10.3 mg
CR026|Natrium (Na)|11 mg
CR026|Kalium (K)|1,265.5 mg
CR026|Tembaga (Cu)|0.65 mg
CR026|Seng (Zn)|2.6 mg
CR026|Beta-Karoten (Carotenes)|129 mcg
CR026|Thiamin (Vit. B1)|0.40 mg
CR026|Riboflavin (Vit. B2)|0.72 mg
CR026|Niasin (Niacin)|2.2 mg
CR027|Air (Water)|57.2 g
CR027|Energi (Energy)|171 Kal
CR027|Protein (Protein)|11.0 g
CR027|Lemak (Fat)|2.2 g
CR027|Karbohidrat (CHO)|28.0 g
CR027|Serat (Fibre)|2.1 g
CR027|Abu (ASH)|1.7 g
CR027|Kalsium (Ca)|293 mg
CR027|Fosfor (P)|134 mg
CR027|Besi (Fe)|3.7 mg
CR027|Natrium (Na)|7 mg
CR027|Kalium (K)|360.7 mg
CR027|Tembaga (Cu)|0.34 mg
CR027|Seng (Zn)|1.4 mg
CR027|Beta-Karoten (Carotenes)|0 mcg
CR027|Karoten Total (Re)|10 mcg
CR027|Thiamin (Vit. B1)|0.15 mg
CR027|Riboflavin (Vit. B2)|0.15 mg
CR027|Niasin (Niacin)|1.1 mg
CR028|Air (Water)|4.6 g
CR028|Energi (Energy)|616 Kal
CR028|Protein (Protein)|16.3 g
CR028|Lemak (Fat)|48.4 g
CR028|Karbohidrat (CHO)|28.7 g
CR028|Serat (Fibre)|0.9 g
CR028|Abu (ASH)|2.0 g
CR028|Kalsium (Ca)|26 mg
CR028|Fosfor (P)|521 mg
CR028|Besi (Fe)|3.8 mg
CR028|Natrium (Na)|26 mg
CR028|Kalium (K)|692.0 mg
CR028|Tembaga (Cu)|4.70 mg
CR028|Seng (Zn)|4.1 mg
CR028|Beta-Karoten (Carotenes)|5 mcg
CR028|Thiamin (Vit. B1)|0.64 mg
CR028|Riboflavin (Vit. B2)|0.03 mg
CR028|Niasin (Niacin)|0.0 mg
CR029|Air (Water)|12.2 g
CR029|Energi (Energy)|357 Kal
CR029|Protein (Protein)|17.3 g
CR029|Lemak (Fat)|1.5 g
CR029|Karbohidrat (CHO)|68.6 g
CR029|Serat (Fibre)|10.6 g
CR029|Abu (ASH)|0.4 g
CR029|Kalsium (Ca)|163 mg
CR029|Fosfor (P)|437 mg
CR029|Besi (Fe)|6.9 mg
CR029|Natrium (Na)|16 mg
CR029|Kalium (K)|1,109.4 mg
CR029|Tembaga (Cu)|0.35 mg
CR029|Seng (Zn)|2.8 mg
CR029|Retinol (Vit. A)|0 mcg
CR029|Beta-Karoten (Carotenes)|2,182 mcg
CR029|Thiamin (Vit. B1)|0.57 mg
CR029|Riboflavin (Vit. B2)|0.98 mg
CR029|Niasin (Niacin)|7.1 mg
CR029|Vitamin C (Vit. C)|2 mg
CR030|Air (Water)|1.2 g
CR030|Energi (Energy)|560 Kal
CR030|Protein (Protein)|29.5 g
CR030|Lemak (Fat)|43.0 g
CR030|Karbohidrat (CHO)|24.1 g
CR030|Serat (Fibre)|2.9 g
CR030|Abu (ASH)|2.2 g
CR030|Kalsium (Ca)|107 mg
CR030|Fosfor (P)|366 mg
CR030|Besi (Fe)|4.1 mg
CR030|Natrium (Na)|34 mg
CR030|Kalium (K)|509.8 mg
CR030|Tembaga (Cu)|1.69 mg
CR030|Seng (Zn)|2.1 mg
CR030|Beta-Karoten (Carotenes)|0 mcg
CR030|Thiamin (Vit. B1)|0.31 mg
CR030|Riboflavin (Vit. B2)|0.30 mg
CR030|Niasin (Niacin)|15.5 mg
CR031|Air (Water)|2.6 g
CR031|Energi (Energy)|559 Kal
CR031|Protein (Protein)|26.9 g
CR031|Lemak (Fat)|44.2 g
CR031|Karbohidrat (CHO)|23.6 g
CR031|Serat (Fibre)|2.6 g
CR031|Abu (ASH)|2.7 g
CR031|Kalsium (Ca)|74 mg
CR031|Fosfor (P)|393 mg
CR031|Besi (Fe)|1.9 mg
CR031|Natrium (Na)|33 mg
CR031|Kalium (K)|202.3 mg
CR031|Tembaga (Cu)|520.40 mg
CR031|Seng (Zn)|1.7 mg
CR031|Retinol (Vit. A)|0 mcg
CR031|Beta-Karoten (Carotenes)|0 mcg
CR031|Thiamin (Vit. B1)|0.30 mg
CR031|Riboflavin (Vit. B2)|29.47 mg
CR031|Niasin (Niacin)|8.0 mg
CR031|Vitamin C (Vit. C)|0 mg
CR032|Air (Water)|9.6 g
CR032|Energi (Energy)|525 Kal
CR032|Protein (Protein)|27.9 g
CR032|Lemak (Fat)|42.7 g
CR032|Karbohidrat (CHO)|17.4 g
CR032|Serat (Fibre)|2.4 g
CR032|Abu (ASH)|2.4 g
CR032|Kalsium (Ca)|316 mg
CR032|Fosfor (P)|456 mg
CR032|Besi (Fe)|5.7 mg
CR032|Natrium (Na)|31 mg
CR032|Kalium (K)|466.5 mg
CR032|Tembaga (Cu)|1.55 mg
CR032|Seng (Zn)|1.9 mg
CR032|Beta-Karoten (Carotenes)|0 mcg
CR032|Karoten Total (Re)|30 mcg
CR032|Thiamin (Vit. B1)|0.44 mg
CR032|Riboflavin (Vit. B2)|0.27 mg
CR032|Niasin (Niacin)|1.4 mg
CR033|Air (Water)|13.5 g
CR033|Energi (Energy)|331 Kal
CR033|Protein (Protein)|24.4 g
CR033|Lemak (Fat)|1.9 g
CR033|Karbohidrat (CHO)|56.6 g
CR033|Serat (Fibre)|1.6 g
CR033|Abu (ASH)|3.6 g
CR033|Kalsium (Ca)|481 mg
CR033|Fosfor (P)|399 mg
CR033|Besi (Fe)|13.9 mg
CR033|Natrium (Na)|15 mg
CR033|Kalium (K)|7.8 mg
CR033|Tembaga (Cu)|1.03 mg
CR033|Seng (Zn)|5.9 mg
CR033|Beta-Karoten (Carotenes)|65 mcg
CR033|Thiamin (Vit. B1)|0.06 mg
CR033|Riboflavin (Vit. B2)|0.20 mg
CR033|Niasin (Niacin)|4.3 mg
CR034|Air (Water)|10.5 g
CR034|Energi (Energy)|351 Kal
CR034|Protein (Protein)|12.2 g
CR034|Lemak (Fat)|1.2 g
CR034|Karbohidrat (CHO)|72.9 g
CR034|Serat (Fibre)|29.5 g
CR034|Abu (ASH)|3.2 g
CR034|Kalsium (Ca)|120 mg
CR034|Fosfor (P)|220 mg
CR034|Besi (Fe)|6.9 mg
CR034|Natrium (Na)|1 mg
CR034|Kalium (K)|0.0 mg
CR034|Tembaga (Cu)|1.40 mg
CR034|Seng (Zn)|2.9 mg
CR034|Thiamin (Vit. B1)|0.57 mg
CR034|Riboflavin (Vit. B2)|0.13 mg
CR034|Niasin (Niacin)|2.5 mg
CR035|Air (Water)|9.9 g
CR035|Energi (Energy)|358 Kal
CR035|Protein (Protein)|23.4 g
CR035|Lemak (Fat)|2.4 g
CR035|Karbohidrat (CHO)|60.6 g
CR035|Serat (Fibre)|7.4 g
CR035|Abu (ASH)|3.7 g
CR035|Kalsium (Ca)|269 mg
CR035|Fosfor (P)|264 mg
CR035|Besi (Fe)|0.5 mg
CR035|Natrium (Na)|13 mg
CR035|Kalium (K)|1,457.7 mg
CR035|Tembaga (Cu)|0.35 mg
CR035|Beta-Karoten (Carotenes)|20 mcg
CR035|Thiamin (Vit. B1)|0.10 mg
CR035|Riboflavin (Vit. B2)|0.20 mg
CR035|Niasin (Niacin)|2.5 mg
CR035|Vitamin C (Vit. C)|2 mg
CR036|Air (Water)|12.8 g
CR036|Energi (Energy)|354 Kal
CR036|Protein (Protein)|12.8 g
CR036|Lemak (Fat)|1.8 g
CR036|Karbohidrat (CHO)|69.3 g
CR036|Serat (Fibre)|26.1 g
CR036|Abu (ASH)|3.3 g
CR036|Kalsium (Ca)|220 mg
CR036|Fosfor (P)|220 mg
CR036|Besi (Fe)|5.1 mg
CR036|Natrium (Na)|1 mg
CR036|Kalium (K)|0.0 mg
CR036|Tembaga (Cu)|0.70 mg
CR036|Seng (Zn)|3.1 mg
CR036|Thiamin (Vit. B1)|0.55 mg
CR036|Riboflavin (Vit. B2)|0.05 mg
CR036|Niasin (Niacin)|3.5 mg
CR037|Air (Water)|13.0 g
CR037|Energi (Energy)|616 Kal
CR037|Protein (Protein)|13.9 g
CR037|Lemak (Fat)|56.2 g
CR037|Karbohidrat (CHO)|13.7 g
CR037|Abu (ASH)|3.2 g
CR037|Kalsium (Ca)|0 mg
CR037|Fosfor (P)|380 mg
CR037|Besi (Fe)|1.4 mg
CR037|Natrium (Na)|11 mg
CR037|Kalium (K)|460.0 mg
CR037|Tembaga (Cu)|1.10 mg
CR037|Seng (Zn)|3.2 mg
CR037|Beta-Karoten (Carotenes)|90 mcg
CR037|Thiamin (Vit. B1)|0.83 mg
CR037|Riboflavin (Vit. B2)|0.08 mg
CR037|Niasin (Niacin)|0.5 mg
CR038|Air (Water)|3.0 g
CR038|Energi (Energy)|657 Kal
CR038|Protein (Protein)|15.0 g
CR038|Lemak (Fat)|66.0 g
CR038|Karbohidrat (CHO)|13.0 g
CR038|Abu (ASH)|3.0 g
CR038|Kalsium (Ca)|92 mg
CR038|Fosfor (P)|691 mg
CR038|Besi (Fe)|7.7 mg
CR038|Natrium (Na)|3 mg
CR038|Kalium (K)|505.8 mg
CR038|Tembaga (Cu)|0.97 mg
CR038|Seng (Zn)|3.0 mg
CR038|Retinol (Vit. A)|0 mcg
CR038|Thiamin (Vit. B1)|0.42 mg
CR038|Riboflavin (Vit. B2)|0.09 mg
CR038|Niasin (Niacin)|0.5 mg
CR038|Vitamin C (Vit. C)|0 mg
CR039|Air (Water)|74.3 g
CR039|Energi (Energy)|99 Kal
CR039|Protein (Protein)|3.3 g
CR039|Lemak (Fat)|0.1 g
CR039|Karbohidrat (CHO)|21.2 g
CR039|Serat (Fibre)|10.3 g
CR039|Abu (ASH)|1.1 g
CR039|Kalsium (Ca)|50 mg
CR039|Fosfor (P)|99 mg
CR039|Besi (Fe)|13.1 mg
CR039|Natrium (Na)|15 mg
CR039|Kalium (K)|567.0 mg
CR039|Tembaga (Cu)|0.20 mg
CR039|Seng (Zn)|0.6 mg
CR039|Beta-Karoten (Carotenes)|5 mcg
CR039|Thiamin (Vit. B1)|0.13 mg
CR039|Riboflavin (Vit. B2)|0.03 mg
CR039|Niasin (Niacin)|0.2 mg
CR040|Air (Water)|10.8 g
CR040|Energi (Energy)|356 Kal
CR040|Protein (Protein)|20.5 g
CR040|Lemak (Fat)|4.1 g
CR040|Karbohidrat (CHO)|61.6 g
CR040|Serat (Fibre)|7.0 g
CR040|Abu (ASH)|3.0 g
CR040|Kalsium (Ca)|150 mg
CR040|Fosfor (P)|272 mg
CR040|Besi (Fe)|6.2 mg
CR040|Natrium (Na)|18 mg
CR040|Kalium (K)|301.8 mg
CR040|Tembaga (Cu)|0.73 mg
CR040|Seng (Zn)|2.8 mg
CR040|Beta-Karoten (Carotenes)|0 mcg
CR040|Thiamin (Vit. B1)|0.29 mg
CR040|Riboflavin (Vit. B2)|0.02 mg
CR040|Niasin (Niacin)|1.4 mg
CR040|Vitamin C (Vit. C)|1 mg
CR041|Air (Water)|15.0 g
CR041|Energi (Energy)|332 Kal
CR041|Protein (Protein)|24.0 g
CR041|Lemak (Fat)|3.0 g
CR041|Karbohidrat (CHO)|55.0 g
CR041|Serat (Fibre)|5.6 g
CR041|Abu (ASH)|3.0 g
CR041|Kalsium (Ca)|30 mg
CR041|Fosfor (P)|200 mg
CR041|Besi (Fe)|2.0 mg
CR041|Natrium (Na)|42 mg
CR041|Kalium (K)|389.2 mg
CR041|Tembaga (Cu)|1.25 mg
CR041|Seng (Zn)|8.7 mg
CR041|Beta-Karoten (Carotenes)|0 mcg
CR041|Karoten Total (Re)|70 mcg
CR041|Thiamin (Vit. B1)|0.30 mg
CR041|Riboflavin (Vit. B2)|0.12 mg
CR041|Niasin (Niacin)|1.7 mg
CR041|Vitamin C (Vit. C)|0 mg
CR042|Air (Water)|67.2 g
CR042|Energi (Energy)|125 Kal
CR042|Protein (Protein)|8.3 g
CR042|Lemak (Fat)|0.7 g
CR042|Karbohidrat (CHO)|22.1 g
CR042|Serat (Fibre)|2.2 g
CR042|Abu (ASH)|1.7 g
CR042|Kalsium (Ca)|17 mg
CR042|Fosfor (P)|12 mg
CR042|Besi (Fe)|2.7 mg
CR042|Natrium (Na)|16 mg
CR042|Kalium (K)|150.3 mg
CR042|Tembaga (Cu)|0.48 mg
CR042|Seng (Zn)|3.4 mg
CR042|Beta-Karoten (Carotenes)|0 mcg
CR042|Karoten Total (Re)|80 mcg
CR042|Thiamin (Vit. B1)|0.11 mg
CR042|Riboflavin (Vit. B2)|0.04 mg
CR042|Niasin (Niacin)|1.1 mg
CR042|Vitamin C (Vit. C)|31 mg
CR043|Air (Water)|88.6 g
CR043|Energi (Energy)|33 Kal
CR043|Protein (Protein)|2.7 g
CR043|Lemak (Fat)|0.2 g
CR043|Karbohidrat (CHO)|7.9 g
CR043|Serat (Fibre)|3.5 g
CR043|Abu (ASH)|0.6 g
CR043|Kalsium (Ca)|60 mg
CR043|Fosfor (P)|40 mg
CR043|Besi (Fe)|2.0 mg
CR043|Natrium (Na)|2 mg
CR043|Kalium (K)|38.6 mg
CR043|Tembaga (Cu)|0.09 mg
CR043|Seng (Zn)|0.4 mg
CR043|Beta-Karoten (Carotenes)|0 mcg
CR043|Karoten Total (Re)|40 mcg
CR043|Thiamin (Vit. B1)|0.10 mg
CR043|Riboflavin (Vit. B2)|0.00 mg
CR043|Niasin (Niacin)|0.2 mg
CR043|Vitamin C (Vit. C)|0 mg
CR044|Air (Water)|13.0 g
CR044|Energi (Energy)|344 Kal
CR044|Protein (Protein)|12.5 g
CR044|Lemak (Fat)|2.1 g
CR044|Karbohidrat (CHO)|69.4 g
CR044|Serat (Fibre)|7.5 g
CR044|Abu (ASH)|3.0 g
CR044|Kalsium (Ca)|70 mg
CR044|Fosfor (P)|103 mg
CR044|Besi (Fe)|4.4 mg
CR044|Natrium (Na)|18 mg
CR044|Kalium (K)|294.3 mg
CR044|Tembaga (Cu)|0.72 mg
CR044|Seng (Zn)|2.7 mg
CR044|Beta-Karoten (Carotenes)|0 mcg
CR044|Karoten Total (Re)|28 mcg
CR044|Thiamin (Vit. B1)|0.11 mg
CR044|Riboflavin (Vit. B2)|0.21 mg
CR044|Niasin (Niacin)|1.4 mg
CR044|Vitamin C (Vit. C)|1 mg
CR045|Air (Water)|11.8 g
CR045|Energi (Energy)|338 Kal
CR045|Protein (Protein)|22.2 g
CR045|Lemak (Fat)|1.5 g
CR045|Karbohidrat (CHO)|61.0 g
CR045|Serat (Fibre)|5.8 g
CR045|Abu (ASH)|3.5 g
CR045|Kalsium (Ca)|88 mg
CR045|Fosfor (P)|395 mg
CR045|Besi (Fe)|3.5 mg
CR045|Natrium (Na)|43 mg
CR045|Kalium (K)|403.8 mg
CR045|Tembaga (Cu)|1.30 mg
CR045|Seng (Zn)|9.1 mg
CR045|Retinol (Vit. A)|0 mcg
CR045|Beta-Karoten (Carotenes)|0 mcg
CR045|Thiamin (Vit. B1)|0.62 mg
CR045|Riboflavin (Vit. B2)|0.12 mg
CR045|Niasin (Niacin)|1.8 mg
CR045|Vitamin C (Vit. C)|0 mg
CR046|Air (Water)|77.4 g
CR046|Energi (Energy)|85 Kal
CR046|Protein (Protein)|5.7 g
CR046|Lemak (Fat)|0.3 g
CR046|Karbohidrat (CHO)|15.4 g
CR046|Serat (Fibre)|10.8 g
CR046|Abu (ASH)|1.2 g
CR046|Kalsium (Ca)|180 mg
CR046|Fosfor (P)|53 mg
CR046|Besi (Fe)|2.7 mg
CR046|Natrium (Na)|35 mg
CR046|Kalium (K)|485.7 mg
CR046|Tembaga (Cu)|0.02 mg
CR046|Seng (Zn)|1.4 mg
CR046|Beta-Karoten (Carotenes)|0 mcg
CR046|Karoten Total (Re)|423 mcg
CR046|Thiamin (Vit. B1)|0.08 mg
CR046|Riboflavin (Vit. B2)|1.15 mg
CR046|Niasin (Niacin)|1.0 mg
CR046|Vitamin C (Vit. C)|15 mg
CR047|Air (Water)|61.4 g
CR047|Energi (Energy)|148 Kal
CR047|Protein (Protein)|10.6 g
CR047|Lemak (Fat)|0.5 g
CR047|Karbohidrat (CHO)|26.2 g
CR047|Serat (Fibre)|17.0 g
CR047|Abu (ASH)|1.3 g
CR047|Kalsium (Ca)|155 mg
CR047|Fosfor (P)|59 mg
CR047|Besi (Fe)|2.2 mg
CR047|Natrium (Na)|28 mg
CR047|Kalium (K)|628.5 mg
CR047|Tembaga (Cu)|0.03 mg
CR047|Seng (Zn)|2.4 mg
CR047|Karoten Total (Re)|416 mcg
CR047|Thiamin (Vit. B1)|0.23 mg
CR047|Riboflavin (Vit. B2)|0.49 mg
CR047|Niasin (Niacin)|2.8 mg
CR047|Vitamin C (Vit. C)|20 mg
CR048|Air (Water)|10.2 g
CR048|Energi (Energy)|367 Kal
CR048|Protein (Protein)|46.4 g
CR048|Lemak (Fat)|5.4 g
CR048|Karbohidrat (CHO)|32.5 g
CR048|Serat (Fibre)|2.6 g
CR048|Abu (ASH)|4.4 g
CR048|Kalsium (Ca)|136 mg
CR048|Fosfor (P)|441 mg
CR048|Besi (Fe)|23.3 mg
CR048|Natrium (Na)|65 mg
CR048|Kalium (K)|1,462.3 mg
CR048|Tembaga (Cu)|0.07 mg
CR048|Seng (Zn)|5.6 mg
CR048|Karoten Total (Re)|18,900 mcg
CR048|Thiamin (Vit. B1)|0.06 mg
CR048|Riboflavin (Vit. B2)|1.15 mg
CR048|Niasin (Niacin)|1.0 mg
CR048|Vitamin C (Vit. C)|9 mg
CR049|Air (Water)|13.5 g
CR049|Energi (Energy)|336 Kal
CR049|Protein (Protein)|23.8 g
CR049|Lemak (Fat)|1.2 g
CR049|Karbohidrat (CHO)|59.7 g
CR049|Serat (Fibre)|15.4 g
CR049|Abu (ASH)|1.8 g
CR049|Kalsium (Ca)|867 mg
CR049|Fosfor (P)|321 mg
CR049|Besi (Fe)|1.5 mg
CR049|Natrium (Na)|134 mg
CR049|Kalium (K)|1,858.9 mg
CR049|Tembaga (Cu)|0.07 mg
CR049|Seng (Zn)|5.4 mg
CR049|Karoten Total (Re)|321 mcg
CR049|Thiamin (Vit. B1)|0.15 mg
CR049|Riboflavin (Vit. B2)|1.34 mg
CR049|Niasin (Niacin)|0.9 mg
CR049|Vitamin C (Vit. C)|16 mg
CR050|Air (Water)|57.7 g
CR050|Energi (Energy)|165 Kal
CR050|Protein (Protein)|4.2 g
CR050|Lemak (Fat)|0.1 g
CR050|Karbohidrat (CHO)|36.7 g
CR050|Serat (Fibre)|1.8 g
CR050|Abu (ASH)|1.3 g
CR050|Kalsium (Ca)|33 mg
CR050|Fosfor (P)|200 mg
CR050|Besi (Fe)|1.0 mg
CR050|Natrium (Na)|69 mg
CR050|Kalium (K)|179.0 mg
CR050|Tembaga (Cu)|0.12 mg
CR050|Seng (Zn)|0.2 mg
CR050|Retinol (Vit. A)|0 mcg
CR050|Beta-Karoten (Carotenes)|0 mcg
CR050|Thiamin (Vit. B1)|0.20 mg
CR050|Riboflavin (Vit. B2)|0.03 mg
CR050|Niasin (Niacin)|1.4 mg
CR050|Vitamin C (Vit. C)|10 mg
CR051|Air (Water)|8.1 g
CR051|Energi (Energy)|449 Kal
CR051|Protein (Protein)|30.6 g
CR051|Lemak (Fat)|25.5 g
CR051|Karbohidrat (CHO)|31.9 g
CR051|Serat (Fibre)|3.5 g
CR051|Abu (ASH)|3.9 g
CR051|Kalsium (Ca)|1,062 mg
CR051|Fosfor (P)|161 mg
CR051|Besi (Fe)|14.2 mg
CR051|Natrium (Na)|66 mg
CR051|Kalium (K)|1,496.5 mg
CR051|Tembaga (Cu)|0.07 mg
CR051|Seng (Zn)|5.7 mg
CR051|Karoten Total (Re)|107 mcg
CR051|Thiamin (Vit. B1)|0.09 mg
CR051|Riboflavin (Vit. B2)|1.50 mg
CR051|Niasin (Niacin)|10.9 mg
CR051|Vitamin C (Vit. C)|7 mg
CR052|Air (Water)|5.8 g
CR052|Energi (Energy)|568 Kal
CR052|Protein (Protein)|19.3 g
CR052|Lemak (Fat)|51.1 g
CR052|Karbohidrat (CHO)|18.1 g
CR052|Serat (Fibre)|3.6 g
CR052|Abu (ASH)|5.8 g
CR052|Kalsium (Ca)|1,125 mg
CR052|Fosfor (P)|614 mg
CR052|Besi (Fe)|9.5 mg
CR052|Natrium (Na)|18 mg
CR052|Kalium (K)|303.7 mg
CR052|Tembaga (Cu)|4.16 mg
CR052|Seng (Zn)|7.9 mg
CR052|Beta-Karoten (Carotenes)|15 mcg
CR052|Thiamin (Vit. B1)|0.93 mg
CR052|Riboflavin (Vit. B2)|0.20 mg
CR052|Niasin (Niacin)|5.7 mg
CR052|Vitamin C (Vit. C)|0 mg
DP001|Air (Water)|90.7 g
DP001|Energi (Energy)|30 Kal
DP001|Protein (Protein)|1.3 g
DP001|Lemak (Fat)|0.7 g
DP001|Karbohidrat (CHO)|5.8 g
DP001|Serat (Fibre)|1.2 g
DP001|Abu (ASH)|1.6 g
DP001|Kalsium (Ca)|239 mg
DP001|Fosfor (P)|35 mg
DP001|Besi (Fe)|5.7 mg
DP001|Natrium (Na)|15 mg
DP001|Kalium (K)|431.0 mg
DP001|Tembaga (Cu)|0.10 mg
DP001|Seng (Zn)|0.3 mg
DP001|Retinol (Vit. A)|0 mcg
DP001|Beta-Karoten (Carotenes)|2,699 mcg
DP001|Karoten Total (Re)|3,750 mcg
DP001|Thiamin (Vit. B1)|0.02 mg
DP001|Riboflavin (Vit. B2)|0.10 mg
DP001|Niasin (Niacin)|0.9 mg
DP001|Vitamin C (Vit. C)|32 mg
DP002|Air (Water)|93.5 g
DP002|Energi (Energy)|23 Kal
DP002|Protein (Protein)|1.2 g
DP002|Lemak (Fat)|0.6 g
DP002|Karbohidrat (CHO)|3.7 g
DP002|Serat (Fibre)|1.1 g
DP002|Abu (ASH)|1.0 g
DP002|Kalsium (Ca)|150 mg
DP002|Fosfor (P)|35 mg
DP002|Besi (Fe)|0.5 mg
DP002|Natrium (Na)|16 mg
DP002|Kalium (K)|308.4 mg
DP002|Tembaga (Cu)|0.20 mg
DP002|Seng (Zn)|0.3 mg
DP002|Retinol (Vit. A)|0 mcg
DP002|Beta-Karoten (Carotenes)|3,282 mcg
DP002|Karoten Total (Re)|2,864 mcg
DP002|Thiamin (Vit. B1)|0.02 mg
DP002|Riboflavin (Vit. B2)|0.10 mg
DP002|Niasin (Niacin)|0.9 mg
DP002|Vitamin C (Vit. C)|19 mg
DP003|Air (Water)|90.6 g
DP003|Energi (Energy)|30 Kal
DP003|Protein (Protein)|2.2 g
DP003|Lemak (Fat)|0.2 g
DP003|Karbohidrat (CHO)|6.4 g
DP003|Serat (Fibre)|1.5 g
DP003|Abu (ASH)|0.6 g
DP003|Kalsium (Ca)|107 mg
DP003|Fosfor (P)|47 mg
DP003|Besi (Fe)|0.5 mg
DP003|Natrium (Na)|7 mg
DP003|Kalium (K)|138.9 mg
DP003|Tembaga (Cu)|0.10 mg
DP003|Seng (Zn)|0.3 mg
DP003|Beta-Karoten (Carotenes)|1 mcg
DP003|Karoten Total (Re)|402 mcg
DP003|Thiamin (Vit. B1)|0.01 mg
DP003|Riboflavin (Vit. B2)|0.29 mg
DP003|Niasin (Niacin)|2.0 mg
DP003|Vitamin C (Vit. C)|8 mg
DP004|Air (Water)|87.2 g
DP004|Energi (Energy)|40 Kal
DP004|Protein (Protein)|3.7 g
DP004|Lemak (Fat)|0.3 g
DP004|Karbohidrat (CHO)|8.0 g
DP004|Serat (Fibre)|1.8 g
DP004|Abu (ASH)|0.8 g
DP004|Kalsium (Ca)|111 mg
DP004|Fosfor (P)|66 mg
DP004|Besi (Fe)|3.7 mg
DP004|Natrium (Na)|6 mg
DP004|Kalium (K)|419.5 mg
DP004|Tembaga (Cu)|0.20 mg
DP004|Seng (Zn)|0.3 mg
DP004|Retinol (Vit. A)|0 mcg
DP004|Beta-Karoten (Carotenes)|2,645 mcg
DP004|Karoten Total (Re)|5,781 mcg
DP004|Thiamin (Vit. B1)|0.15 mg
DP004|Riboflavin (Vit. B2)|0.20 mg
DP004|Niasin (Niacin)|0.9 mg
DP004|Vitamin C (Vit. C)|11 mg
DP005|Air (Water)|83.3 g
DP005|Energi (Energy)|53 Kal
DP005|Protein (Protein)|5.3 g
DP005|Lemak (Fat)|0.9 g
DP005|Karbohidrat (CHO)|9.1 g
DP005|Serat (Fibre)|1.2 g
DP005|Abu (ASH)|1.4 g
DP005|Kalsium (Ca)|185 mg
DP005|Fosfor (P)|102 mg
DP005|Besi (Fe)|3.1 mg
DP005|Natrium (Na)|16 mg
DP005|Kalium (K)|291.3 mg
DP005|Tembaga (Cu)|0.30 mg
DP005|Seng (Zn)|1.3 mg
DP005|Retinol (Vit. A)|0 mcg
DP005|Beta-Karoten (Carotenes)|11,131 mcg
DP005|Karoten Total (Re)|9,000 mcg
DP005|Thiamin (Vit. B1)|0.00 mg
DP005|Riboflavin (Vit. B2)|0.30 mg
DP005|Niasin (Niacin)|2.2 mg
DP005|Vitamin C (Vit. C)|66 mg
DP006|Air (Water)|80.3 g
DP006|Energi (Energy)|61 Kal
DP006|Protein (Protein)|6.1 g
DP006|Lemak (Fat)|0.9 g
DP006|Karbohidrat (CHO)|10.0 g
DP006|Serat (Fibre)|0.9 g
DP006|Abu (ASH)|2.6 g
DP006|Kalsium (Ca)|255 mg
DP006|Fosfor (P)|36 mg
DP006|Besi (Fe)|2.1 mg
DP006|Natrium (Na)|45 mg
DP006|Kalium (K)|181.2 mg
DP006|Tembaga (Cu)|0.10 mg
DP006|Seng (Zn)|0.6 mg
DP006|Beta-Karoten (Carotenes)|3,972 mcg
DP006|Karoten Total (Re)|6,071 mcg
DP006|Thiamin (Vit. B1)|0.10 mg
DP006|Riboflavin (Vit. B2)|0.10 mg
DP006|Niasin (Niacin)|4.0 mg
DP006|Vitamin C (Vit. C)|13 mg
DP007|Air (Water)|81.6 g
DP007|Energi (Energy)|63 Kal
DP007|Protein (Protein)|3.8 g
DP007|Lemak (Fat)|1.5 g
DP007|Karbohidrat (CHO)|11.5 g
DP007|Serat (Fibre)|2.4 g
DP007|Abu (ASH)|1.6 g
DP007|Kalsium (Ca)|300 mg
DP007|Fosfor (P)|43 mg
DP007|Besi (Fe)|6.0 mg
DP007|Beta-Karoten (Carotenes)|2 mcg
DP007|Karoten Total (Re)|4,900 mcg
DP007|Thiamin (Vit. B1)|0.08 mg
DP007|Riboflavin (Vit. B2)|0.10 mg
DP007|Niasin (Niacin)|5.2 mg
DP007|Vitamin C (Vit. C)|11 mg
DP008|Air (Water)|90.5 g
DP008|Energi (Energy)|31 Kal
DP008|Protein (Protein)|3.7 g
DP008|Lemak (Fat)|0.6 g
DP008|Karbohidrat (CHO)|4.8 g
DP008|Serat (Fibre)|1.6 g
DP008|Abu (ASH)|0.4 g
DP008|Kalsium (Ca)|160 mg
DP008|Fosfor (P)|50 mg
DP008|Besi (Fe)|2.6 mg
DP008|Natrium (Na)|13 mg
DP008|Kalium (K)|14.0 mg
DP008|Tembaga (Cu)|0.10 mg
DP008|Seng (Zn)|2.0 mg
DP008|Beta-Karoten (Carotenes)|3,897 mcg
DP008|Karoten Total (Re)|4,150 mcg
DP008|Thiamin (Vit. B1)|0.02 mg
DP008|Riboflavin (Vit. B2)|0.10 mg
DP008|Niasin (Niacin)|1.7 mg
DP008|Vitamin C (Vit. C)|34 mg
DP009|Air (Water)|91.6 g
DP009|Energi (Energy)|27 Kal
DP009|Protein (Protein)|1.3 g
DP009|Lemak (Fat)|0.2 g
DP009|Karbohidrat (CHO)|5.9 g
DP009|Serat (Fibre)|1.6 g
DP009|Abu (ASH)|1.0 g
DP009|Kalsium (Ca)|119 mg
DP009|Fosfor (P)|41 mg
DP009|Besi (Fe)|1.4 mg
DP009|Natrium (Na)|3 mg
DP009|Kalium (K)|519.4 mg
DP009|Tembaga (Cu)|0.50 mg
DP009|Seng (Zn)|0.5 mg
DP009|Retinol (Vit. A)|0 mcg
DP009|Beta-Karoten (Carotenes)|4,641 mcg
DP009|Karoten Total (Re)|2,682 mcg
DP009|Thiamin (Vit. B1)|0.00 mg
DP009|Riboflavin (Vit. B2)|0.60 mg
DP009|Niasin (Niacin)|1.9 mg
DP009|Vitamin C (Vit. C)|7 mg
DP010|Air (Water)|82.5 g
DP010|Energi (Energy)|56 Kal
DP010|Protein (Protein)|3.1 g
DP010|Lemak (Fat)|0.3 g
DP010|Karbohidrat (CHO)|13.0 g
DP010|Serat (Fibre)|1.5 g
DP010|Abu (ASH)|1.1 g
DP010|Kalsium (Ca)|78 mg
DP010|Fosfor (P)|52 mg
DP010|Besi (Fe)|4.3 mg
DP010|Natrium (Na)|28 mg
DP010|Kalium (K)|472.8 mg
DP010|Tembaga (Cu)|0.10 mg
DP010|Seng (Zn)|0.4 mg
DP010|Beta-Karoten (Carotenes)|5,277 mcg
DP010|Karoten Total (Re)|5,397 mcg
DP010|Thiamin (Vit. B1)|0.00 mg
DP010|Riboflavin (Vit. B2)|0.20 mg
DP010|Niasin (Niacin)|1.1 mg
DP010|Vitamin C (Vit. C)|14 mg
DP011|Air (Water)|88.2 g
DP011|Energi (Energy)|39 Kal
DP011|Protein (Protein)|3.0 g
DP011|Lemak (Fat)|0.6 g
DP011|Karbohidrat (CHO)|7.6 g
DP011|Serat (Fibre)|1.7 g
DP011|Abu (ASH)|0.6 g
DP011|Kalsium (Ca)|100 mg
DP011|Fosfor (P)|91 mg
DP011|Besi (Fe)|1.2 mg
DP011|Natrium (Na)|28 mg
DP011|Kalium (K)|199.0 mg
DP011|Tembaga (Cu)|0.11 mg
DP011|Seng (Zn)|0.5 mg
DP011|Retinol (Vit. A)|0 mcg
DP011|Beta-Karoten (Carotenes)|131 mcg
DP011|Karoten Total (Re)|205 mcg
DP011|Thiamin (Vit. B1)|0.02 mg
DP011|Riboflavin (Vit. B2)|0.10 mg
DP011|Niasin (Niacin)|0.3 mg
DP011|Vitamin C (Vit. C)|20 mg
DP012|Air (Water)|90.9 g
DP012|Energi (Energy)|30 Kal
DP012|Protein (Protein)|2.3 g
DP012|Lemak (Fat)|0.4 g
DP012|Karbohidrat (CHO)|5.8 g
DP012|Serat (Fibre)|1.4 g
DP012|Abu (ASH)|0.6 g
DP012|Kalsium (Ca)|71 mg
DP012|Fosfor (P)|68 mg
DP012|Besi (Fe)|0.8 mg
DP012|Natrium (Na)|24 mg
DP012|Kalium (K)|114.5 mg
DP012|Tembaga (Cu)|0.10 mg
DP012|Seng (Zn)|0.4 mg
DP012|Retinol (Vit. A)|0 mcg
DP012|Beta-Karoten (Carotenes)|128 mcg
DP012|Karoten Total (Re)|162 mcg
DP012|Thiamin (Vit. B1)|0.00 mg
DP012|Riboflavin (Vit. B2)|0.07 mg
DP012|Niasin (Niacin)|0.2 mg
DP012|Vitamin C (Vit. C)|15 mg
DP013|Air (Water)|90.4 g
DP013|Energi (Energy)|30 Kal
DP013|Protein (Protein)|3.2 g
DP013|Lemak (Fat)|0.7 g
DP013|Karbohidrat (CHO)|4.7 g
DP013|Serat (Fibre)|1.8 g
DP013|Abu (ASH)|1.0 g
DP013|Kalsium (Ca)|70 mg
DP013|Fosfor (P)|49 mg
DP013|Besi (Fe)|4.4 mg
DP013|Natrium (Na)|45 mg
DP013|Kalium (K)|184.9 mg
DP013|Tembaga (Cu)|0.10 mg
DP013|Seng (Zn)|0.3 mg
DP013|Retinol (Vit. A)|0 mcg
DP013|Beta-Karoten (Carotenes)|2,370 mcg
DP013|Karoten Total (Re)|5,837 mcg
DP013|Thiamin (Vit. B1)|0.03 mg
DP013|Riboflavin (Vit. B2)|0.28 mg
DP013|Niasin (Niacin)|1.4 mg
DP013|Vitamin C (Vit. C)|11 mg
DP014|Air (Water)|93.0 g
DP014|Energi (Energy)|22 Kal
DP014|Protein (Protein)|2.5 g
DP014|Lemak (Fat)|0.6 g
DP014|Karbohidrat (CHO)|3.1 g
DP014|Serat (Fibre)|1.2 g
DP014|Abu (ASH)|0.8 g
DP014|Kalsium (Ca)|50 mg
DP014|Fosfor (P)|51 mg
DP014|Besi (Fe)|3.5 mg
DP014|Natrium (Na)|31 mg
DP014|Kalium (K)|98.0 mg
DP014|Tembaga (Cu)|0.10 mg
DP014|Seng (Zn)|0.3 mg
DP014|Retinol (Vit. A)|0 mcg
DP014|Beta-Karoten (Carotenes)|2,370 mcg
DP014|Karoten Total (Re)|4,325 mcg
DP014|Thiamin (Vit. B1)|0.01 mg
DP014|Riboflavin (Vit. B2)|0.22 mg
DP014|Niasin (Niacin)|1.2 mg
DP014|Vitamin C (Vit. C)|13 mg
DP015|Air (Water)|95.0 g
DP015|Energi (Energy)|16 Kal
DP015|Protein (Protein)|0.8 g
DP015|Lemak (Fat)|0.2 g
DP015|Karbohidrat (CHO)|3.4 g
DP015|Serat (Fibre)|1.2 g
DP015|Abu (ASH)|0.6 g
DP015|Kalsium (Ca)|16 mg
DP015|Fosfor (P)|33 mg
DP015|Besi (Fe)|0.5 mg
DP015|Natrium (Na)|4 mg
DP015|Kalium (K)|236.0 mg
DP015|Tembaga (Cu)|0.00 mg
DP015|Seng (Zn)|0.7 mg
DP015|Beta-Karoten (Carotenes)|187 mcg
DP015|Karoten Total (Re)|65 mcg
DP015|Thiamin (Vit. B1)|0.15 mg
DP015|Riboflavin (Vit. B2)|0.04 mg
DP015|Niasin (Niacin)|0.3 mg
DP015|Vitamin C (Vit. C)|35 mg
DP016|Air (Water)|93.5 g
DP016|Energi (Energy)|19 Kal
DP016|Protein (Protein)|2.7 g
DP016|Lemak (Fat)|0.2 g
DP016|Karbohidrat (CHO)|2.9 g
DP016|Serat (Fibre)|0.7 g
DP016|Abu (ASH)|0.7 g
DP016|Kalsium (Ca)|83 mg
DP016|Fosfor (P)|74 mg
DP016|Besi (Fe)|1.4 mg
DP016|Natrium (Na)|24 mg
DP016|Kalium (K)|160.7 mg
DP016|Tembaga (Cu)|0.05 mg
DP016|Seng (Zn)|0.2 mg
DP016|Beta-Karoten (Carotenes)|2,499 mcg
DP016|Karoten Total (Re)|3,700 mcg
DP016|Thiamin (Vit. B1)|0.08 mg
DP016|Riboflavin (Vit. B2)|0.20 mg
DP016|Niasin (Niacin)|0.6 mg
DP016|Vitamin C (Vit. C)|27 mg
DP017|Air (Water)|79.2 g
DP017|Energi (Energy)|88 Kal
DP017|Protein (Protein)|3.2 g
DP017|Lemak (Fat)|2.1 g
DP017|Karbohidrat (CHO)|14.0 g
DP017|Serat (Fibre)|0.7 g
DP017|Abu (ASH)|1.5 g
DP017|Kalsium (Ca)|168 mg
DP017|Fosfor (P)|50 mg
DP017|Besi (Fe)|5.7 mg
DP017|Retinol (Vit. A)|2 mcg
DP017|Karoten Total (Re)|613 mcg
DP017|Thiamin (Vit. B1)|0.05 mg
DP017|Vitamin C (Vit. C)|0 mg
DP018|Air (Water)|91.9 g
DP018|Energi (Energy)|28 Kal
DP018|Protein (Protein)|3.0 g
DP018|Lemak (Fat)|0.8 g
DP018|Karbohidrat (CHO)|4.0 g
DP018|Serat (Fibre)|1.0 g
DP018|Abu (ASH)|0.3 g
DP018|Kalsium (Ca)|52 mg
DP018|Fosfor (P)|73 mg
DP018|Besi (Fe)|0.5 mg
DP018|Natrium (Na)|18 mg
DP018|Kalium (K)|58.3 mg
DP018|Tembaga (Cu)|0.19 mg
DP018|Seng (Zn)|0.4 mg
DP018|Beta-Karoten (Carotenes)|46 mcg
DP018|Karoten Total (Re)|18 mcg
DP018|Thiamin (Vit. B1)|0.10 mg
DP018|Riboflavin (Vit. B2)|0.00 mg
DP018|Niasin (Niacin)|0.9 mg
DP018|Vitamin C (Vit. C)|2 mg
DP019|Air (Water)|92.7 g
DP019|Energi (Energy)|23 Kal
DP019|Protein (Protein)|1.8 g
DP019|Lemak (Fat)|0.1 g
DP019|Karbohidrat (CHO)|4.9 g
DP019|Serat (Fibre)|0.4 g
DP019|Abu (ASH)|0.5 g
DP019|Kalsium (Ca)|40 mg
DP019|Fosfor (P)|13 mg
DP019|Besi (Fe)|0.5 mg
DP019|Natrium (Na)|9 mg
DP019|Kalium (K)|57.0 mg
DP019|Tembaga (Cu)|67.10 mg
DP019|Seng (Zn)|0.2 mg
DP019|Retinol (Vit. A)|0 mcg
DP019|Beta-Karoten (Carotenes)|99 mcg
DP019|Karoten Total (Re)|20 mcg
DP019|Thiamin (Vit. B1)|0.00 mg
DP019|Riboflavin (Vit. B2)|0.07 mg
DP019|Niasin (Niacin)|0.7 mg
DP019|Vitamin C (Vit. C)|1 mg
DP020|Air (Water)|92.1 g
DP020|Energi (Energy)|28 Kal
DP020|Protein (Protein)|0.7 g
DP020|Lemak (Fat)|0.5 g
DP020|Karbohidrat (CHO)|6.3 g
DP020|Serat (Fibre)|0.8 g
DP020|Abu (ASH)|0.4 g
DP020|Kalsium (Ca)|46 mg
DP020|Fosfor (P)|28 mg
DP020|Besi (Fe)|0.6 mg
DP020|Natrium (Na)|41 mg
DP020|Kalium (K)|117.3 mg
DP020|Tembaga (Cu)|0.10 mg
DP020|Seng (Zn)|0.2 mg
DP020|Retinol (Vit. A)|0 mcg
DP020|Beta-Karoten (Carotenes)|3,824 mcg
DP020|Karoten Total (Re)|5,396 mcg
DP020|Thiamin (Vit. B1)|0.01 mg
DP020|Riboflavin (Vit. B2)|0.03 mg
DP020|Niasin (Niacin)|0.7 mg
DP020|Vitamin C (Vit. C)|12 mg
DP021|Air (Water)|89.5 g
DP021|Energi (Energy)|37 Kal
DP021|Protein (Protein)|1.0 g
DP021|Lemak (Fat)|0.6 g
DP021|Karbohidrat (CHO)|8.3 g
DP021|Serat (Fibre)|1.1 g
DP021|Abu (ASH)|0.6 g
DP021|Kalsium (Ca)|44 mg
DP021|Fosfor (P)|30 mg
DP021|Besi (Fe)|0.6 mg
DP021|Natrium (Na)|43 mg
DP021|Kalium (K)|122.5 mg
DP021|Tembaga (Cu)|0.11 mg
DP021|Seng (Zn)|0.3 mg
DP021|Retinol (Vit. A)|0 mcg
DP021|Beta-Karoten (Carotenes)|3,994 mcg
DP021|Karoten Total (Re)|7,150 mcg
DP021|Thiamin (Vit. B1)|0.02 mg
DP021|Riboflavin (Vit. B2)|0.03 mg
DP021|Niasin (Niacin)|0.8 mg
DP021|Vitamin C (Vit. C)|14 mg
DP022|Air (Water)|78.0 g
DP022|Energi (Energy)|98 Kal
DP022|Protein (Protein)|3.9 g
DP022|Lemak (Fat)|2.6 g
DP022|Karbohidrat (CHO)|14.8 g
DP022|Serat (Fibre)|0.5 g
DP022|Abu (ASH)|0.7 g
DP022|Kalsium (Ca)|314 mg
DP022|Fosfor (P)|17 mg
DP022|Besi (Fe)|1.2 mg
DP022|Natrium (Na)|483 mg
DP022|Retinol (Vit. A)|10 mcg
DP022|Karoten Total (Re)|146 mcg
DP022|Thiamin (Vit. B1)|0.28 mg
DP022|Vitamin C (Vit. C)|5 mg
DP023|Air (Water)|76.9 g
DP023|Energi (Energy)|126 Kal
DP023|Protein (Protein)|3.4 g
DP023|Lemak (Fat)|7.9 g
DP023|Karbohidrat (CHO)|10.3 g
DP023|Serat (Fibre)|5.4 g
DP023|Abu (ASH)|1.5 g
DP023|Kalsium (Ca)|180 mg
DP023|Fosfor (P)|1 mg
DP023|Besi (Fe)|2.9 mg
DP023|Natrium (Na)|290 mg
DP023|Kalium (K)|181.0 mg
DP023|Tembaga (Cu)|0.30 mg
DP023|Seng (Zn)|1.2 mg
DP023|Beta-Karoten (Carotenes)|3,263 mcg
DP023|Thiamin (Vit. B1)|0.20 mg
DP024|Air (Water)|77.7 g
DP024|Energi (Energy)|113 Kal
DP024|Protein (Protein)|0.9 g
DP024|Lemak (Fat)|7.2 g
DP024|Karbohidrat (CHO)|11.2 g
DP024|Serat (Fibre)|4.7 g
DP024|Abu (ASH)|3.0 g
DP024|Kalsium (Ca)|63 mg
DP024|Fosfor (P)|5 mg
DP024|Besi (Fe)|1.5 mg
DP024|Natrium (Na)|1,413 mg
DP024|Kalium (K)|1,030.0 mg
DP024|Tembaga (Cu)|0.70 mg
DP024|Seng (Zn)|3.8 mg
DP024|Beta-Karoten (Carotenes)|6 mcg
DP024|Thiamin (Vit. B1)|0.10 mg
DP024|Niasin (Niacin)|0.5 mg
DP025|Air (Water)|59.0 g
DP025|Energi (Energy)|277 Kal
DP025|Protein (Protein)|2.4 g
DP025|Lemak (Fat)|25.0 g
DP025|Karbohidrat (CHO)|10.7 g
DP025|Serat (Fibre)|4.6 g
DP025|Abu (ASH)|2.9 g
DP025|Kalsium (Ca)|120 mg
DP025|Fosfor (P)|40 mg
DP025|Besi (Fe)|2.4 mg
DP025|Natrium (Na)|240 mg
DP025|Kalium (K)|320.0 mg
DP025|Tembaga (Cu)|0.20 mg
DP025|Seng (Zn)|0.9 mg
DP025|Beta-Karoten (Carotenes)|1,578 mcg
DP025|Thiamin (Vit. B1)|0.10 mg
DP025|Riboflavin (Vit. B2)|0.20 mg
DP025|Niasin (Niacin)|0.0 mg
DP025|Vitamin C (Vit. C)|11 mg
DP026|Air (Water)|89.1 g
DP026|Energi (Energy)|65 Kal
DP026|Protein (Protein)|1.1 g
DP026|Lemak (Fat)|5.2 g
DP026|Karbohidrat (CHO)|3.5 g
DP026|Serat (Fibre)|3.1 g
DP026|Abu (ASH)|1.1 g
DP026|Kalsium (Ca)|179 mg
DP026|Fosfor (P)|72 mg
DP026|Besi (Fe)|8.3 mg
DP026|Natrium (Na)|53 mg
DP026|Kalium (K)|427.0 mg
DP026|Tembaga (Cu)|0.40 mg
DP026|Seng (Zn)|0.2 mg
DP026|Beta-Karoten (Carotenes)|44 mcg
DP026|Thiamin (Vit. B1)|0.30 mg
DP026|Niasin (Niacin)|4.4 mg
DP027|Air (Water)|63.9 g
DP027|Energi (Energy)|186 Kal
DP027|Protein (Protein)|11.7 g
DP027|Lemak (Fat)|9.7 g
DP027|Karbohidrat (CHO)|13.0 g
DP027|Serat (Fibre)|2.1 g
DP027|Abu (ASH)|2.2 g
DP027|Kalsium (Ca)|771 mg
DP027|Fosfor (P)|322 mg
DP027|Besi (Fe)|26.0 mg
DP027|Retinol (Vit. A)|18 mcg
DP027|Karoten Total (Re)|179 mcg
DP027|Thiamin (Vit. B1)|0.27 mg
DP027|Vitamin C (Vit. C)|2 mg
DP028|Air (Water)|74.5 g
DP028|Energi (Energy)|141 Kal
DP028|Protein (Protein)|4.4 g
DP028|Lemak (Fat)|10.2 g
DP028|Karbohidrat (CHO)|8.0 g
DP028|Serat (Fibre)|1.8 g
DP028|Abu (ASH)|3.0 g
DP028|Kalsium (Ca)|149 mg
DP028|Fosfor (P)|121 mg
DP028|Besi (Fe)|14.5 mg
DP028|Retinol (Vit. A)|13 mcg
DP028|Karoten Total (Re)|8,610 mcg
DP028|Thiamin (Vit. B1)|0.25 mg
DP028|Vitamin C (Vit. C)|1 mg
DP029|Air (Water)|79.6 g
DP029|Energi (Energy)|102 Kal
DP029|Protein (Protein)|3.2 g
DP029|Lemak (Fat)|6.0 g
DP029|Karbohidrat (CHO)|8.7 g
DP029|Serat (Fibre)|4.3 g
DP029|Abu (ASH)|2.5 g
DP029|Kalsium (Ca)|41 mg
DP029|Fosfor (P)|93 mg
DP029|Besi (Fe)|0.5 mg
DP029|Natrium (Na)|443 mg
DP029|Kalium (K)|518.0 mg
DP029|Tembaga (Cu)|0.30 mg
DP029|Seng (Zn)|0.7 mg
DP029|Beta-Karoten (Carotenes)|1,123 mcg
DP029|Thiamin (Vit. B1)|0.30 mg
DP029|Riboflavin (Vit. B2)|0.40 mg
DP029|Niasin (Niacin)|0.4 mg
DP029|Vitamin C (Vit. C)|19 mg
DP030|Air (Water)|82.7 g
DP030|Energi (Energy)|97 Kal
DP030|Protein (Protein)|5.8 g
DP030|Lemak (Fat)|6.3 g
DP030|Karbohidrat (CHO)|4.2 g
DP030|Serat (Fibre)|0.6 g
DP030|Abu (ASH)|1.0 g
DP030|Kalsium (Ca)|287 mg
DP030|Fosfor (P)|89 mg
DP030|Besi (Fe)|1.8 mg
DP030|Natrium (Na)|405 mg
DP030|Retinol (Vit. A)|45 mcg
DP030|Karoten Total (Re)|1,640 mcg
DP030|Thiamin (Vit. B1)|0.21 mg
DP030|Vitamin C (Vit. C)|1 mg
DP031|Air (Water)|68.5 g
DP031|Energi (Energy)|137 Kal
DP031|Protein (Protein)|6.1 g
DP031|Lemak (Fat)|3.2 g
DP031|Karbohidrat (CHO)|21.0 g
DP031|Serat (Fibre)|1.1 g
DP031|Abu (ASH)|1.5 g
DP031|Kalsium (Ca)|301 mg
DP031|Fosfor (P)|135 mg
DP031|Besi (Fe)|7.5 mg
DP031|Retinol (Vit. A)|3 mcg
DP031|Karoten Total (Re)|5,929 mcg
DP031|Thiamin (Vit. B1)|0.10 mg
DP031|Vitamin C (Vit. C)|1 mg
DP032|Air (Water)|69.2 g
DP032|Energi (Energy)|160 Kal
DP032|Protein (Protein)|3.3 g
DP032|Lemak (Fat)|9.2 g
DP032|Karbohidrat (CHO)|16.0 g
DP032|Serat (Fibre)|2.3 g
DP032|Abu (ASH)|2.1 g
DP032|Kalsium (Ca)|62 mg
DP032|Fosfor (P)|55 mg
DP032|Besi (Fe)|12.8 mg
DP032|Retinol (Vit. A)|0 mcg
DP032|Karoten Total (Re)|166 mcg
DP032|Thiamin (Vit. B1)|0.15 mg
DP032|Vitamin C (Vit. C)|0 mg
DP033|Air (Water)|76.1 g
DP033|Energi (Energy)|143 Kal
DP033|Protein (Protein)|4.0 g
DP033|Lemak (Fat)|11.4 g
DP033|Karbohidrat (CHO)|6.0 g
DP033|Serat (Fibre)|1.4 g
DP033|Abu (ASH)|2.6 g
DP033|Kalsium (Ca)|548 mg
DP033|Fosfor (P)|124 mg
DP033|Besi (Fe)|1.7 mg
DP033|Retinol (Vit. A)|11 mcg
DP033|Karoten Total (Re)|9,802 mcg
DP033|Thiamin (Vit. B1)|0.35 mg
DP033|Vitamin C (Vit. C)|1 mg
DP034|Air (Water)|71.9 g
DP034|Energi (Energy)|176 Kal
DP034|Protein (Protein)|7.3 g
DP034|Lemak (Fat)|14.9 g
DP034|Karbohidrat (CHO)|3.2 g
DP034|Abu (ASH)|2.7 g
DP034|Kalsium (Ca)|39 mg
DP034|Fosfor (P)|54 mg
DP034|Besi (Fe)|1.4 mg
DP034|Natrium (Na)|257 mg
DP034|Kalium (K)|285.0 mg
DP034|Tembaga (Cu)|0.30 mg
DP034|Seng (Zn)|0.6 mg
DP035|Air (Water)|80.0 g
DP035|Energi (Energy)|110 Kal
DP035|Protein (Protein)|4.5 g
DP035|Lemak (Fat)|6.9 g
DP035|Karbohidrat (CHO)|7.1 g
DP035|Serat (Fibre)|3.9 g
DP035|Abu (ASH)|1.5 g
DP035|Kalsium (Ca)|26 mg
DP035|Fosfor (P)|77 mg
DP035|Besi (Fe)|0.0 mg
DP035|Natrium (Na)|178 mg
DP035|Kalium (K)|131.0 mg
DP035|Tembaga (Cu)|0.20 mg
DP035|Seng (Zn)|0.7 mg
DP035|Beta-Karoten (Carotenes)|46 mcg
DP035|Thiamin (Vit. B1)|0.10 mg
DP035|Niasin (Niacin)|3.7 mg
DP035|Vitamin C (Vit. C)|23 mg
DP036|Air (Water)|91.7 g
DP036|Energi (Energy)|38 Kal
DP036|Protein (Protein)|2.4 g
DP036|Lemak (Fat)|2.0 g
DP036|Karbohidrat (CHO)|2.6 g
DP036|Serat (Fibre)|1.5 g
DP036|Abu (ASH)|1.3 g
DP036|Kalsium (Ca)|126 mg
DP036|Fosfor (P)|68 mg
DP036|Besi (Fe)|0.0 mg
DP036|Natrium (Na)|170 mg
DP036|Kalium (K)|43.0 mg
DP036|Tembaga (Cu)|0.00 mg
DP036|Seng (Zn)|0.3 mg
DP036|Beta-Karoten (Carotenes)|40 mcg
DP036|Thiamin (Vit. B1)|0.10 mg
DP036|Niasin (Niacin)|3.7 mg
DP036|Vitamin C (Vit. C)|22 mg
DP037|Air (Water)|79.0 g
DP037|Energi (Energy)|92 Kal
DP037|Protein (Protein)|2.2 g
DP037|Lemak (Fat)|3.3 g
DP037|Karbohidrat (CHO)|14.1 g
DP037|Serat (Fibre)|1.4 g
DP037|Abu (ASH)|1.4 g
DP037|Kalsium (Ca)|174 mg
DP037|Fosfor (P)|85 mg
DP037|Besi (Fe)|2.4 mg
DP037|Retinol (Vit. A)|0 mcg
DP037|Karoten Total (Re)|1 mcg
DP037|Thiamin (Vit. B1)|0.08 mg
DP037|Vitamin C (Vit. C)|3 mg
DP038|Air (Water)|2.3 g
DP038|Energi (Energy)|586 Kal
DP038|Protein (Protein)|4.9 g
DP038|Lemak (Fat)|40.6 g
DP038|Karbohidrat (CHO)|50.2 g
DP038|Serat (Fibre)|0.5 g
DP038|Abu (ASH)|1.9 g
DP038|Kalsium (Ca)|236 mg
DP038|Fosfor (P)|117 mg
DP038|Besi (Fe)|3.6 mg
DP038|Retinol (Vit. A)|0 mcg
DP038|Karoten Total (Re)|4,544 mcg
DP038|Thiamin (Vit. B1)|0.16 mg
DP038|Vitamin C (Vit. C)|0 mg
DP039|Air (Water)|88.4 g
DP039|Energi (Energy)|46 Kal
DP039|Protein (Protein)|2.2 g
DP039|Lemak (Fat)|1.5 g
DP039|Karbohidrat (CHO)|6.0 g
DP039|Serat (Fibre)|3.8 g
DP039|Abu (ASH)|1.9 g
DP039|Kalsium (Ca)|64 mg
DP039|Fosfor (P)|44 mg
DP039|Besi (Fe)|0.0 mg
DP039|Natrium (Na)|316 mg
DP039|Kalium (K)|103.0 mg
DP039|Tembaga (Cu)|1.60 mg
DP039|Seng (Zn)|0.8 mg
DP039|Beta-Karoten (Carotenes)|75 mcg
DP039|Thiamin (Vit. B1)|0.30 mg
DP039|Niasin (Niacin)|9.7 mg
DP039|Vitamin C (Vit. C)|7 mg
DP040|Air (Water)|96.3 g
DP040|Energi (Energy)|15 Kal
DP040|Protein (Protein)|1.0 g
DP040|Lemak (Fat)|0.4 g
DP040|Karbohidrat (CHO)|1.9 g
DP040|Abu (ASH)|0.4 g
DP040|Kalsium (Ca)|17 mg
DP040|Fosfor (P)|230 mg
DP040|Besi (Fe)|2.9 mg
DP040|Natrium (Na)|3 mg
DP040|Kalium (K)|156.0 mg
DP040|Tembaga (Cu)|0.10 mg
DP040|Seng (Zn)|0.7 mg
DP040|Thiamin (Vit. B1)|0.30 mg
DP040|Riboflavin (Vit. B2)|0.00 mg
DP041|Air (Water)|84.8 g
DP041|Energi (Energy)|79 Kal
DP041|Protein (Protein)|2.3 g
DP041|Lemak (Fat)|5.2 g
DP041|Karbohidrat (CHO)|5.8 g
DP041|Serat (Fibre)|2.5 g
DP041|Abu (ASH)|1.9 g
DP041|Kalsium (Ca)|170 mg
DP041|Fosfor (P)|70 mg
DP041|Besi (Fe)|0.9 mg
DP041|Natrium (Na)|170 mg
DP041|Kalium (K)|50.0 mg
DP041|Tembaga (Cu)|0.20 mg
DP041|Seng (Zn)|0.8 mg
DP041|Thiamin (Vit. B1)|0.20 mg
DP041|Riboflavin (Vit. B2)|0.10 mg
DP041|Niasin (Niacin)|0.0 mg
DP041|Vitamin C (Vit. C)|18 mg
DP042|Air (Water)|83.9 g
DP042|Energi (Energy)|9 Kal
DP042|Protein (Protein)|2.1 g
DP042|Lemak (Fat)|6.0 g
DP042|Karbohidrat (CHO)|7.1 g
DP042|Serat (Fibre)|4.4 g
DP042|Abu (ASH)|0.9 g
DP042|Kalsium (Ca)|26 mg
DP042|Fosfor (P)|3 mg
DP042|Besi (Fe)|1.2 mg
DP042|Natrium (Na)|289 mg
DP042|Kalium (K)|266.0 mg
DP042|Tembaga (Cu)|0.30 mg
DP042|Seng (Zn)|0.6 mg
DP042|Beta-Karoten (Carotenes)|36 mcg
DP042|Thiamin (Vit. B1)|0.20 mg
DP042|Riboflavin (Vit. B2)|0.10 mg
DP042|Niasin (Niacin)|0.4 mg
DP043|Air (Water)|83.4 g
DP043|Energi (Energy)|77 Kal
DP043|Protein (Protein)|3.5 g
DP043|Lemak (Fat)|4.6 g
DP043|Karbohidrat (CHO)|5.4 g
DP043|Serat (Fibre)|3.6 g
DP043|Abu (ASH)|3.1 g
DP043|Kalsium (Ca)|63 mg
DP043|Fosfor (P)|85 mg
DP043|Besi (Fe)|0.0 mg
DP043|Natrium (Na)|469 mg
DP043|Kalium (K)|37.0 mg
DP043|Tembaga (Cu)|0.30 mg
DP043|Seng (Zn)|0.7 mg
DP043|Beta-Karoten (Carotenes)|55 mcg
DP043|Thiamin (Vit. B1)|0.80 mg
DP043|Riboflavin (Vit. B2)|0.10 mg
DP043|Niasin (Niacin)|0.2 mg
DP043|Vitamin C (Vit. C)|4 mg
DP044|Air (Water)|83.8 g
DP044|Energi (Energy)|75 Kal
DP044|Protein (Protein)|2.5 g
DP044|Lemak (Fat)|2.8 g
DP044|Karbohidrat (CHO)|10.0 g
DP044|Serat (Fibre)|5.4 g
DP044|Abu (ASH)|0.9 g
DP044|Kalsium (Ca)|36 mg
DP044|Fosfor (P)|3 mg
DP044|Besi (Fe)|2.1 mg
DP044|Natrium (Na)|408 mg
DP044|Kalium (K)|381.0 mg
DP044|Tembaga (Cu)|0.10 mg
DP044|Seng (Zn)|0.4 mg
DP044|Beta-Karoten (Carotenes)|870 mcg
DP044|Thiamin (Vit. B1)|0.70 mg
DP044|Niasin (Niacin)|0.2 mg
DP044|Vitamin C (Vit. C)|12 mg
DP045|Air (Water)|91.8 g
DP045|Energi (Energy)|25 Kal
DP045|Protein (Protein)|1.5 g
DP045|Lemak (Fat)|0.5 g
DP045|Karbohidrat (CHO)|3.6 g
DP045|Serat (Fibre)|1.7 g
DP045|Abu (ASH)|2.6 g
DP045|Kalsium (Ca)|147 mg
DP045|Fosfor (P)|39 mg
DP045|Besi (Fe)|0.0 mg
DP045|Natrium (Na)|239 mg
DP045|Kalium (K)|201.0 mg
DP045|Tembaga (Cu)|0.10 mg
DP045|Seng (Zn)|0.6 mg
DP045|Beta-Karoten (Carotenes)|55 mcg
DP045|Thiamin (Vit. B1)|0.10 mg
DP045|Riboflavin (Vit. B2)|0.10 mg
DP045|Niasin (Niacin)|11.6 mg
DP045|Vitamin C (Vit. C)|2 mg
DP046|Air (Water)|70.1 g
DP046|Energi (Energy)|153 Kal
DP046|Protein (Protein)|11.3 g
DP046|Lemak (Fat)|8.4 g
DP046|Karbohidrat (CHO)|8.0 g
DP046|Serat (Fibre)|1.4 g
DP046|Abu (ASH)|1.4 g
DP046|Kalsium (Ca)|256 mg
DP046|Fosfor (P)|143 mg
DP046|Besi (Fe)|4.4 mg
DP046|Retinol (Vit. A)|18 mcg
DP046|Karoten Total (Re)|2,880 mcg
DP046|Thiamin (Vit. B1)|0.16 mg
DP046|Vitamin C (Vit. C)|2 mg
DP047|Air (Water)|93.2 g
DP047|Energi (Energy)|29 Kal
DP047|Protein (Protein)|0.7 g
DP047|Lemak (Fat)|0.6 g
DP047|Karbohidrat (CHO)|5.0 g
DP047|Serat (Fibre)|0.6 g
DP047|Abu (ASH)|0.8 g
DP047|Kalsium (Ca)|40 mg
DP047|Fosfor (P)|61 mg
DP047|Besi (Fe)|3.1 mg
DP047|Retinol (Vit. A)|14 mcg
DP047|Karoten Total (Re)|2,075 mcg
DP047|Thiamin (Vit. B1)|0.10 mg
DP047|Vitamin C (Vit. C)|0 mg
DP048|Air (Water)|83.4 g
DP048|Energi (Energy)|49 Kal
DP048|Protein (Protein)|1.7 g
DP048|Lemak (Fat)|0.3 g
DP048|Karbohidrat (CHO)|9.8 g
DP048|Serat (Fibre)|2.7 g
DP048|Abu (ASH)|2.1 g
DP048|Kalsium (Ca)|220 mg
DP048|Fosfor (P)|220 mg
DP048|Besi (Fe)|1.3 mg
DP048|Natrium (Na)|90 mg
DP048|Kalium (K)|350.0 mg
DP048|Tembaga (Cu)|0.10 mg
DP048|Seng (Zn)|0.1 mg
DP048|Beta-Karoten (Carotenes)|372 mcg
DP048|Riboflavin (Vit. B2)|0.10 mg
DP048|Niasin (Niacin)|0.0 mg
DP048|Vitamin C (Vit. C)|0 mg
DP049|Air (Water)|70.8 g
DP049|Energi (Energy)|178 Kal
DP049|Protein (Protein)|2.6 g
DP049|Lemak (Fat)|13.9 g
DP049|Karbohidrat (CHO)|10.6 g
DP049|Serat (Fibre)|8.4 g
DP049|Abu (ASH)|2.1 g
DP049|Kalsium (Ca)|30 mg
DP049|Fosfor (P)|130 mg
DP049|Besi (Fe)|0.9 mg
DP049|Natrium (Na)|20 mg
DP049|Kalium (K)|120.0 mg
DP049|Tembaga (Cu)|0.10 mg
DP049|Seng (Zn)|0.3 mg
DP049|Thiamin (Vit. B1)|0.20 mg
DP049|Riboflavin (Vit. B2)|0.10 mg
DP049|Vitamin C (Vit. C)|9 mg
DP050|Air (Water)|72.8 g
DP050|Energi (Energy)|133 Kal
DP050|Protein (Protein)|7.3 g
DP050|Lemak (Fat)|6.6 g
DP050|Karbohidrat (CHO)|11.2 g
DP050|Serat (Fibre)|1.2 g
DP050|Abu (ASH)|2.1 g
DP050|Kalsium (Ca)|40 mg
DP050|Fosfor (P)|120 mg
DP050|Besi (Fe)|0.2 mg
DP050|Natrium (Na)|20 mg
DP050|Kalium (K)|50.0 mg
DP050|Tembaga (Cu)|0.10 mg
DP050|Seng (Zn)|0.3 mg
DP050|Beta-Karoten (Carotenes)|944 mcg
DP050|Thiamin (Vit. B1)|0.20 mg
DP050|Riboflavin (Vit. B2)|0.20 mg
DP050|Vitamin C (Vit. C)|9 mg
DP051|Air (Water)|90.4 g
DP051|Energi (Energy)|36 Kal
DP051|Protein (Protein)|2.7 g
DP051|Lemak (Fat)|0.7 g
DP051|Karbohidrat (CHO)|4.8 g
DP051|Serat (Fibre)|1.4 g
DP051|Abu (ASH)|1.4 g
DP051|Kalsium (Ca)|10 mg
DP051|Fosfor (P)|90 mg
DP051|Besi (Fe)|0.1 mg
DP051|Natrium (Na)|30 mg
DP051|Kalium (K)|44.0 mg
DP051|Tembaga (Cu)|0.20 mg
DP051|Seng (Zn)|1.0 mg
DP051|Thiamin (Vit. B1)|0.30 mg
DP051|Riboflavin (Vit. B2)|0.20 mg
DP051|Vitamin C (Vit. C)|18 mg
DP052|Air (Water)|87.5 g
DP052|Energi (Energy)|49 Kal
DP052|Protein (Protein)|3.1 g
DP052|Lemak (Fat)|2.5 g
DP052|Karbohidrat (CHO)|3.6 g
DP052|Abu (ASH)|3.1 g
DP052|Kalsium (Ca)|11 mg
DP052|Fosfor (P)|6 mg
DP052|Besi (Fe)|0.5 mg
DP052|Natrium (Na)|1,011 mg
DP052|Kalium (K)|88.0 mg
DP052|Seng (Zn)|0.2 mg
DP052|Thiamin (Vit. B1)|0.20 mg
DP052|Riboflavin (Vit. B2)|0.10 mg
DP052|Vitamin C (Vit. C)|15 mg
DP053|Air (Water)|92.7 g
DP053|Energi (Energy)|27 Kal
DP053|Protein (Protein)|1.3 g
DP053|Lemak (Fat)|2.0 g
DP053|Karbohidrat (CHO)|1.0 g
DP053|Serat (Fibre)|0.3 g
DP053|Abu (ASH)|2.7 g
DP053|Kalsium (Ca)|168 mg
DP053|Fosfor (P)|57 mg
DP053|Besi (Fe)|1.8 mg
DP053|Retinol (Vit. A)|20 mcg
DP053|Karoten Total (Re)|2,569 mcg
DP053|Thiamin (Vit. B1)|0.10 mg
DP053|Vitamin C (Vit. C)|0 mg
DP054|Air (Water)|85.5 g
DP054|Energi (Energy)|67 Kal
DP054|Protein (Protein)|5.2 g
DP054|Lemak (Fat)|2.9 g
DP054|Karbohidrat (CHO)|5.1 g
DP054|Serat (Fibre)|1.4 g
DP054|Abu (ASH)|1.3 g
DP054|Kalsium (Ca)|48 mg
DP054|Fosfor (P)|81 mg
DP054|Besi (Fe)|3.2 mg
DP054|Natrium (Na)|313 mg
DP054|Kalium (K)|108.0 mg
DP054|Tembaga (Cu)|0.20 mg
DP054|Seng (Zn)|1.1 mg
DP054|Beta-Karoten (Carotenes)|21 mcg
DP054|Thiamin (Vit. B1)|0.20 mg
DP054|Vitamin C (Vit. C)|5 mg
DP055|Air (Water)|87.6 g
DP055|Energi (Energy)|57 Kal
DP055|Protein (Protein)|5.4 g
DP055|Lemak (Fat)|2.6 g
DP055|Karbohidrat (CHO)|3.1 g
DP055|Serat (Fibre)|1.6 g
DP055|Abu (ASH)|1.3 g
DP055|Kalsium (Ca)|184 mg
DP055|Fosfor (P)|135 mg
DP055|Besi (Fe)|1.2 mg
DP055|Natrium (Na)|256 mg
DP055|Kalium (K)|81.0 mg
DP055|Tembaga (Cu)|0.20 mg
DP055|Seng (Zn)|0.9 mg
DP055|Beta-Karoten (Carotenes)|18 mcg
DP055|Karoten Total (Re)|0 mcg
DP055|Thiamin (Vit. B1)|0.20 mg
DP055|Vitamin C (Vit. C)|6 mg
DP056|Air (Water)|87.1 g
DP056|Energi (Energy)|88 Kal
DP056|Protein (Protein)|3.2 g
DP056|Lemak (Fat)|8.0 g
DP056|Karbohidrat (CHO)|0.8 g
DP056|Serat (Fibre)|0.9 g
DP056|Abu (ASH)|0.9 g
DP056|Kalsium (Ca)|217 mg
DP056|Fosfor (P)|48 mg
DP056|Besi (Fe)|2.9 mg
DP056|Natrium (Na)|514 mg
DP056|Retinol (Vit. A)|82 mcg
DP056|Karoten Total (Re)|2,000 mcg
DP056|Thiamin (Vit. B1)|0.20 mg
DP056|Vitamin C (Vit. C)|0 mg
DP057|Air (Water)|52.7 g
DP057|Energi (Energy)|212 Kal
DP057|Protein (Protein)|6.0 g
DP057|Lemak (Fat)|10.0 g
DP057|Karbohidrat (CHO)|29.1 g
DP057|Abu (ASH)|2.2 g
DP057|Kalsium (Ca)|77 mg
DP057|Fosfor (P)|99 mg
DP057|Besi (Fe)|1.0 mg
DP057|Karoten Total (Re)|81 mcg
DP057|Thiamin (Vit. B1)|0.14 mg
DP057|Vitamin C (Vit. C)|4 mg
DP058|Air (Water)|91.8 g
DP058|Energi (Energy)|33 Kal
DP058|Protein (Protein)|1.2 g
DP058|Lemak (Fat)|1.3 g
DP058|Karbohidrat (CHO)|4.1 g
DP058|Serat (Fibre)|3.1 g
DP058|Abu (ASH)|1.5 g
DP058|Kalsium (Ca)|35 mg
DP058|Fosfor (P)|35 mg
DP058|Besi (Fe)|0.0 mg
DP058|Natrium (Na)|161 mg
DP058|Kalium (K)|119.0 mg
DP058|Tembaga (Cu)|0.20 mg
DP058|Seng (Zn)|0.7 mg
DP058|Beta-Karoten (Carotenes)|6 mcg
DP058|Karoten Total (Re)|0 mcg
DP058|Thiamin (Vit. B1)|0.30 mg
DP058|Riboflavin (Vit. B2)|0.00 mg
DP058|Niasin (Niacin)|3.5 mg
DP058|Vitamin C (Vit. C)|10 mg
DP059|Air (Water)|91.2 g
DP059|Energi (Energy)|48 Kal
DP059|Protein (Protein)|1.4 g
DP059|Lemak (Fat)|4.2 g
DP059|Karbohidrat (CHO)|2.6 g
DP059|Serat (Fibre)|0.5 g
DP059|Abu (ASH)|0.6 g
DP059|Kalsium (Ca)|129 mg
DP059|Fosfor (P)|27 mg
DP059|Besi (Fe)|0.8 mg
DP059|Retinol (Vit. A)|0 mcg
DP059|Karoten Total (Re)|2,988 mcg
DP059|Thiamin (Vit. B1)|0.01 mg
DP059|Vitamin C (Vit. C)|22 mg
DP060|Air (Water)|89.4 g
DP060|Energi (Energy)|45 Kal
DP060|Protein (Protein)|0.8 g
DP060|Lemak (Fat)|0.9 g
DP060|Karbohidrat (CHO)|8.1 g
DP060|Serat (Fibre)|7.9 g
DP060|Abu (ASH)|1.0 g
DP060|Kalsium (Ca)|25 mg
DP060|Fosfor (P)|25 mg
DP060|Besi (Fe)|0.5 mg
DP060|Natrium (Na)|61 mg
DP060|Kalium (K)|15.0 mg
DP060|Seng (Zn)|0.2 mg
DP060|Beta-Karoten (Carotenes)|1,241 mcg
DP060|Karoten Total (Re)|0 mcg
DP060|Thiamin (Vit. B1)|0.20 mg
DP060|Riboflavin (Vit. B2)|0.00 mg
DP060|Niasin (Niacin)|0.1 mg
DP060|Vitamin C (Vit. C)|2 mg
DP061|Air (Water)|73.0 g
DP061|Energi (Energy)|143 Kal
DP061|Protein (Protein)|3.1 g
DP061|Lemak (Fat)|7.8 g
DP061|Karbohidrat (CHO)|15.0 g
DP061|Serat (Fibre)|7.0 g
DP061|Abu (ASH)|1.1 g
DP061|Kalsium (Ca)|195 mg
DP061|Fosfor (P)|91 mg
DP061|Besi (Fe)|2.8 mg
DP061|Natrium (Na)|353 mg
DP061|Kalium (K)|256.0 mg
DP061|Tembaga (Cu)|0.30 mg
DP061|Seng (Zn)|1.0 mg
DP061|Beta-Karoten (Carotenes)|1,519 mcg
DP061|Karoten Total (Re)|0 mcg
DP061|Thiamin (Vit. B1)|0.10 mg
DP061|Vitamin C (Vit. C)|15 mg
DR001|Air (Water)|86.7 g
DR001|Energi (Energy)|45 Kal
DR001|Protein (Protein)|1.1 g
DR001|Lemak (Fat)|0.4 g
DR001|Karbohidrat (CHO)|10.8 g
DR001|Serat (Fibre)|1.2 g
DR001|Abu (ASH)|1.0 g
DR001|Kalsium (Ca)|72 mg
DR001|Fosfor (P)|125 mg
DR001|Besi (Fe)|1.3 mg
DR001|Natrium (Na)|96 mg
DR001|Kalium (K)|1,147.1 mg
DR001|Tembaga (Cu)|0.02 mg
DR001|Seng (Zn)|0.2 mg
DR001|Retinol (Vit. A)|0 mcg
DR001|Beta-Karoten (Carotenes)|83 mcg
DR001|Karoten Total (Re)|90 mcg
DR001|Thiamin (Vit. B1)|0.02 mg
DR001|Riboflavin (Vit. B2)|0.03 mg
DR001|Niasin (Niacin)|1.9 mg
DR001|Vitamin C (Vit. C)|2 mg
DR002|Air (Water)|90.6 g
DR002|Energi (Energy)|37 Kal
DR002|Protein (Protein)|4.4 g
DR002|Lemak (Fat)|0.5 g
DR002|Karbohidrat (CHO)|3.8 g
DR002|Serat (Fibre)|1.7 g
DR002|Abu (ASH)|0.7 g
DR002|Kalsium (Ca)|50 mg
DR002|Fosfor (P)|248 mg
DR002|Besi (Fe)|2.0 mg
DR002|Natrium (Na)|2 mg
DR002|Kalium (K)|105.0 mg
DR002|Tembaga (Cu)|0.16 mg
DR002|Seng (Zn)|0.4 mg
DR002|Retinol (Vit. A)|0 mcg
DR002|Beta-Karoten (Carotenes)|0 mcg
DR002|Karoten Total (Re)|35 mcg
DR002|Thiamin (Vit. B1)|0.02 mg
DR002|Riboflavin (Vit. B2)|0.09 mg
DR002|Niasin (Niacin)|0.6 mg
DR002|Vitamin C (Vit. C)|46 mg
DR003|Air (Water)|74.2 g
DR003|Energi (Energy)|99 Kal
DR003|Protein (Protein)|4.6 g
DR003|Lemak (Fat)|1.0 g
DR003|Karbohidrat (CHO)|18.0 g
DR003|Serat (Fibre)|8.5 g
DR003|Abu (ASH)|2.2 g
DR003|Kalsium (Ca)|383 mg
DR003|Fosfor (P)|107 mg
DR003|Besi (Fe)|2.9 mg
DR003|Retinol (Vit. A)|0 mcg
DR003|Karoten Total (Re)|6,300 mcg
DR003|Thiamin (Vit. B1)|3.00 mg
DR003|Vitamin C (Vit. C)|15 mg
DR004|Air (Water)|91.8 g
DR004|Energi (Energy)|226 Kal
DR004|Protein (Protein)|1.6 g
DR004|Lemak (Fat)|0.2 g
DR004|Karbohidrat (CHO)|5.3 g
DR004|Serat (Fibre)|4.1 g
DR004|Abu (ASH)|1.1 g
DR004|Kalsium (Ca)|33 mg
DR004|Fosfor (P)|66 mg
DR004|Besi (Fe)|1.0 mg
DR004|Natrium (Na)|29 mg
DR004|Kalium (K)|414.6 mg
DR004|Tembaga (Cu)|0.13 mg
DR004|Seng (Zn)|1.0 mg
DR004|Beta-Karoten (Carotenes)|1,717 mcg
DR004|Thiamin (Vit. B1)|0.14 mg
DR004|Riboflavin (Vit. B2)|0.09 mg
DR004|Niasin (Niacin)|0.5 mg
DR004|Vitamin C (Vit. C)|10 mg
DR005|Air (Water)|92.5 g
DR005|Energi (Energy)|27 Kal
DR005|Protein (Protein)|2.0 g
DR005|Lemak (Fat)|0.2 g
DR005|Karbohidrat (CHO)|4.2 g
DR005|Serat (Fibre)|3.8 g
DR005|Abu (ASH)|1.1 g
DR005|Kalsium (Ca)|19 mg
DR005|Fosfor (P)|20 mg
DR005|Besi (Fe)|0.5 mg
DR005|Natrium (Na)|37 mg
DR005|Kalium (K)|340.0 mg
DR005|Tembaga (Cu)|0.20 mg
DR005|Seng (Zn)|0.3 mg
DR005|Beta-Karoten (Carotenes)|1,080 mcg
DR005|Thiamin (Vit. B1)|0.20 mg
DR005|Riboflavin (Vit. B2)|0.10 mg
DR005|Niasin (Niacin)|0.3 mg
DR005|Vitamin C (Vit. C)|42 mg
DR006|Air (Water)|96.1 g
DR006|Energi (Energy)|15 Kal
DR006|Protein (Protein)|0.4 g
DR006|Lemak (Fat)|0.2 g
DR006|Karbohidrat (CHO)|3.0 g
DR006|Serat (Fibre)|0.4 g
DR006|Abu (ASH)|0.3 g
DR006|Kalsium (Ca)|19 mg
DR006|Fosfor (P)|19 mg
DR006|Besi (Fe)|0.4 mg
DR006|Natrium (Na)|2 mg
DR006|Kalium (K)|131.1 mg
DR006|Tembaga (Cu)|0.02 mg
DR006|Seng (Zn)|0.6 mg
DR006|Beta-Karoten (Carotenes)|0 mcg
DR006|Thiamin (Vit. B1)|0.04 mg
DR006|Riboflavin (Vit. B2)|0.02 mg
DR006|Niasin (Niacin)|0.3 mg
DR006|Vitamin C (Vit. C)|13 mg
DR007|Air (Water)|87.5 g
DR007|Energi (Energy)|43 Kal
DR007|Protein (Protein)|1.4 g
DR007|Lemak (Fat)|0.2 g
DR007|Karbohidrat (CHO)|10.3 g
DR007|Serat (Fibre)|2.0 g
DR007|Abu (ASH)|0.6 g
DR007|Kalsium (Ca)|32 mg
DR007|Fosfor (P)|44 mg
DR007|Besi (Fe)|0.5 mg
DR007|Natrium (Na)|12 mg
DR007|Kalium (K)|9.6 mg
DR007|Tembaga (Cu)|0.10 mg
DR007|Seng (Zn)|0.3 mg
DR007|Beta-Karoten (Carotenes)|788 mcg
DR007|Karoten Total (Re)|50 mcg
DR007|Thiamin (Vit. B1)|0.03 mg
DR007|Riboflavin (Vit. B2)|0.21 mg
DR007|Niasin (Niacin)|0.4 mg
DR007|Vitamin C (Vit. C)|9 mg
DR008|Air (Water)|94.5 g
DR008|Energi (Energy)|16 Kal
DR008|Protein (Protein)|0.9 g
DR008|Lemak (Fat)|0.4 g
DR008|Karbohidrat (CHO)|2.9 g
DR008|Serat (Fibre)|0.7 g
DR008|Abu (ASH)|1.3 g
DR008|Kalsium (Ca)|166 mg
DR008|Fosfor (P)|76 mg
DR008|Besi (Fe)|3.5 mg
DR008|Natrium (Na)|16 mg
DR008|Kalium (K)|456.4 mg
DR008|Tembaga (Cu)|0.13 mg
DR008|Seng (Zn)|0.4 mg
DR008|Beta-Karoten (Carotenes)|2,699 mcg
DR008|Karoten Total (Re)|2,293 mcg
DR008|Thiamin (Vit. B1)|0.04 mg
DR008|Riboflavin (Vit. B2)|0.10 mg
DR008|Niasin (Niacin)|1.0 mg
DR008|Vitamin C (Vit. C)|41 mg
DR009|Air (Water)|88.5 g
DR009|Energi (Energy)|41 Kal
DR009|Protein (Protein)|2.2 g
DR009|Lemak (Fat)|0.8 g
DR009|Karbohidrat (CHO)|6.3 g
DR009|Serat (Fibre)|2.2 g
DR009|Abu (ASH)|2.2 g
DR009|Kalsium (Ca)|520 mg
DR009|Fosfor (P)|80 mg
DR009|Besi (Fe)|7.0 mg
DR009|Natrium (Na)|20 mg
DR009|Kalium (K)|60.0 mg
DR009|Tembaga (Cu)|0.20 mg
DR009|Seng (Zn)|0.8 mg
DR009|Retinol (Vit. A)|0 mcg
DR009|Beta-Karoten (Carotenes)|7,325 mcg
DR009|Thiamin (Vit. B1)|0.20 mg
DR009|Riboflavin (Vit. B2)|0.10 mg
DR009|Niasin (Niacin)|0.1 mg
DR009|Vitamin C (Vit. C)|62 mg
DR010|Air (Water)|87.6 g
DR010|Energi (Energy)|41 Kal
DR010|Protein (Protein)|1.6 g
DR010|Lemak (Fat)|0.1 g
DR010|Karbohidrat (CHO)|9.6 g
DR010|Serat (Fibre)|2.6 g
DR010|Abu (ASH)|1.1 g
DR010|Kalsium (Ca)|27 mg
DR010|Fosfor (P)|43 mg
DR010|Besi (Fe)|1.0 mg
DR010|Natrium (Na)|29 mg
DR010|Kalium (K)|404.9 mg
DR010|Tembaga (Cu)|0.20 mg
DR010|Seng (Zn)|0.7 mg
DR010|Beta-Karoten (Carotenes)|0 mcg
DR010|Karoten Total (Re)|20 mcg
DR010|Thiamin (Vit. B1)|0.02 mg
DR010|Riboflavin (Vit. B2)|0.05 mg
DR010|Niasin (Niacin)|0.3 mg
DR010|Vitamin C (Vit. C)|10 mg
DR011|Air (Water)|89.5 g
DR011|Energi (Energy)|38 Kal
DR011|Protein (Protein)|1.5 g
DR011|Lemak (Fat)|0.2 g
DR011|Karbohidrat (CHO)|7.5 g
DR011|Serat (Fibre)|3.2 g
DR011|Abu (ASH)|1.3 g
DR011|Kalsium (Ca)|30 mg
DR011|Fosfor (P)|54 mg
DR011|Besi (Fe)|0.0 mg
DR011|Natrium (Na)|48 mg
DR011|Kalium (K)|216.0 mg
DR011|Tembaga (Cu)|0.00 mg
DR011|Seng (Zn)|0.2 mg
DR011|Beta-Karoten (Carotenes)|31 mcg
DR011|Thiamin (Vit. B1)|0.10 mg
DR011|Riboflavin (Vit. B2)|0.10 mg
DR011|Niasin (Niacin)|4.1 mg
DR011|Vitamin C (Vit. C)|25 mg
DR012|Air (Water)|81.2 g
DR012|Energi (Energy)|87 Kal
DR012|Protein (Protein)|2.6 g
DR012|Lemak (Fat)|2.7 g
DR012|Karbohidrat (CHO)|13.1 g
DR012|Serat (Fibre)|4.0 g
DR012|Abu (ASH)|0.4 g
DR012|Kalsium (Ca)|30 mg
DR012|Fosfor (P)|1 mg
DR012|Besi (Fe)|1.1 mg
DR012|Natrium (Na)|110 mg
DR012|Kalium (K)|140.0 mg
DR012|Tembaga (Cu)|0.10 mg
DR012|Seng (Zn)|0.3 mg
DR012|Retinol (Vit. A)|0 mcg
DR012|Beta-Karoten (Carotenes)|0 mcg
DR012|Thiamin (Vit. B1)|1.50 mg
DR012|Riboflavin (Vit. B2)|0.10 mg
DR012|Niasin (Niacin)|0.2 mg
DR012|Vitamin C (Vit. C)|15 mg
DR013|Air (Water)|89.6 g
DR013|Energi (Energy)|34 Kal
DR013|Protein (Protein)|2.4 g
DR013|Lemak (Fat)|0.3 g
DR013|Karbohidrat (CHO)|7.2 g
DR013|Serat (Fibre)|1.9 g
DR013|Abu (ASH)|0.5 g
DR013|Kalsium (Ca)|101 mg
DR013|Fosfor (P)|42 mg
DR013|Besi (Fe)|0.7 mg
DR013|Natrium (Na)|8 mg
DR013|Kalium (K)|250.0 mg
DR013|Tembaga (Cu)|0.07 mg
DR013|Seng (Zn)|0.3 mg
DR013|Retinol (Vit. A)|0 mcg
DR013|Beta-Karoten (Carotenes)|772 mcg
DR013|Karoten Total (Re)|550 mcg
DR013|Thiamin (Vit. B1)|0.05 mg
DR013|Riboflavin (Vit. B2)|0.40 mg
DR013|Niasin (Niacin)|2.8 mg
DR013|Vitamin C (Vit. C)|11 mg
DR014|Air (Water)|87.3 g
DR014|Energi (Energy)|45 Kal
DR014|Protein (Protein)|2.6 g
DR014|Lemak (Fat)|0.3 g
DR014|Karbohidrat (CHO)|8.1 g
DR014|Serat (Fibre)|1.6 g
DR014|Abu (ASH)|1.7 g
DR014|Kalsium (Ca)|290 mg
DR014|Fosfor (P)|113 mg
DR014|Besi (Fe)|4.2 mg
DR014|Natrium (Na)|2 mg
DR014|Kalium (K)|478.3 mg
DR014|Tembaga (Cu)|0.08 mg
DR014|Seng (Zn)|0.8 mg
DR014|Beta-Karoten (Carotenes)|2,792 mcg
DR014|Karoten Total (Re)|5 mcg
DR014|Thiamin (Vit. B1)|0.01 mg
DR014|Riboflavin (Vit. B2)|0.28 mg
DR014|Niasin (Niacin)|1.0 mg
DR014|Vitamin C (Vit. C)|23 mg
DR015|Air (Water)|90.4 g
DR015|Energi (Energy)|42 Kal
DR015|Protein (Protein)|2.0 g
DR015|Lemak (Fat)|1.1 g
DR015|Karbohidrat (CHO)|6.1 g
DR015|Serat (Fibre)|3.3 g
DR015|Abu (ASH)|0.4 g
DR015|Kalsium (Ca)|28 mg
DR015|Fosfor (P)|23 mg
DR015|Besi (Fe)|0.8 mg
DR015|Natrium (Na)|29 mg
DR015|Kalium (K)|97.4 mg
DR015|Tembaga (Cu)|0.10 mg
DR015|Seng (Zn)|0.6 mg
DR015|Beta-Karoten (Carotenes)|1,200 mcg
DR015|Karoten Total (Re)|0 mcg
DR015|Thiamin (Vit. B1)|0.50 mg
DR015|Riboflavin (Vit. B2)|0.02 mg
DR015|Niasin (Niacin)|0.4 mg
DR015|Vitamin C (Vit. C)|1 mg
DR016|Air (Water)|93.6 g
DR016|Energi (Energy)|20 Kal
DR016|Protein (Protein)|1.7 g
DR016|Lemak (Fat)|0.4 g
DR016|Karbohidrat (CHO)|3.4 g
DR016|Serat (Fibre)|1.2 g
DR016|Abu (ASH)|0.9 g
DR016|Kalsium (Ca)|123 mg
DR016|Fosfor (P)|40 mg
DR016|Besi (Fe)|1.9 mg
DR016|Natrium (Na)|18 mg
DR016|Kalium (K)|358.2 mg
DR016|Tembaga (Cu)|0.05 mg
DR016|Seng (Zn)|1.4 mg
DR016|Beta-Karoten (Carotenes)|1,675 mcg
DR016|Karoten Total (Re)|4,188 mcg
DR016|Thiamin (Vit. B1)|0.04 mg
DR016|Riboflavin (Vit. B2)|0.19 mg
DR016|Niasin (Niacin)|0.6 mg
DR016|Vitamin C (Vit. C)|3 mg
DR017|Air (Water)|92.5 g
DR017|Energi (Energy)|27 Kal
DR017|Protein (Protein)|1.3 g
DR017|Lemak (Fat)|0.6 g
DR017|Karbohidrat (CHO)|4.0 g
DR017|Serat (Fibre)|1.0 g
DR017|Abu (ASH)|1.6 g
DR017|Kalsium (Ca)|279 mg
DR017|Fosfor (P)|40 mg
DR017|Besi (Fe)|13.6 mg
DR017|Natrium (Na)|4 mg
DR017|Kalium (K)|144.0 mg
DR017|Beta-Karoten (Carotenes)|1,489 mcg
DR017|Karoten Total (Re)|13,288 mcg
DR017|Thiamin (Vit. B1)|0.16 mg
DR017|Riboflavin (Vit. B2)|0.10 mg
DR017|Niasin (Niacin)|0.0 mg
DR017|Vitamin C (Vit. C)|5 mg
DR018|Air (Water)|89.1 g
DR018|Energi (Energy)|41 Kal
DR018|Protein (Protein)|2.0 g
DR018|Lemak (Fat)|0.3 g
DR018|Karbohidrat (CHO)|7.8 g
DR018|Serat (Fibre)|2.1 g
DR018|Abu (ASH)|0.8 g
DR018|Kalsium (Ca)|60 mg
DR018|Fosfor (P)|40 mg
DR018|Besi (Fe)|2.3 mg
DR018|Natrium (Na)|30 mg
DR018|Kalium (K)|90.0 mg
DR018|Tembaga (Cu)|0.10 mg
DR018|Seng (Zn)|0.3 mg
DR018|Retinol (Vit. A)|0 mcg
DR018|Beta-Karoten (Carotenes)|218 mcg
DR018|Thiamin (Vit. B1)|0.10 mg
DR018|Riboflavin (Vit. B2)|0.10 mg
DR018|Niasin (Niacin)|0.2 mg
DR018|Vitamin C (Vit. C)|11 mg
DR019|Air (Water)|87.9 g
DR019|Energi (Energy)|41 Kal
DR019|Protein (Protein)|2.7 g
DR019|Lemak (Fat)|1.0 g
DR019|Karbohidrat (CHO)|7.3 g
DR019|Serat (Fibre)|2.1 g
DR019|Abu (ASH)|1.1 g
DR019|Kalsium (Ca)|29 mg
DR019|Fosfor (P)|245 mg
DR019|Besi (Fe)|1.5 mg
DR019|Retinol (Vit. A)|0 mcg
DR019|Karoten Total (Re)|3,099 mcg
DR019|Thiamin (Vit. B1)|0.01 mg
DR019|Vitamin C (Vit. C)|3 mg
DR020|Air (Water)|84.6 g
DR020|Energi (Energy)|50 Kal
DR020|Protein (Protein)|4.4 g
DR020|Lemak (Fat)|1.4 g
DR020|Karbohidrat (CHO)|7.8 g
DR020|Serat (Fibre)|1.9 g
DR020|Abu (ASH)|1.8 g
DR020|Kalsium (Ca)|698 mg
DR020|Fosfor (P)|151 mg
DR020|Besi (Fe)|7.5 mg
DR020|Retinol (Vit. A)|0 mcg
DR020|Karoten Total (Re)|13,072 mcg
DR020|Thiamin (Vit. B1)|0.05 mg
DR020|Vitamin C (Vit. C)|21 mg
DR021|Air (Water)|86.0 g
DR021|Energi (Energy)|44 Kal
DR021|Protein (Protein)|1.8 g
DR021|Lemak (Fat)|0.5 g
DR021|Karbohidrat (CHO)|9.4 g
DR021|Abu (ASH)|2.3 g
DR021|Kalsium (Ca)|256 mg
DR021|Fosfor (P)|49 mg
DR021|Besi (Fe)|5.6 mg
DR021|Karoten Total (Re)|3,980 mcg
DR021|Thiamin (Vit. B1)|0.02 mg
DR021|Vitamin C (Vit. C)|30 mg
DR022|Air (Water)|81.0 g
DR022|Energi (Energy)|63 Kal
DR022|Protein (Protein)|3.1 g
DR022|Lemak (Fat)|0.3 g
DR022|Karbohidrat (CHO)|14.0 g
DR022|Serat (Fibre)|2.1 g
DR022|Abu (ASH)|1.6 g
DR022|Kalsium (Ca)|40 mg
DR022|Fosfor (P)|45 mg
DR022|Besi (Fe)|4.7 mg
DR022|Natrium (Na)|3 mg
DR022|Kalium (K)|127.7 mg
DR022|Beta-Karoten (Carotenes)|503 mcg
DR022|Karoten Total (Re)|600 mcg
DR022|Thiamin (Vit. B1)|0.04 mg
DR022|Riboflavin (Vit. B2)|0.04 mg
DR022|Niasin (Niacin)|0.2 mg
DR022|Vitamin C (Vit. C)|61 mg
DR023|Air (Water)|84.0 g
DR023|Energi (Energy)|58 Kal
DR023|Protein (Protein)|2.9 g
DR023|Lemak (Fat)|0.7 g
DR023|Karbohidrat (CHO)|10.0 g
DR023|Serat (Fibre)|3.3 g
DR023|Abu (ASH)|2.4 g
DR023|Kalsium (Ca)|440 mg
DR023|Fosfor (P)|100 mg
DR023|Besi (Fe)|1.9 mg
DR023|Natrium (Na)|30 mg
DR023|Kalium (K)|40.0 mg
DR023|Tembaga (Cu)|0.20 mg
DR023|Seng (Zn)|2.1 mg
DR023|Beta-Karoten (Carotenes)|596 mcg
DR023|Thiamin (Vit. B1)|0.40 mg
DR023|Riboflavin (Vit. B2)|0.50 mg
DR023|Niasin (Niacin)|2.8 mg
DR023|Vitamin C (Vit. C)|11 mg
DR024|Air (Water)|83.7 g
DR024|Energi (Energy)|61 Kal
DR024|Protein (Protein)|3.2 g
DR024|Lemak (Fat)|0.7 g
DR024|Karbohidrat (CHO)|10.4 g
DR024|Serat (Fibre)|3.4 g
DR024|Abu (ASH)|2.0 g
DR024|Kalsium (Ca)|420 mg
DR024|Fosfor (P)|70 mg
DR024|Besi (Fe)|1.7 mg
DR024|Natrium (Na)|20 mg
DR024|Kalium (K)|50.0 mg
DR024|Tembaga (Cu)|0.10 mg
DR024|Seng (Zn)|1.4 mg
DR024|Beta-Karoten (Carotenes)|607 mcg
DR024|Thiamin (Vit. B1)|0.40 mg
DR024|Riboflavin (Vit. B2)|0.30 mg
DR024|Niasin (Niacin)|2.9 mg
DR024|Vitamin C (Vit. C)|11 mg
DR025|Air (Water)|90.3 g
DR025|Energi (Energy)|30 Kal
DR025|Protein (Protein)|1.3 g
DR025|Lemak (Fat)|0.7 g
DR025|Karbohidrat (CHO)|5.8 g
DR025|Serat (Fibre)|1.3 g
DR025|Abu (ASH)|1.9 g
DR025|Kalsium (Ca)|350 mg
DR025|Fosfor (P)|210 mg
DR025|Besi (Fe)|11.9 mg
DR025|Natrium (Na)|5 mg
DR025|Kalium (K)|333.3 mg
DR025|Tembaga (Cu)|0.31 mg
DR025|Seng (Zn)|1.2 mg
DR025|Retinol (Vit. A)|0 mcg
DR025|Beta-Karoten (Carotenes)|4,701 mcg
DR025|Karoten Total (Re)|1,954 mcg
DR025|Thiamin (Vit. B1)|0.01 mg
DR025|Riboflavin (Vit. B2)|0.14 mg
DR025|Niasin (Niacin)|0.7 mg
DR025|Vitamin C (Vit. C)|1 mg
DR026|Air (Water)|86.4 g
DR026|Energi (Energy)|50 Kal
DR026|Protein (Protein)|4.6 g
DR026|Lemak (Fat)|0.9 g
DR026|Karbohidrat (CHO)|7.0 g
DR026|Serat (Fibre)|1.4 g
DR026|Abu (ASH)|1.1 g
DR026|Kalsium (Ca)|167 mg
DR026|Fosfor (P)|62 mg
DR026|Besi (Fe)|0.5 mg
DR026|Retinol (Vit. A)|0 mcg
DR026|Karoten Total (Re)|6,571 mcg
DR026|Thiamin (Vit. B1)|0.05 mg
DR026|Vitamin C (Vit. C)|20 mg
DR027|Air (Water)|84.6 g
DR027|Energi (Energy)|62 Kal
DR027|Protein (Protein)|4.2 g
DR027|Lemak (Fat)|0.9 g
DR027|Karbohidrat (CHO)|9.2 g
DR027|Serat (Fibre)|1.3 g
DR027|Abu (ASH)|1.1 g
DR027|Kalsium (Ca)|171 mg
DR027|Fosfor (P)|64 mg
DR027|Besi (Fe)|0.6 mg
DR027|Retinol (Vit. A)|0 mcg
DR027|Karoten Total (Re)|7,347 mcg
DR027|Thiamin (Vit. B1)|0.02 mg
DR027|Vitamin C (Vit. C)|20 mg
DR028|Air (Water)|78.0 g
DR028|Energi (Energy)|78 Kal
DR028|Protein (Protein)|4.6 g
DR028|Lemak (Fat)|0.5 g
DR028|Karbohidrat (CHO)|16.2 g
DR028|Serat (Fibre)|3.0 g
DR028|Abu (ASH)|0.7 g
DR028|Kalsium (Ca)|33 mg
DR028|Fosfor (P)|64 mg
DR028|Besi (Fe)|8.9 mg
DR028|Natrium (Na)|14 mg
DR028|Kalium (K)|670.5 mg
DR028|Beta-Karoten (Carotenes)|4,484 mcg
DR028|Karoten Total (Re)|2,689 mcg
DR028|Thiamin (Vit. B1)|0.02 mg
DR028|Riboflavin (Vit. B2)|1.12 mg
DR028|Niasin (Niacin)|1.1 mg
DR028|Vitamin C (Vit. C)|65 mg
DR029|Air (Water)|88.9 g
DR029|Energi (Energy)|34 Kal
DR029|Protein (Protein)|3.8 g
DR029|Lemak (Fat)|0.5 g
DR029|Karbohidrat (CHO)|5.3 g
DR029|Serat (Fibre)|1.4 g
DR029|Abu (ASH)|1.5 g
DR029|Kalsium (Ca)|21 mg
DR029|Fosfor (P)|245 mg
DR029|Besi (Fe)|1.0 mg
DR029|Retinol (Vit. A)|0 mcg
DR029|Karoten Total (Re)|4,357 mcg
DR029|Thiamin (Vit. B1)|0.03 mg
DR029|Vitamin C (Vit. C)|3 mg
DR030|Air (Water)|77.2 g
DR030|Energi (Energy)|93 Kal
DR030|Protein (Protein)|5.0 g
DR030|Lemak (Fat)|1.3 g
DR030|Karbohidrat (CHO)|15.3 g
DR030|Serat (Fibre)|3.9 g
DR030|Abu (ASH)|1.2 g
DR030|Kalsium (Ca)|146 mg
DR030|Fosfor (P)|103 mg
DR030|Besi (Fe)|5.3 mg
DR030|Natrium (Na)|2 mg
DR030|Kalium (K)|434.0 mg
DR030|Tembaga (Cu)|0.50 mg
DR030|Seng (Zn)|1.5 mg
DR030|Thiamin (Vit. B1)|0.10 mg
DR030|Riboflavin (Vit. B2)|0.70 mg
DR030|Vitamin C (Vit. C)|9 mg
DR031|Air (Water)|91.4 g
DR031|Energi (Energy)|27 Kal
DR031|Protein (Protein)|2.1 g
DR031|Lemak (Fat)|0.7 g
DR031|Karbohidrat (CHO)|4.4 g
DR031|Serat (Fibre)|2.0 g
DR031|Abu (ASH)|1.4 g
DR031|Kalsium (Ca)|253 mg
DR031|Fosfor (P)|192 mg
DR031|Besi (Fe)|9.5 mg
DR031|Retinol (Vit. A)|0 mcg
DR031|Karoten Total (Re)|5,057 mcg
DR031|Thiamin (Vit. B1)|0.01 mg
DR031|Vitamin C (Vit. C)|1 mg
DR032|Air (Water)|89.1 g
DR032|Energi (Energy)|36 Kal
DR032|Protein (Protein)|2.9 g
DR032|Lemak (Fat)|0.6 g
DR032|Karbohidrat (CHO)|6.8 g
DR032|Serat (Fibre)|1.8 g
DR032|Abu (ASH)|0.6 g
DR032|Kalsium (Ca)|64 mg
DR032|Fosfor (P)|220 mg
DR032|Besi (Fe)|2.2 mg
DR032|Natrium (Na)|7 mg
DR032|Kalium (K)|485.3 mg
DR032|Tembaga (Cu)|0.20 mg
DR032|Seng (Zn)|0.3 mg
DR032|Beta-Karoten (Carotenes)|2,893 mcg
DR032|Karoten Total (Re)|4,377 mcg
DR032|Thiamin (Vit. B1)|0.04 mg
DR032|Riboflavin (Vit. B2)|0.18 mg
DR032|Niasin (Niacin)|1.2 mg
DR032|Vitamin C (Vit. C)|4 mg
DR033|Air (Water)|89.7 g
DR033|Energi (Energy)|30 Kal
DR033|Protein (Protein)|3.1 g
DR033|Lemak (Fat)|0.3 g
DR033|Karbohidrat (CHO)|5.8 g
DR033|Serat (Fibre)|1.7 g
DR033|Abu (ASH)|1.1 g
DR033|Kalsium (Ca)|200 mg
DR033|Fosfor (P)|66 mg
DR033|Besi (Fe)|4.5 mg
DR033|Natrium (Na)|7 mg
DR033|Kalium (K)|458.6 mg
DR033|Tembaga (Cu)|0.20 mg
DR033|Seng (Zn)|0.3 mg
DR033|Retinol (Vit. A)|0 mcg
DR033|Beta-Karoten (Carotenes)|2,734 mcg
DR033|Karoten Total (Re)|4,592 mcg
DR033|Thiamin (Vit. B1)|0.33 mg
DR033|Riboflavin (Vit. B2)|0.20 mg
DR033|Niasin (Niacin)|1.1 mg
DR033|Vitamin C (Vit. C)|30 mg
DR034|Air (Water)|80.3 g
DR034|Energi (Energy)|92 Kal
DR034|Protein (Protein)|4.0 g
DR034|Lemak (Fat)|3.6 g
DR034|Karbohidrat (CHO)|10.9 g
DR034|Serat (Fibre)|5.8 g
DR034|Abu (ASH)|1.2 g
DR034|Kalsium (Ca)|140 mg
DR034|Fosfor (P)|70 mg
DR034|Besi (Fe)|1.6 mg
DR034|Natrium (Na)|70 mg
DR034|Kalium (K)|90.0 mg
DR034|Tembaga (Cu)|0.30 mg
DR034|Seng (Zn)|1.1 mg
DR034|Beta-Karoten (Carotenes)|9,999 mcg
DR034|Thiamin (Vit. B1)|0.10 mg
DR034|Riboflavin (Vit. B2)|0.20 mg
DR034|Niasin (Niacin)|0.1 mg
DR034|Vitamin C (Vit. C)|74 mg
DR035|Air (Water)|81.0 g
DR035|Energi (Energy)|59 Kal
DR035|Protein (Protein)|6.4 g
DR035|Lemak (Fat)|1.0 g
DR035|Karbohidrat (CHO)|9.9 g
DR035|Serat (Fibre)|1.5 g
DR035|Abu (ASH)|1.7 g
DR035|Kalsium (Ca)|233 mg
DR035|Fosfor (P)|98 mg
DR035|Besi (Fe)|3.5 mg
DR035|Natrium (Na)|21 mg
DR035|Kalium (K)|478.8 mg
DR035|Tembaga (Cu)|0.30 mg
DR035|Seng (Zn)|1.3 mg
DR035|Beta-Karoten (Carotenes)|9,152 mcg
DR035|Karoten Total (Re)|10,020 mcg
DR035|Thiamin (Vit. B1)|0.00 mg
DR035|Riboflavin (Vit. B2)|0.31 mg
DR035|Niasin (Niacin)|2.3 mg
DR035|Vitamin C (Vit. C)|164 mg
DR036|Air (Water)|85.0 g
DR036|Energi (Energy)|52 Kal
DR036|Protein (Protein)|5.0 g
DR036|Lemak (Fat)|0.5 g
DR036|Karbohidrat (CHO)|8.5 g
DR036|Abu (ASH)|1.0 g
DR036|Kalsium (Ca)|134 mg
DR036|Fosfor (P)|81 mg
DR036|Besi (Fe)|6.2 mg
DR036|Natrium (Na)|6 mg
DR036|Kalium (K)|114.0 mg
DR036|Tembaga (Cu)|0.30 mg
DR036|Seng (Zn)|0.8 mg
DR036|Beta-Karoten (Carotenes)|3,981 mcg
DR036|Karoten Total (Re)|5,240 mcg
DR036|Thiamin (Vit. B1)|0.28 mg
DR036|Riboflavin (Vit. B2)|0.40 mg
DR036|Niasin (Niacin)|2.2 mg
DR036|Vitamin C (Vit. C)|29 mg
DR037|Air (Water)|81.0 g
DR037|Energi (Energy)|59 Kal
DR037|Protein (Protein)|3.5 g
DR037|Lemak (Fat)|0.3 g
DR037|Karbohidrat (CHO)|13.4 g
DR037|Serat (Fibre)|10.7 g
DR037|Abu (ASH)|1.8 g
DR037|Kalsium (Ca)|540 mg
DR037|Fosfor (P)|82 mg
DR037|Besi (Fe)|6.2 mg
DR037|Natrium (Na)|12 mg
DR037|Kalium (K)|579.0 mg
DR037|Beta-Karoten (Carotenes)|1,624 mcg
DR037|Karoten Total (Re)|2,900 mcg
DR037|Thiamin (Vit. B1)|0.06 mg
DR037|Riboflavin (Vit. B2)|0.20 mg
DR037|Niasin (Niacin)|1.5 mg
DR037|Vitamin C (Vit. C)|29 mg
DR038|Air (Water)|75.5 g
DR038|Energi (Energy)|92 Kal
DR038|Protein (Protein)|5.1 g
DR038|Lemak (Fat)|1.6 g
DR038|Karbohidrat (CHO)|14.3 g
DR038|Serat (Fibre)|8.2 g
DR038|Abu (ASH)|3.5 g
DR038|Kalsium (Ca)|1,077 mg
DR038|Fosfor (P)|76 mg
DR038|Besi (Fe)|6.0 mg
DR038|Natrium (Na)|61 mg
DR038|Kalium (K)|298.0 mg
DR038|Tembaga (Cu)|0.10 mg
DR038|Seng (Zn)|0.6 mg
DR038|Beta-Karoten (Carotenes)|3,266 mcg
DR038|Thiamin (Vit. B1)|0.30 mg
DR038|Riboflavin (Vit. B2)|0.10 mg
DR038|Niasin (Niacin)|4.2 mg
DR038|Vitamin C (Vit. C)|22 mg
DR039|Air (Water)|85.0 g
DR039|Energi (Energy)|43 Kal
DR039|Protein (Protein)|5.5 g
DR039|Lemak (Fat)|0.3 g
DR039|Karbohidrat (CHO)|7.5 g
DR039|Serat (Fibre)|8.4 g
DR039|Abu (ASH)|1.7 g
DR039|Kalsium (Ca)|35 mg
DR039|Fosfor (P)|106 mg
DR039|Besi (Fe)|1.0 mg
DR039|Natrium (Na)|10 mg
DR039|Kalium (K)|457.1 mg
DR039|Beta-Karoten (Carotenes)|1,282 mcg
DR039|Karoten Total (Re)|1,017 mcg
DR039|Thiamin (Vit. B1)|0.06 mg
DR039|Riboflavin (Vit. B2)|0.10 mg
DR039|Niasin (Niacin)|1.2 mg
DR039|Vitamin C (Vit. C)|30 mg
DR040|Air (Water)|87.6 g
DR040|Energi (Energy)|45 Kal
DR040|Protein (Protein)|3.7 g
DR040|Lemak (Fat)|0.5 g
DR040|Karbohidrat (CHO)|6.6 g
DR040|Serat (Fibre)|5.8 g
DR040|Abu (ASH)|1.7 g
DR040|Kalsium (Ca)|328 mg
DR040|Fosfor (P)|65 mg
DR040|Besi (Fe)|2.7 mg
DR040|Natrium (Na)|6 mg
DR040|Kalium (K)|431.0 mg
DR040|Tembaga (Cu)|0.10 mg
DR040|Seng (Zn)|0.6 mg
DR040|Beta-Karoten (Carotenes)|30,200 mcg
DR040|Karoten Total (Re)|12 mcg
DR040|Thiamin (Vit. B1)|0.50 mg
DR040|Riboflavin (Vit. B2)|0.30 mg
DR040|Niasin (Niacin)|4.5 mg
DR040|Vitamin C (Vit. C)|0 mg
DR041|Air (Water)|84.8 g
DR041|Energi (Energy)|48 Kal
DR041|Protein (Protein)|4.5 g
DR041|Lemak (Fat)|0.8 g
DR041|Karbohidrat (CHO)|9.1 g
DR041|Serat (Fibre)|1.6 g
DR041|Abu (ASH)|0.8 g
DR041|Kalsium (Ca)|125 mg
DR041|Fosfor (P)|142 mg
DR041|Besi (Fe)|2.6 mg
DR041|Natrium (Na)|11 mg
DR041|Kalium (K)|174.7 mg
DR041|Tembaga (Cu)|0.40 mg
DR041|Seng (Zn)|1.2 mg
DR041|Retinol (Vit. A)|0 mcg
DR041|Beta-Karoten (Carotenes)|4,216 mcg
DR041|Karoten Total (Re)|8,715 mcg
DR041|Thiamin (Vit. B1)|0.01 mg
DR041|Riboflavin (Vit. B2)|0.10 mg
DR041|Niasin (Niacin)|1.6 mg
DR041|Vitamin C (Vit. C)|4 mg
DR042|Air (Water)|93.1 g
DR042|Energi (Energy)|22 Kal
DR042|Protein (Protein)|2.1 g
DR042|Lemak (Fat)|0.5 g
DR042|Karbohidrat (CHO)|3.6 g
DR042|Serat (Fibre)|0.9 g
DR042|Abu (ASH)|0.7 g
DR042|Kalsium (Ca)|200 mg
DR042|Fosfor (P)|92 mg
DR042|Besi (Fe)|3.2 mg
DR042|Natrium (Na)|19 mg
DR042|Kalium (K)|386.2 mg
DR042|Tembaga (Cu)|0.10 mg
DR042|Seng (Zn)|0.2 mg
DR042|Retinol (Vit. A)|0 mcg
DR042|Beta-Karoten (Carotenes)|1,806 mcg
DR042|Karoten Total (Re)|2,177 mcg
DR042|Thiamin (Vit. B1)|0.03 mg
DR042|Riboflavin (Vit. B2)|0.20 mg
DR042|Niasin (Niacin)|0.6 mg
DR042|Vitamin C (Vit. C)|3 mg
DR043|Air (Water)|91.0 g
DR043|Energi (Energy)|23 Kal
DR043|Protein (Protein)|3.0 g
DR043|Lemak (Fat)|0.3 g
DR043|Karbohidrat (CHO)|3.7 g
DR043|Abu (ASH)|2.0 g
DR043|Kalsium (Ca)|134 mg
DR043|Fosfor (P)|81 mg
DR043|Besi (Fe)|6.2 mg
DR043|Natrium (Na)|4 mg
DR043|Kalium (K)|68.4 mg
DR043|Tembaga (Cu)|0.20 mg
DR043|Seng (Zn)|0.5 mg
DR043|Beta-Karoten (Carotenes)|2,386 mcg
DR043|Karoten Total (Re)|5,240 mcg
DR043|Thiamin (Vit. B1)|0.28 mg
DR043|Riboflavin (Vit. B2)|0.20 mg
DR043|Niasin (Niacin)|1.3 mg
DR043|Vitamin C (Vit. C)|29 mg
DR044|Air (Water)|86.2 g
DR044|Energi (Energy)|51 Kal
DR044|Protein (Protein)|2.5 g
DR044|Lemak (Fat)|1.1 g
DR044|Karbohidrat (CHO)|8.0 g
DR044|Serat (Fibre)|3.4 g
DR044|Abu (ASH)|2.2 g
DR044|Kalsium (Ca)|100 mg
DR044|Fosfor (P)|50 mg
DR044|Besi (Fe)|3.4 mg
DR044|Natrium (Na)|50 mg
DR044|Kalium (K)|100.0 mg
DR044|Tembaga (Cu)|0.90 mg
DR044|Seng (Zn)|0.6 mg
DR044|Beta-Karoten (Carotenes)|9,999 mcg
DR044|Thiamin (Vit. B1)|0.40 mg
DR044|Riboflavin (Vit. B2)|0.10 mg
DR044|Niasin (Niacin)|0.2 mg
DR044|Vitamin C (Vit. C)|16 mg
DR045|Air (Water)|95.2 g
DR045|Energi (Energy)|14 Kal
DR045|Protein (Protein)|1.3 g
DR045|Lemak (Fat)|0.3 g
DR045|Karbohidrat (CHO)|2.3 g
DR045|Serat (Fibre)|0.9 g
DR045|Abu (ASH)|0.9 g
DR045|Kalsium (Ca)|90 mg
DR045|Fosfor (P)|59 mg
DR045|Besi (Fe)|2.7 mg
DR045|Natrium (Na)|2 mg
DR045|Kalium (K)|36.5 mg
DR045|Tembaga (Cu)|0.10 mg
DR045|Seng (Zn)|0.3 mg
DR045|Beta-Karoten (Carotenes)|1,274 mcg
DR045|Karoten Total (Re)|2,961 mcg
DR045|Thiamin (Vit. B1)|0.01 mg
DR045|Riboflavin (Vit. B2)|0.00 mg
DR045|Niasin (Niacin)|0.5 mg
DR045|Vitamin C (Vit. C)|3 mg
DR046|Air (Water)|89.7 g
DR046|Energi (Energy)|34 Kal
DR046|Protein (Protein)|4.0 g
DR046|Lemak (Fat)|0.4 g
DR046|Karbohidrat (CHO)|4.7 g
DR046|Serat (Fibre)|3.5 g
DR046|Abu (ASH)|1.2 g
DR046|Kalsium (Ca)|58 mg
DR046|Fosfor (P)|70 mg
DR046|Besi (Fe)|2.5 mg
DR046|Natrium (Na)|16 mg
DR046|Kalium (K)|630.7 mg
DR046|Tembaga (Cu)|0.20 mg
DR046|Seng (Zn)|0.3 mg
DR046|Beta-Karoten (Carotenes)|4,773 mcg
DR046|Karoten Total (Re)|2,025 mcg
DR046|Thiamin (Vit. B1)|0.08 mg
DR046|Riboflavin (Vit. B2)|0.40 mg
DR046|Niasin (Niacin)|1.7 mg
DR046|Vitamin C (Vit. C)|16 mg
DR047|Air (Water)|89.7 g
DR047|Energi (Energy)|34 Kal
DR047|Protein (Protein)|3.6 g
DR047|Lemak (Fat)|0.6 g
DR047|Karbohidrat (CHO)|4.5 g
DR047|Serat (Fibre)|2.9 g
DR047|Abu (ASH)|1.6 g
DR047|Kalsium (Ca)|138 mg
DR047|Fosfor (P)|99 mg
DR047|Besi (Fe)|3.7 mg
DR047|Natrium (Na)|16 mg
DR047|Kalium (K)|630.7 mg
DR047|Tembaga (Cu)|0.20 mg
DR047|Seng (Zn)|0.3 mg
DR047|Beta-Karoten (Carotenes)|1,258 mcg
DR047|Karoten Total (Re)|2,750 mcg
DR047|Thiamin (Vit. B1)|0.14 mg
DR047|Riboflavin (Vit. B2)|0.20 mg
DR047|Niasin (Niacin)|1.3 mg
DR047|Vitamin C (Vit. C)|36 mg
DR048|Air (Water)|74.0 g
DR048|Energi (Energy)|87 Kal
DR048|Protein (Protein)|8.3 g
DR048|Lemak (Fat)|1.8 g
DR048|Karbohidrat (CHO)|14.4 g
DR048|Serat (Fibre)|3.3 g
DR048|Abu (ASH)|1.5 g
DR048|Kalsium (Ca)|725 mg
DR048|Fosfor (P)|174 mg
DR048|Besi (Fe)|3.9 mg
DR048|Natrium (Na)|10 mg
DR048|Kalium (K)|197.7 mg
DR048|Tembaga (Cu)|0.50 mg
DR048|Seng (Zn)|1.4 mg
DR048|Retinol (Vit. A)|0 mcg
DR048|Beta-Karoten (Carotenes)|6,900 mcg
DR048|Karoten Total (Re)|13,040 mcg
DR048|Thiamin (Vit. B1)|0.00 mg
DR048|Riboflavin (Vit. B2)|0.10 mg
DR048|Niasin (Niacin)|2.3 mg
DR048|Vitamin C (Vit. C)|32 mg
DR049|Air (Water)|79.4 g
DR049|Energi (Energy)|76 Kal
DR049|Protein (Protein)|2.8 g
DR049|Lemak (Fat)|0.2 g
DR049|Karbohidrat (CHO)|15.8 g
DR049|Serat (Fibre)|3.1 g
DR049|Abu (ASH)|1.8 g
DR049|Kalsium (Ca)|296 mg
DR049|Fosfor (P)|22 mg
DR049|Besi (Fe)|3.4 mg
DR049|Natrium (Na)|6 mg
DR049|Kalium (K)|46.0 mg
DR049|Tembaga (Cu)|0.50 mg
DR049|Seng (Zn)|1.1 mg
DR049|Beta-Karoten (Carotenes)|753 mcg
DR049|Thiamin (Vit. B1)|0.30 mg
DR049|Riboflavin (Vit. B2)|0.10 mg
DR049|Niasin (Niacin)|2.5 mg
DR049|Vitamin C (Vit. C)|22 mg
DR050|Air (Water)|85.0 g
DR050|Energi (Energy)|49 Kal
DR050|Protein (Protein)|4.7 g
DR050|Lemak (Fat)|0.5 g
DR050|Karbohidrat (CHO)|8.1 g
DR050|Abu (ASH)|1.7 g
DR050|Kalsium (Ca)|210 mg
DR050|Fosfor (P)|80 mg
DR050|Besi (Fe)|6.1 mg
DR050|Karoten Total (Re)|1,900 mcg
DR050|Thiamin (Vit. B1)|0.14 mg
DR050|Vitamin C (Vit. C)|40 mg
DR051|Air (Water)|90.0 g
DR051|Energi (Energy)|30 Kal
DR051|Protein (Protein)|2.3 g
DR051|Lemak (Fat)|0.4 g
DR051|Karbohidrat (CHO)|5.8 g
DR051|Serat (Fibre)|3.2 g
DR051|Abu (ASH)|1.4 g
DR051|Kalsium (Ca)|140 mg
DR051|Fosfor (P)|33 mg
DR051|Besi (Fe)|3.7 mg
DR051|Natrium (Na)|16 mg
DR051|Kalium (K)|747.4 mg
DR051|Tembaga (Cu)|0.20 mg
DR051|Seng (Zn)|0.2 mg
DR051|Beta-Karoten (Carotenes)|5,039 mcg
DR051|Karoten Total (Re)|1,000 mcg
DR051|Thiamin (Vit. B1)|0.07 mg
DR051|Riboflavin (Vit. B2)|1.10 mg
DR051|Niasin (Niacin)|6.5 mg
DR051|Vitamin C (Vit. C)|109 mg
DR052|Air (Water)|87.2 g
DR052|Energi (Energy)|44 Kal
DR052|Protein (Protein)|3.0 g
DR052|Lemak (Fat)|0.8 g
DR052|Karbohidrat (CHO)|7.4 g
DR052|Serat (Fibre)|3.3 g
DR052|Abu (ASH)|1.6 g
DR052|Kalsium (Ca)|76 mg
DR052|Fosfor (P)|59 mg
DR052|Besi (Fe)|1.0 mg
DR052|Natrium (Na)|3 mg
DR052|Kalium (K)|578.4 mg
DR052|Tembaga (Cu)|0.20 mg
DR052|Seng (Zn)|0.4 mg
DR052|Beta-Karoten (Carotenes)|2,584 mcg
DR052|Karoten Total (Re)|2,000 mcg
DR052|Thiamin (Vit. B1)|0.08 mg
DR052|Riboflavin (Vit. B2)|0.40 mg
DR052|Niasin (Niacin)|1.4 mg
DR052|Vitamin C (Vit. C)|31 mg
DR053|Air (Water)|82.0 g
DR053|Energi (Energy)|57 Kal
DR053|Protein (Protein)|3.7 g
DR053|Lemak (Fat)|0.3 g
DR053|Karbohidrat (CHO)|11.8 g
DR053|Abu (ASH)|2.2 g
DR053|Kalsium (Ca)|474 mg
DR053|Fosfor (P)|49 mg
DR053|Besi (Fe)|4.0 mg
DR053|Karoten Total (Re)|5,450 mcg
DR053|Thiamin (Vit. B1)|0.06 mg
DR053|Vitamin C (Vit. C)|83 mg
DR054|Air (Water)|77.1 g
DR054|Energi (Energy)|71 Kal
DR054|Protein (Protein)|6.8 g
DR054|Lemak (Fat)|1.6 g
DR054|Karbohidrat (CHO)|11.5 g
DR054|Serat (Fibre)|4.6 g
DR054|Abu (ASH)|3.0 g
DR054|Kalsium (Ca)|93 mg
DR054|Fosfor (P)|95 mg
DR054|Besi (Fe)|10.2 mg
DR054|Retinol (Vit. A)|0 mcg
DR054|Karoten Total (Re)|49 mcg
DR054|Thiamin (Vit. B1)|0.08 mg
DR054|Vitamin C (Vit. C)|26 mg
DR055|Air (Water)|70.8 g
DR055|Energi (Energy)|104 Kal
DR055|Protein (Protein)|5.0 g
DR055|Lemak (Fat)|1.3 g
DR055|Karbohidrat (CHO)|21.3 g
DR055|Serat (Fibre)|10.3 g
DR055|Abu (ASH)|1.6 g
DR055|Kalsium (Ca)|219 mg
DR055|Fosfor (P)|82 mg
DR055|Besi (Fe)|4.2 mg
DR055|Natrium (Na)|12 mg
DR055|Kalium (K)|604.8 mg
DR055|Tembaga (Cu)|0.40 mg
DR055|Seng (Zn)|0.6 mg
DR055|Beta-Karoten (Carotenes)|823 mcg
DR055|Karoten Total (Re)|10,000 mcg
DR055|Thiamin (Vit. B1)|0.09 mg
DR055|Vitamin C (Vit. C)|182 mg
DR056|Air (Water)|80.9 g
DR056|Energi (Energy)|65 Kal
DR056|Protein (Protein)|4.0 g
DR056|Lemak (Fat)|1.7 g
DR056|Karbohidrat (CHO)|11.4 g
DR056|Serat (Fibre)|3.9 g
DR056|Abu (ASH)|2.0 g
DR056|Kalsium (Ca)|296 mg
DR056|Fosfor (P)|40 mg
DR056|Besi (Fe)|6.9 mg
DR056|Retinol (Vit. A)|0 mcg
DR056|Beta-Karoten (Carotenes)|2 mcg
DR056|Karoten Total (Re)|4,958 mcg
DR056|Thiamin (Vit. B1)|0.01 mg
DR056|Riboflavin (Vit. B2)|0.10 mg
DR056|Niasin (Niacin)|5.7 mg
DR056|Vitamin C (Vit. C)|35 mg
DR057|Air (Water)|56.0 g
DR057|Energi (Energy)|166 Kal
DR057|Protein (Protein)|1.7 g
DR057|Lemak (Fat)|0.5 g
DR057|Karbohidrat (CHO)|38.8 g
DR057|Serat (Fibre)|10.7 g
DR057|Abu (ASH)|3.0 g
DR057|Kalsium (Ca)|40 mg
DR057|Fosfor (P)|20 mg
DR057|Besi (Fe)|1.8 mg
DR057|Natrium (Na)|40 mg
DR057|Kalium (K)|310.0 mg
DR057|Tembaga (Cu)|0.20 mg
DR057|Seng (Zn)|0.7 mg
DR057|Beta-Karoten (Carotenes)|14,457 mcg
DR057|Thiamin (Vit. B1)|0.40 mg
DR057|Riboflavin (Vit. B2)|0.10 mg
DR057|Niasin (Niacin)|0.1 mg
DR057|Vitamin C (Vit. C)|30 mg
DR058|Air (Water)|93.0 g
DR058|Energi (Energy)|22 Kal
DR058|Protein (Protein)|1.0 g
DR058|Lemak (Fat)|0.1 g
DR058|Karbohidrat (CHO)|5.3 g
DR058|Serat (Fibre)|2.0 g
DR058|Abu (ASH)|0.6 g
DR058|Kalsium (Ca)|21 mg
DR058|Fosfor (P)|44 mg
DR058|Besi (Fe)|2.0 mg
DR058|Natrium (Na)|40 mg
DR058|Kalium (K)|295.5 mg
DR058|Tembaga (Cu)|0.10 mg
DR058|Seng (Zn)|0.2 mg
DR058|Beta-Karoten (Carotenes)|855 mcg
DR058|Karoten Total (Re)|1,000 mcg
DR058|Thiamin (Vit. B1)|0.08 mg
DR058|Riboflavin (Vit. B2)|0.10 mg
DR058|Niasin (Niacin)|0.8 mg
DR058|Vitamin C (Vit. C)|150 mg
DR059|Air (Water)|86.8 g
DR059|Energi (Energy)|39 Kal
DR059|Protein (Protein)|4.5 g
DR059|Lemak (Fat)|0.4 g
DR059|Karbohidrat (CHO)|6.9 g
DR059|Serat (Fibre)|2.0 g
DR059|Abu (ASH)|1.4 g
DR059|Kalsium (Ca)|136 mg
DR059|Fosfor (P)|159 mg
DR059|Besi (Fe)|2.3 mg
DR059|Natrium (Na)|20 mg
DR059|Kalium (K)|201.9 mg
DR059|Tembaga (Cu)|0.20 mg
DR059|Seng (Zn)|0.3 mg
DR059|Retinol (Vit. A)|0 mcg
DR059|Beta-Karoten (Carotenes)|1,625 mcg
DR059|Karoten Total (Re)|3,292 mcg
DR059|Thiamin (Vit. B1)|0.02 mg
DR059|Riboflavin (Vit. B2)|0.10 mg
DR059|Niasin (Niacin)|0.5 mg
DR059|Vitamin C (Vit. C)|3 mg
DR060|Air (Water)|89.5 g
DR060|Energi (Energy)|54 Kal
DR060|Protein (Protein)|2.2 g
DR060|Lemak (Fat)|3.6 g
DR060|Karbohidrat (CHO)|3.1 g
DR060|Serat (Fibre)|2.1 g
DR060|Abu (ASH)|1.6 g
DR060|Kalsium (Ca)|40 mg
DR060|Fosfor (P)|80 mg
DR060|Besi (Fe)|0.7 mg
DR060|Natrium (Na)|70 mg
DR060|Kalium (K)|500.0 mg
DR060|Tembaga (Cu)|0.40 mg
DR060|Seng (Zn)|0.1 mg
DR060|Beta-Karoten (Carotenes)|168 mcg
DR060|Thiamin (Vit. B1)|0.40 mg
DR060|Riboflavin (Vit. B2)|0.30 mg
DR060|Niasin (Niacin)|0.2 mg
DR060|Vitamin C (Vit. C)|8 mg
DR061|Air (Water)|86.9 g
DR061|Energi (Energy)|53 Kal
DR061|Protein (Protein)|3.4 g
DR061|Lemak (Fat)|1.2 g
DR061|Karbohidrat (CHO)|7.2 g
DR061|Serat (Fibre)|4.8 g
DR061|Abu (ASH)|1.3 g
DR061|Kalsium (Ca)|30 mg
DR061|Fosfor (P)|100 mg
DR061|Besi (Fe)|0.3 mg
DR061|Natrium (Na)|20 mg
DR061|Kalium (K)|200.0 mg
DR061|Tembaga (Cu)|0.20 mg
DR061|Seng (Zn)|0.3 mg
DR061|Beta-Karoten (Carotenes)|191 mcg
DR061|Thiamin (Vit. B1)|0.70 mg
DR061|Riboflavin (Vit. B2)|0.20 mg
DR061|Niasin (Niacin)|0.3 mg
DR061|Vitamin C (Vit. C)|6 mg
DR062|Air (Water)|88.8 g
DR062|Energi (Energy)|29 Kal
DR062|Protein (Protein)|3.4 g
DR062|Lemak (Fat)|0.1 g
DR062|Karbohidrat (CHO)|6.5 g
DR062|Serat (Fibre)|4.3 g
DR062|Abu (ASH)|1.2 g
DR062|Kalsium (Ca)|13 mg
DR062|Fosfor (P)|88 mg
DR062|Besi (Fe)|1.3 mg
DR062|Natrium (Na)|19 mg
DR062|Kalium (K)|434.0 mg
DR062|Tembaga (Cu)|0.50 mg
DR062|Seng (Zn)|0.7 mg
DR062|Beta-Karoten (Carotenes)|18 mcg
DR062|Thiamin (Vit. B1)|0.20 mg
DR062|Riboflavin (Vit. B2)|0.10 mg
DR062|Niasin (Niacin)|11.7 mg
DR062|Vitamin C (Vit. C)|10 mg
DR063|Air (Water)|76.1 g
DR063|Energi (Energy)|104 Kal
DR063|Protein (Protein)|3.9 g
DR063|Lemak (Fat)|0.6 g
DR063|Karbohidrat (CHO)|17.9 g
DR063|Serat (Fibre)|8.3 g
DR063|Abu (ASH)|1.5 g
DR063|Kalsium (Ca)|256 mg
DR063|Fosfor (P)|22 mg
DR063|Besi (Fe)|1.8 mg
DR063|Natrium (Na)|4 mg
DR063|Kalium (K)|266.0 mg
DR063|Tembaga (Cu)|1.70 mg
DR063|Seng (Zn)|0.5 mg
DR063|Beta-Karoten (Carotenes)|55 mcg
DR063|Thiamin (Vit. B1)|0.40 mg
DR063|Riboflavin (Vit. B2)|0.10 mg
DR063|Niasin (Niacin)|0.1 mg
DR063|Vitamin C (Vit. C)|23 mg
DR064|Air (Water)|87.3 g
DR064|Energi (Energy)|49 Kal
DR064|Protein (Protein)|2.7 g
DR064|Lemak (Fat)|1.0 g
DR064|Karbohidrat (CHO)|8.4 g
DR064|Serat (Fibre)|3.0 g
DR064|Abu (ASH)|1.6 g
DR064|Kalsium (Ca)|217 mg
DR064|Fosfor (P)|70 mg
DR064|Besi (Fe)|3.3 mg
DR064|Natrium (Na)|7 mg
DR064|Kalium (K)|498.0 mg
DR064|Tembaga (Cu)|0.40 mg
DR064|Seng (Zn)|1.2 mg
DR064|Beta-Karoten (Carotenes)|1,800 mcg
DR064|Thiamin (Vit. B1)|0.40 mg
DR064|Riboflavin (Vit. B2)|0.20 mg
DR064|Niasin (Niacin)|0.6 mg
DR064|Vitamin C (Vit. C)|7 mg
DR065|Air (Water)|75.4 g
DR065|Energi (Energy)|87 Kal
DR065|Protein (Protein)|8.0 g
DR065|Lemak (Fat)|2.0 g
DR065|Karbohidrat (CHO)|11.9 g
DR065|Serat (Fibre)|1.5 g
DR065|Abu (ASH)|2.7 g
DR065|Kalsium (Ca)|353 mg
DR065|Fosfor (P)|63 mg
DR065|Besi (Fe)|0.8 mg
DR065|Natrium (Na)|4 mg
DR065|Kalium (K)|926.6 mg
DR065|Tembaga (Cu)|0.20 mg
DR065|Seng (Zn)|1.5 mg
DR065|Beta-Karoten (Carotenes)|5,409 mcg
DR065|Karoten Total (Re)|18,250 mcg
DR065|Thiamin (Vit. B1)|0.15 mg
DR065|Riboflavin (Vit. B2)|0.50 mg
DR065|Niasin (Niacin)|1.9 mg
DR065|Vitamin C (Vit. C)|140 mg
DR066|Air (Water)|87.4 g
DR066|Energi (Energy)|37 Kal
DR066|Protein (Protein)|2.5 g
DR066|Lemak (Fat)|0.8 g
DR066|Karbohidrat (CHO)|6.9 g
DR066|Serat (Fibre)|2.6 g
DR066|Abu (ASH)|2.4 g
DR066|Kalsium (Ca)|744 mg
DR066|Fosfor (P)|80 mg
DR066|Besi (Fe)|5.9 mg
DR066|Retinol (Vit. A)|0 mcg
DR066|Karoten Total (Re)|7,378 mcg
DR066|Thiamin (Vit. B1)|0.03 mg
DR066|Vitamin C (Vit. C)|5 mg
DR067|Air (Water)|83.1 g
DR067|Energi (Energy)|62 Kal
DR067|Protein (Protein)|4.0 g
DR067|Lemak (Fat)|0.5 g
DR067|Karbohidrat (CHO)|10.5 g
DR067|Serat (Fibre)|5.3 g
DR067|Abu (ASH)|1.9 g
DR067|Kalsium (Ca)|122 mg
DR067|Fosfor (P)|16 mg
DR067|Besi (Fe)|13.9 mg
DR067|Natrium (Na)|3 mg
DR067|Kalium (K)|259.0 mg
DR067|Tembaga (Cu)|0.40 mg
DR067|Seng (Zn)|0.7 mg
DR067|Retinol (Vit. A)|0 mcg
DR067|Beta-Karoten (Carotenes)|4,112 mcg
DR067|Thiamin (Vit. B1)|0.50 mg
DR067|Riboflavin (Vit. B2)|0.10 mg
DR067|Niasin (Niacin)|0.2 mg
DR067|Vitamin C (Vit. C)|24 mg
DR068|Air (Water)|84.7 g
DR068|Energi (Energy)|45 Kal
DR068|Protein (Protein)|4.4 g
DR068|Lemak (Fat)|0.5 g
DR068|Karbohidrat (CHO)|8.5 g
DR068|Serat (Fibre)|1.9 g
DR068|Abu (ASH)|1.9 g
DR068|Kalsium (Ca)|98 mg
DR068|Fosfor (P)|90 mg
DR068|Besi (Fe)|7.0 mg
DR068|Natrium (Na)|64 mg
DR068|Kalium (K)|520.7 mg
DR068|Tembaga (Cu)|0.50 mg
DR068|Seng (Zn)|0.3 mg
DR068|Retinol (Vit. A)|0 mcg
DR068|Beta-Karoten (Carotenes)|64 mcg
DR068|Karoten Total (Re)|3,365 mcg
DR068|Thiamin (Vit. B1)|0.01 mg
DR068|Riboflavin (Vit. B2)|0.50 mg
DR068|Niasin (Niacin)|0.7 mg
DR068|Vitamin C (Vit. C)|6 mg
DR069|Air (Water)|86.2 g
DR069|Energi (Energy)|53 Kal
DR069|Protein (Protein)|3.2 g
DR069|Lemak (Fat)|2.5 g
DR069|Karbohidrat (CHO)|7.6 g
DR069|Serat (Fibre)|1.6 g
DR069|Abu (ASH)|0.9 g
DR069|Kalsium (Ca)|228 mg
DR069|Fosfor (P)|194 mg
DR069|Besi (Fe)|3.5 mg
DR069|Retinol (Vit. A)|0 mcg
DR069|Karoten Total (Re)|3,346 mcg
DR069|Thiamin (Vit. B1)|0.02 mg
DR069|Vitamin C (Vit. C)|5 mg
DR070|Air (Water)|80.9 g
DR070|Energi (Energy)|68 Kal
DR070|Protein (Protein)|2.0 g
DR070|Lemak (Fat)|1.0 g
DR070|Karbohidrat (CHO)|15.2 g
DR070|Serat (Fibre)|3.3 g
DR070|Abu (ASH)|0.9 g
DR070|Kalsium (Ca)|178 mg
DR070|Fosfor (P)|86 mg
DR070|Besi (Fe)|2.1 mg
DR070|Karoten Total (Re)|6,042 mcg
DR070|Thiamin (Vit. B1)|0.02 mg
DR070|Vitamin C (Vit. C)|3 mg
DR071|Air (Water)|84.4 g
DR071|Energi (Energy)|50 Kal
DR071|Protein (Protein)|6.2 g
DR071|Lemak (Fat)|1.1 g
DR071|Karbohidrat (CHO)|7.1 g
DR071|Serat (Fibre)|2.4 g
DR071|Abu (ASH)|1.2 g
DR071|Kalsium (Ca)|166 mg
DR071|Fosfor (P)|99 mg
DR071|Besi (Fe)|1.3 mg
DR071|Natrium (Na)|17 mg
DR071|Kalium (K)|23.1 mg
DR071|Tembaga (Cu)|0.10 mg
DR071|Seng (Zn)|2.0 mg
DR071|Retinol (Vit. A)|0 mcg
DR071|Beta-Karoten (Carotenes)|3,204 mcg
DR071|Karoten Total (Re)|7,052 mcg
DR071|Thiamin (Vit. B1)|0.04 mg
DR071|Riboflavin (Vit. B2)|0.10 mg
DR071|Niasin (Niacin)|1.8 mg
DR071|Vitamin C (Vit. C)|103 mg
DR072|Air (Water)|58.0 g
DR072|Energi (Energy)|144 Kal
DR072|Protein (Protein)|12.7 g
DR072|Lemak (Fat)|1.2 g
DR072|Karbohidrat (CHO)|25.2 g
DR072|Serat (Fibre)|10.2 g
DR072|Abu (ASH)|2.9 g
DR072|Kalsium (Ca)|165 mg
DR072|Fosfor (P)|54 mg
DR072|Besi (Fe)|3.9 mg
DR072|Natrium (Na)|44 mg
DR072|Kalium (K)|62.2 mg
DR072|Tembaga (Cu)|0.20 mg
DR072|Seng (Zn)|5.4 mg
DR072|Beta-Karoten (Carotenes)|8,627 mcg
DR072|Karoten Total (Re)|13,000 mcg
DR072|Thiamin (Vit. B1)|0.21 mg
DR072|Riboflavin (Vit. B2)|1.00 mg
DR072|Niasin (Niacin)|4.2 mg
DR072|Vitamin C (Vit. C)|220 mg
DR073|Air (Water)|84.4 g
DR073|Energi (Energy)|50 Kal
DR073|Protein (Protein)|6.2 g
DR073|Lemak (Fat)|1.1 g
DR073|Karbohidrat (CHO)|7.1 g
DR073|Serat (Fibre)|2.4 g
DR073|Abu (ASH)|1.2 g
DR073|Kalsium (Ca)|352 mg
DR073|Fosfor (P)|123 mg
DR073|Besi (Fe)|2.7 mg
DR073|Natrium (Na)|49 mg
DR073|Kalium (K)|570.0 mg
DR073|Tembaga (Cu)|0.20 mg
DR073|Seng (Zn)|1.3 mg
DR073|Beta-Karoten (Carotenes)|7,917 mcg
DR073|Thiamin (Vit. B1)|0.50 mg
DR073|Riboflavin (Vit. B2)|0.10 mg
DR073|Niasin (Niacin)|1.6 mg
DR073|Vitamin C (Vit. C)|103 mg
DR074|Air (Water)|81.1 g
DR074|Energi (Energy)|74 Kal
DR074|Protein (Protein)|6.3 g
DR074|Lemak (Fat)|0.7 g
DR074|Karbohidrat (CHO)|10.7 g
DR074|Serat (Fibre)|4.6 g
DR074|Abu (ASH)|1.2 g
DR074|Kalsium (Ca)|142 mg
DR074|Fosfor (P)|115 mg
DR074|Besi (Fe)|1.7 mg
DR074|Natrium (Na)|32 mg
DR074|Kalium (K)|382.0 mg
DR074|Tembaga (Cu)|0.20 mg
DR074|Seng (Zn)|1.5 mg
DR074|Beta-Karoten (Carotenes)|3,882 mcg
DR074|Thiamin (Vit. B1)|0.50 mg
DR074|Riboflavin (Vit. B2)|0.50 mg
DR074|Niasin (Niacin)|1.9 mg
DR074|Vitamin C (Vit. C)|211 mg
DR075|Air (Water)|88.5 g
DR075|Energi (Energy)|36 Kal
DR075|Protein (Protein)|2.6 g
DR075|Lemak (Fat)|0.9 g
DR075|Karbohidrat (CHO)|6.1 g
DR075|Serat (Fibre)|1.7 g
DR075|Abu (ASH)|1.9 g
DR075|Kalsium (Ca)|398 mg
DR075|Fosfor (P)|95 mg
DR075|Besi (Fe)|9.3 mg
DR075|Natrium (Na)|64 mg
DR075|Kalium (K)|444.4 mg
DR075|Tembaga (Cu)|0.10 mg
DR075|Seng (Zn)|0.4 mg
DR075|Retinol (Vit. A)|0 mcg
DR075|Beta-Karoten (Carotenes)|10,178 mcg
DR075|Karoten Total (Re)|8,868 mcg
DR075|Thiamin (Vit. B1)|0.03 mg
DR075|Riboflavin (Vit. B2)|0.20 mg
DR075|Niasin (Niacin)|0.9 mg
DR075|Vitamin C (Vit. C)|3 mg
DR076|Air (Water)|81.1 g
DR076|Energi (Energy)|59 Kal
DR076|Protein (Protein)|3.0 g
DR076|Lemak (Fat)|0.4 g
DR076|Karbohidrat (CHO)|13.5 g
DR076|Serat (Fibre)|3.0 g
DR076|Abu (ASH)|2.0 g
DR076|Kalsium (Ca)|236 mg
DR076|Fosfor (P)|50 mg
DR076|Besi (Fe)|2.4 mg
DR076|Natrium (Na)|4 mg
DR076|Kalium (K)|854.1 mg
DR076|Tembaga (Cu)|0.40 mg
DR076|Seng (Zn)|0.5 mg
DR076|Retinol (Vit. A)|0 mcg
DR076|Beta-Karoten (Carotenes)|3,816 mcg
DR076|Karoten Total (Re)|5,740 mcg
DR076|Thiamin (Vit. B1)|0.07 mg
DR076|Riboflavin (Vit. B2)|0.60 mg
DR076|Niasin (Niacin)|2.0 mg
DR076|Vitamin C (Vit. C)|24 mg
DR077|Air (Water)|81.0 g
DR077|Energi (Energy)|70 Kal
DR077|Protein (Protein)|2.9 g
DR077|Lemak (Fat)|0.3 g
DR077|Karbohidrat (CHO)|13.9 g
DR077|Serat (Fibre)|2.3 g
DR077|Abu (ASH)|1.9 g
DR077|Kalsium (Ca)|155 mg
DR077|Fosfor (P)|65 mg
DR077|Besi (Fe)|2.5 mg
DR077|Natrium (Na)|72 mg
DR077|Tembaga (Cu)|0.15 mg
DR077|Seng (Zn)|0.9 mg
DR077|Beta-Karoten (Carotenes)|171 mcg
DR077|Karoten Total (Re)|2,500 mcg
DR077|Thiamin (Vit. B1)|0.05 mg
DR077|Riboflavin (Vit. B2)|0.70 mg
DR077|Niasin (Niacin)|1.4 mg
DR077|Vitamin C (Vit. C)|21 mg
DR078|Air (Water)|83.5 g
DR078|Energi (Energy)|62 Kal
DR078|Protein (Protein)|3.7 g
DR078|Lemak (Fat)|0.3 g
DR078|Karbohidrat (CHO)|11.1 g
DR078|Serat (Fibre)|6.4 g
DR078|Abu (ASH)|1.4 g
DR078|Kalsium (Ca)|170 mg
DR078|Fosfor (P)|40 mg
DR078|Besi (Fe)|0.6 mg
DR078|Natrium (Na)|10 mg
DR078|Kalium (K)|0.0 mg
DR078|Tembaga (Cu)|0.20 mg
DR078|Seng (Zn)|0.5 mg
DR078|Beta-Karoten (Carotenes)|3,564 mcg
DR078|Thiamin (Vit. B1)|0.30 mg
DR078|Riboflavin (Vit. B2)|0.30 mg
DR078|Niasin (Niacin)|1.2 mg
DR078|Vitamin C (Vit. C)|4 mg
DR079|Air (Water)|84.4 g
DR079|Energi (Energy)|48 Kal
DR079|Protein (Protein)|3.0 g
DR079|Lemak (Fat)|0.3 g
DR079|Karbohidrat (CHO)|10.8 g
DR079|Serat (Fibre)|1.4 g
DR079|Abu (ASH)|1.5 g
DR079|Kalsium (Ca)|80 mg
DR079|Fosfor (P)|81 mg
DR079|Besi (Fe)|6.4 mg
DR079|Natrium (Na)|33 mg
DR079|Kalium (K)|517.3 mg
DR079|Tembaga (Cu)|0.00 mg
DR079|Seng (Zn)|0.4 mg
DR079|Retinol (Vit. A)|0 mcg
DR079|Beta-Karoten (Carotenes)|5,453 mcg
DR079|Karoten Total (Re)|4,697 mcg
DR079|Thiamin (Vit. B1)|0.10 mg
DR079|Riboflavin (Vit. B2)|0.20 mg
DR079|Niasin (Niacin)|1.2 mg
DR079|Vitamin C (Vit. C)|27 mg
DR080|Air (Water)|87.5 g
DR080|Energi (Energy)|46 Kal
DR080|Protein (Protein)|2.8 g
DR080|Lemak (Fat)|0.2 g
DR080|Karbohidrat (CHO)|8.2 g
DR080|Serat (Fibre)|4.8 g
DR080|Abu (ASH)|1.3 g
DR080|Kalsium (Ca)|120 mg
DR080|Fosfor (P)|50 mg
DR080|Besi (Fe)|0.8 mg
DR080|Natrium (Na)|10 mg
DR080|Kalium (K)|0.0 mg
DR080|Tembaga (Cu)|0.20 mg
DR080|Seng (Zn)|0.5 mg
DR080|Beta-Karoten (Carotenes)|103 mcg
DR080|Thiamin (Vit. B1)|0.30 mg
DR080|Riboflavin (Vit. B2)|0.30 mg
DR080|Niasin (Niacin)|0.9 mg
DR080|Vitamin C (Vit. C)|8 mg
DR081|Air (Water)|85.1 g
DR081|Energi (Energy)|55 Kal
DR081|Protein (Protein)|1.7 g
DR081|Lemak (Fat)|0.1 g
DR081|Karbohidrat (CHO)|11.9 g
DR081|Serat (Fibre)|7.6 g
DR081|Abu (ASH)|1.2 g
DR081|Kalsium (Ca)|120 mg
DR081|Fosfor (P)|40 mg
DR081|Besi (Fe)|0.6 mg
DR081|Natrium (Na)|10 mg
DR081|Kalium (K)|0.0 mg
DR081|Tembaga (Cu)|0.20 mg
DR081|Seng (Zn)|0.5 mg
DR081|Beta-Karoten (Carotenes)|516 mcg
DR081|Thiamin (Vit. B1)|0.20 mg
DR081|Riboflavin (Vit. B2)|0.00 mg
DR081|Niasin (Niacin)|0.0 mg
DR081|Vitamin C (Vit. C)|7 mg
DR082|Air (Water)|93.0 g
DR082|Energi (Energy)|19 Kal
DR082|Protein (Protein)|1.0 g
DR082|Lemak (Fat)|0.2 g
DR082|Karbohidrat (CHO)|3.8 g
DR082|Serat (Fibre)|1.8 g
DR082|Abu (ASH)|2.0 g
DR082|Kalsium (Ca)|80 mg
DR082|Fosfor (P)|45 mg
DR082|Besi (Fe)|3.7 mg
DR082|Natrium (Na)|45 mg
DR082|Kalium (K)|634.1 mg
DR082|Beta-Karoten (Carotenes)|7 mcg
DR082|Karoten Total (Re)|1,000 mcg
DR082|Thiamin (Vit. B1)|0.08 mg
DR082|Riboflavin (Vit. B2)|0.10 mg
DR082|Niasin (Niacin)|0.7 mg
DR082|Vitamin C (Vit. C)|50 mg
DR083|Air (Water)|94.5 g
DR083|Energi (Energy)|19 Kal
DR083|Protein (Protein)|0.8 g
DR083|Lemak (Fat)|0.2 g
DR083|Karbohidrat (CHO)|4.1 g
DR083|Serat (Fibre)|1.3 g
DR083|Abu (ASH)|0.4 g
DR083|Kalsium (Ca)|19 mg
DR083|Fosfor (P)|33 mg
DR083|Besi (Fe)|0.9 mg
DR083|Natrium (Na)|23 mg
DR083|Kalium (K)|109.1 mg
DR083|Tembaga (Cu)|0.00 mg
DR083|Seng (Zn)|0.1 mg
DR083|Beta-Karoten (Carotenes)|17 mcg
DR083|Karoten Total (Re)|380 mcg
DR083|Thiamin (Vit. B1)|0.03 mg
DR083|Riboflavin (Vit. B2)|0.00 mg
DR083|Niasin (Niacin)|0.4 mg
DR083|Vitamin C (Vit. C)|8 mg
DR084|Air (Water)|90.0 g
DR084|Energi (Energy)|35 Kal
DR084|Protein (Protein)|1.7 g
DR084|Lemak (Fat)|0.2 g
DR084|Karbohidrat (CHO)|7.7 g
DR084|Serat (Fibre)|2.5 g
DR084|Abu (ASH)|0.4 g
DR084|Kalsium (Ca)|62 mg
DR084|Fosfor (P)|33 mg
DR084|Besi (Fe)|2.1 mg
DR084|Natrium (Na)|64 mg
DR084|Kalium (K)|905.8 mg
DR084|Karoten Total (Re)|3,800 mcg
DR084|Thiamin (Vit. B1)|0.07 mg
DR084|Riboflavin (Vit. B2)|0.10 mg
DR084|Niasin (Niacin)|1.1 mg
DR084|Vitamin C (Vit. C)|54 mg
DR085|Air (Water)|89.5 g
DR085|Energi (Energy)|35 Kal
DR085|Protein (Protein)|2.2 g
DR085|Lemak (Fat)|0.1 g
DR085|Karbohidrat (CHO)|7.4 g
DR085|Serat (Fibre)|1.9 g
DR085|Abu (ASH)|0.8 g
DR085|Kalsium (Ca)|7 mg
DR085|Fosfor (P)|100 mg
DR085|Besi (Fe)|0.5 mg
DR085|Natrium (Na)|353 mg
DR085|Kalium (K)|230.2 mg
DR085|Tembaga (Cu)|0.10 mg
DR085|Seng (Zn)|0.8 mg
DR085|Retinol (Vit. A)|0 mcg
DR085|Beta-Karoten (Carotenes)|23 mcg
DR085|Karoten Total (Re)|200 mcg
DR085|Thiamin (Vit. B1)|0.08 mg
DR085|Riboflavin (Vit. B2)|0.16 mg
DR085|Niasin (Niacin)|0.9 mg
DR085|Vitamin C (Vit. C)|8 mg
DR086|Air (Water)|24.8 g
DR086|Energi (Energy)|296 Kal
DR086|Protein (Protein)|9.4 g
DR086|Lemak (Fat)|1.1 g
DR086|Karbohidrat (CHO)|62.0 g
DR086|Abu (ASH)|2.7 g
DR086|Kalsium (Ca)|5 mg
DR086|Fosfor (P)|277 mg
DR086|Besi (Fe)|5.3 mg
DR086|Natrium (Na)|2 mg
DR086|Kalium (K)|0.0 mg
DR086|Tembaga (Cu)|0.20 mg
DR086|Seng (Zn)|3.1 mg
DR086|Thiamin (Vit. B1)|1.10 mg
DR086|Riboflavin (Vit. B2)|0.10 mg
DR087|Air (Water)|14.9 g
DR087|Energi (Energy)|294 Kal
DR087|Protein (Protein)|16.0 g
DR087|Lemak (Fat)|0.9 g
DR087|Karbohidrat (CHO)|64.6 g
DR087|Serat (Fibre)|46.5 g
DR087|Abu (ASH)|3.6 g
DR087|Kalsium (Ca)|51 mg
DR087|Fosfor (P)|223 mg
DR087|Besi (Fe)|6.7 mg
DR087|Natrium (Na)|174 mg
DR087|Kalium (K)|726.1 mg
DR087|Tembaga (Cu)|0.29 mg
DR087|Seng (Zn)|5.5 mg
DR087|Retinol (Vit. A)|0 mcg
DR087|Beta-Karoten (Carotenes)|11 mcg
DR087|Karoten Total (Re)|0 mcg
DR087|Thiamin (Vit. B1)|0.11 mg
DR087|Riboflavin (Vit. B2)|0.60 mg
DR087|Niasin (Niacin)|2.7 mg
DR087|Vitamin C (Vit. C)|0 mg
DR088|Air (Water)|93.7 g
DR088|Energi (Energy)|21 Kal
DR088|Protein (Protein)|3.8 g
DR088|Lemak (Fat)|0.6 g
DR088|Karbohidrat (CHO)|0.9 g
DR088|Serat (Fibre)|5.1 g
DR088|Abu (ASH)|1.0 g
DR088|Kalsium (Ca)|3 mg
DR088|Fosfor (P)|94 mg
DR088|Besi (Fe)|1.7 mg
DR088|Natrium (Na)|17 mg
DR088|Kalium (K)|33.4 mg
DR088|Tembaga (Cu)|0.19 mg
DR088|Seng (Zn)|0.1 mg
DR088|Retinol (Vit. A)|0 mcg
DR088|Beta-Karoten (Carotenes)|1 mcg
DR088|Karoten Total (Re)|0 mcg
DR088|Thiamin (Vit. B1)|0.10 mg
DR088|Riboflavin (Vit. B2)|0.09 mg
DR088|Niasin (Niacin)|0.1 mg
DR088|Vitamin C (Vit. C)|5 mg
DR089|Air (Water)|91.5 g
DR089|Energi (Energy)|30 Kal
DR089|Protein (Protein)|3.5 g
DR089|Lemak (Fat)|0.2 g
DR089|Karbohidrat (CHO)|4.0 g
DR089|Serat (Fibre)|2.4 g
DR089|Abu (ASH)|0.8 g
DR089|Kalsium (Ca)|14 mg
DR089|Fosfor (P)|117 mg
DR089|Besi (Fe)|1.0 mg
DR089|Natrium (Na)|6 mg
DR089|Kalium (K)|300.0 mg
DR089|Tembaga (Cu)|0.30 mg
DR089|Seng (Zn)|0.8 mg
DR089|Beta-Karoten (Carotenes)|0 mcg
DR089|Karoten Total (Re)|0 mcg
DR089|Thiamin (Vit. B1)|0.02 mg
DR089|Riboflavin (Vit. B2)|0.20 mg
DR089|Niasin (Niacin)|0.5 mg
DR089|Vitamin C (Vit. C)|0 mg
DR090|Air (Water)|92.5 g
DR090|Energi (Energy)|30 Kal
DR090|Protein (Protein)|1.9 g
DR090|Lemak (Fat)|0.1 g
DR090|Karbohidrat (CHO)|5.5 g
DR090|Serat (Fibre)|3.6 g
DR090|Abu (ASH)|0.6 g
DR090|Kalsium (Ca)|9 mg
DR090|Fosfor (P)|83 mg
DR090|Besi (Fe)|0.7 mg
DR090|Natrium (Na)|22 mg
DR090|Kalium (K)|226.0 mg
DR090|Tembaga (Cu)|0.00 mg
DR090|Seng (Zn)|0.8 mg
DR090|Beta-Karoten (Carotenes)|0 mcg
DR090|Karoten Total (Re)|0 mcg
DR090|Thiamin (Vit. B1)|0.30 mg
DR090|Riboflavin (Vit. B2)|0.20 mg
DR090|Niasin (Niacin)|1.0 mg
DR090|Vitamin C (Vit. C)|0 mg
DR091|Air (Water)|91.3 g
DR091|Energi (Energy)|48 Kal
DR091|Protein (Protein)|1.9 g
DR091|Lemak (Fat)|3.2 g
DR091|Karbohidrat (CHO)|2.8 g
DR091|Serat (Fibre)|1.0 g
DR091|Abu (ASH)|0.8 g
DR091|Kalsium (Ca)|10 mg
DR091|Fosfor (P)|90 mg
DR091|Besi (Fe)|0.6 mg
DR091|Natrium (Na)|100 mg
DR091|Kalium (K)|440.0 mg
DR091|Tembaga (Cu)|0.60 mg
DR091|Seng (Zn)|0.6 mg
DR091|Beta-Karoten (Carotenes)|0 mcg
DR091|Thiamin (Vit. B1)|0.20 mg
DR091|Riboflavin (Vit. B2)|0.20 mg
DR091|Niasin (Niacin)|6.5 mg
DR092|Air (Water)|90.2 g
DR092|Energi (Energy)|32 Kal
DR092|Protein (Protein)|1.2 g
DR092|Lemak (Fat)|0.3 g
DR092|Karbohidrat (CHO)|7.1 g
DR092|Serat (Fibre)|3.2 g
DR092|Abu (ASH)|1.2 g
DR092|Kalsium (Ca)|30 mg
DR092|Fosfor (P)|50 mg
DR092|Besi (Fe)|0.1 mg
DR092|Natrium (Na)|3 mg
DR092|Kalium (K)|524.0 mg
DR092|Tembaga (Cu)|0.09 mg
DR092|Seng (Zn)|0.3 mg
DR092|Retinol (Vit. A)|0 mcg
DR092|Beta-Karoten (Carotenes)|201 mcg
DR092|Karoten Total (Re)|170 mcg
DR092|Thiamin (Vit. B1)|0.05 mg
DR092|Riboflavin (Vit. B2)|0.03 mg
DR092|Niasin (Niacin)|0.8 mg
DR092|Vitamin C (Vit. C)|10 mg
DR093|Air (Water)|52.7 g
DR093|Energi (Energy)|192 Kal
DR093|Protein (Protein)|5.4 g
DR093|Lemak (Fat)|0.3 g
DR093|Karbohidrat (CHO)|40.7 g
DR093|Serat (Fibre)|1.5 g
DR093|Abu (ASH)|0.9 g
DR093|Kalsium (Ca)|4 mg
DR093|Fosfor (P)|150 mg
DR093|Besi (Fe)|0.7 mg
DR093|Natrium (Na)|60 mg
DR093|Kalium (K)|241.0 mg
DR093|Tembaga (Cu)|0.30 mg
DR093|Seng (Zn)|0.6 mg
DR093|Thiamin (Vit. B1)|0.05 mg
DR093|Riboflavin (Vit. B2)|0.20 mg
DR093|Niasin (Niacin)|0.5 mg
DR093|Vitamin C (Vit. C)|31 mg
DR094|Air (Water)|89.0 g
DR094|Energi (Energy)|34 Kal
DR094|Protein (Protein)|1.9 g
DR094|Lemak (Fat)|0.3 g
DR094|Karbohidrat (CHO)|7.1 g
DR094|Serat (Fibre)|3.5 g
DR094|Abu (ASH)|1.7 g
DR094|Kalsium (Ca)|162 mg
DR094|Fosfor (P)|41 mg
DR094|Besi (Fe)|4.0 mg
DR094|Natrium (Na)|59 mg
DR094|Kalium (K)|388.5 mg
DR094|Tembaga (Cu)|0.30 mg
DR094|Seng (Zn)|1.2 mg
DR094|Beta-Karoten (Carotenes)|2 mcg
DR094|Karoten Total (Re)|3,918 mcg
DR094|Thiamin (Vit. B1)|0.03 mg
DR094|Niasin (Niacin)|0.4 mg
DR094|Vitamin C (Vit. C)|20 mg
DR095|Air (Water)|67.2 g
DR095|Energi (Energy)|130 Kal
DR095|Protein (Protein)|6.7 g
DR095|Lemak (Fat)|0.3 g
DR095|Karbohidrat (CHO)|25.2 g
DR095|Serat (Fibre)|2.9 g
DR095|Abu (ASH)|0.6 g
DR095|Kalsium (Ca)|4 mg
DR095|Fosfor (P)|204 mg
DR095|Besi (Fe)|0.5 mg
DR095|Natrium (Na)|1 mg
DR095|Kalium (K)|397.8 mg
DR095|Tembaga (Cu)|0.20 mg
DR095|Seng (Zn)|0.5 mg
DR095|Beta-Karoten (Carotenes)|165 mcg
DR095|Thiamin (Vit. B1)|0.80 mg
DR095|Riboflavin (Vit. B2)|0.10 mg
DR095|Niasin (Niacin)|0.3 mg
DR095|Vitamin C (Vit. C)|16 mg
DR096|Air (Water)|93.6 g
DR096|Energi (Energy)|22 Kal
DR096|Protein (Protein)|1.1 g
DR096|Lemak (Fat)|1.0 g
DR096|Karbohidrat (CHO)|3.4 g
DR096|Serat (Fibre)|1.1 g
DR096|Abu (ASH)|0.9 g
DR096|Kalsium (Ca)|63 mg
DR096|Fosfor (P)|296 mg
DR096|Besi (Fe)|1.0 mg
DR096|Natrium (Na)|2 mg
DR096|Kalium (K)|69.2 mg
DR096|Tembaga (Cu)|0.30 mg
DR096|Retinol (Vit. A)|0 mcg
DR096|Beta-Karoten (Carotenes)|197 mcg
DR096|Karoten Total (Re)|116 mcg
DR096|Thiamin (Vit. B1)|0.02 mg
DR096|Niasin (Niacin)|0.4 mg
DR096|Vitamin C (Vit. C)|0 mg
DR097|Air (Water)|91.8 g
DR097|Energi (Energy)|31 Kal
DR097|Protein (Protein)|2.3 g
DR097|Lemak (Fat)|0.1 g
DR097|Karbohidrat (CHO)|5.3 g
DR097|Serat (Fibre)|2.7 g
DR097|Abu (ASH)|0.5 g
DR097|Kalsium (Ca)|60 mg
DR097|Fosfor (P)|64 mg
DR097|Besi (Fe)|0.6 mg
DR097|Natrium (Na)|30 mg
DR097|Kalium (K)|213.0 mg
DR097|Tembaga (Cu)|0.10 mg
DR097|Seng (Zn)|0.5 mg
DR097|Retinol (Vit. A)|0 mcg
DR097|Beta-Karoten (Carotenes)|125 mcg
DR097|Thiamin (Vit. B1)|0.70 mg
DR097|Riboflavin (Vit. B2)|0.10 mg
DR097|Niasin (Niacin)|0.3 mg
DR097|Vitamin C (Vit. C)|46 mg
DR098|Air (Water)|88.5 g
DR098|Energi (Energy)|37 Kal
DR098|Protein (Protein)|3.1 g
DR098|Lemak (Fat)|0.2 g
DR098|Karbohidrat (CHO)|7.9 g
DR098|Serat (Fibre)|2.5 g
DR098|Abu (ASH)|0.3 g
DR098|Kalsium (Ca)|103 mg
DR098|Fosfor (P)|126 mg
DR098|Besi (Fe)|0.8 mg
DR098|Karoten Total (Re)|2,312 mcg
DR098|Thiamin (Vit. B1)|0.02 mg
DR098|Vitamin C (Vit. C)|6 mg
DR099|Air (Water)|89.9 g
DR099|Energi (Energy)|38 Kal
DR099|Protein (Protein)|2.4 g
DR099|Lemak (Fat)|0.2 g
DR099|Karbohidrat (CHO)|6.6 g
DR099|Serat (Fibre)|5.8 g
DR099|Abu (ASH)|0.9 g
DR099|Kalsium (Ca)|18 mg
DR099|Fosfor (P)|90 mg
DR099|Besi (Fe)|1.1 mg
DR099|Natrium (Na)|7 mg
DR099|Kalium (K)|443.0 mg
DR099|Tembaga (Cu)|0.40 mg
DR099|Seng (Zn)|0.9 mg
DR099|Beta-Karoten (Carotenes)|44 mcg
DR099|Thiamin (Vit. B1)|0.30 mg
DR099|Riboflavin (Vit. B2)|0.10 mg
DR099|Vitamin C (Vit. C)|8 mg
DR100|Air (Water)|91.0 g
DR100|Energi (Energy)|28 Kal
DR100|Protein (Protein)|3.4 g
DR100|Lemak (Fat)|0.7 g
DR100|Karbohidrat (CHO)|3.9 g
DR100|Serat (Fibre)|2.0 g
DR100|Abu (ASH)|1.0 g
DR100|Kalsium (Ca)|67 mg
DR100|Fosfor (P)|54 mg
DR100|Besi (Fe)|2.3 mg
DR100|Natrium (Na)|65 mg
DR100|Kalium (K)|250.1 mg
DR100|Tembaga (Cu)|0.13 mg
DR100|Seng (Zn)|0.4 mg
DR100|Beta-Karoten (Carotenes)|2,868 mcg
DR100|Karoten Total (Re)|5,542 mcg
DR100|Thiamin (Vit. B1)|0.07 mg
DR100|Riboflavin (Vit. B2)|0.36 mg
DR100|Niasin (Niacin)|2.0 mg
DR100|Vitamin C (Vit. C)|17 mg
DR101|Air (Water)|88.5 g
DR101|Energi (Energy)|43 Kal
DR101|Protein (Protein)|1.8 g
DR101|Lemak (Fat)|0.2 g
DR101|Karbohidrat (CHO)|8.4 g
DR101|Serat (Fibre)|4.3 g
DR101|Abu (ASH)|1.1 g
DR101|Kalsium (Ca)|72 mg
DR101|Fosfor (P)|9 mg
DR101|Besi (Fe)|0.7 mg
DR101|Natrium (Na)|30 mg
DR101|Kalium (K)|361.0 mg
DR101|Tembaga (Cu)|0.30 mg
DR101|Seng (Zn)|0.4 mg
DR101|Beta-Karoten (Carotenes)|2,741 mcg
DR101|Thiamin (Vit. B1)|0.80 mg
DR101|Riboflavin (Vit. B2)|0.10 mg
DR101|Niasin (Niacin)|1.1 mg
DR101|Vitamin C (Vit. C)|23 mg
DR102|Air (Water)|86.8 g
DR102|Energi (Energy)|45 Kal
DR102|Protein (Protein)|3.3 g
DR102|Lemak (Fat)|0.2 g
DR102|Karbohidrat (CHO)|9.0 g
DR102|Serat (Fibre)|1.8 g
DR102|Abu (ASH)|0.7 g
DR102|Kalsium (Ca)|51 mg
DR102|Fosfor (P)|85 mg
DR102|Besi (Fe)|1.0 mg
DR102|Natrium (Na)|2 mg
DR102|Kalium (K)|118.4 mg
DR102|Tembaga (Cu)|0.09 mg
DR102|Seng (Zn)|0.7 mg
DR102|Beta-Karoten (Carotenes)|72 mcg
DR102|Karoten Total (Re)|440 mcg
DR102|Thiamin (Vit. B1)|0.20 mg
DR102|Riboflavin (Vit. B2)|0.10 mg
DR102|Niasin (Niacin)|0.9 mg
DR102|Vitamin C (Vit. C)|49 mg
DR103|Air (Water)|93.7 g
DR103|Energi (Energy)|25 Kal
DR103|Protein (Protein)|2.3 g
DR103|Lemak (Fat)|0.2 g
DR103|Karbohidrat (CHO)|3.5 g
DR103|Serat (Fibre)|2.1 g
DR103|Abu (ASH)|0.3 g
DR103|Kalsium (Ca)|25 mg
DR103|Fosfor (P)|67 mg
DR103|Besi (Fe)|0.3 mg
DR103|Natrium (Na)|8 mg
DR103|Kalium (K)|88.4 mg
DR103|Tembaga (Cu)|0.08 mg
DR103|Seng (Zn)|0.3 mg
DR103|Beta-Karoten (Carotenes)|21 mcg
DR103|Thiamin (Vit. B1)|0.10 mg
DR103|Riboflavin (Vit. B2)|0.10 mg
DR103|Niasin (Niacin)|0.4 mg
DR103|Vitamin C (Vit. C)|39 mg
DR104|Air (Water)|90.4 g
DR104|Energi (Energy)|32 Kal
DR104|Protein (Protein)|2.9 g
DR104|Lemak (Fat)|0.2 g
DR104|Karbohidrat (CHO)|5.8 g
DR104|Serat (Fibre)|5.5 g
DR104|Abu (ASH)|0.7 g
DR104|Kalsium (Ca)|63 mg
DR104|Fosfor (P)|37 mg
DR104|Besi (Fe)|0.3 mg
DR104|Natrium (Na)|3 mg
DR104|Kalium (K)|103.8 mg
DR104|Tembaga (Cu)|0.18 mg
DR104|Seng (Zn)|0.4 mg
DR104|Beta-Karoten (Carotenes)|261 mcg
DR104|Karoten Total (Re)|595 mcg
DR104|Thiamin (Vit. B1)|0.24 mg
DR104|Riboflavin (Vit. B2)|0.11 mg
DR104|Niasin (Niacin)|0.7 mg
DR104|Vitamin C (Vit. C)|19 mg
DR105|Air (Water)|90.0 g
DR105|Energi (Energy)|34 Kal
DR105|Protein (Protein)|0.9 g
DR105|Lemak (Fat)|1.0 g
DR105|Karbohidrat (CHO)|6.7 g
DR105|Serat (Fibre)|2.6 g
DR105|Abu (ASH)|1.4 g
DR105|Kalsium (Ca)|60 mg
DR105|Fosfor (P)|16 mg
DR105|Besi (Fe)|1.0 mg
DR105|Natrium (Na)|47 mg
DR105|Kalium (K)|650.6 mg
DR105|Retinol (Vit. A)|0 mcg
DR105|Beta-Karoten (Carotenes)|0 mcg
DR105|Karoten Total (Re)|73 mcg
DR105|Thiamin (Vit. B1)|0.00 mg
DR105|Riboflavin (Vit. B2)|0.02 mg
DR105|Niasin (Niacin)|0.8 mg
DR105|Vitamin C (Vit. C)|0 mg
DR106|Air (Water)|70.0 g
DR106|Energi (Energy)|118 Kal
DR106|Protein (Protein)|1.5 g
DR106|Lemak (Fat)|0.3 g
DR106|Karbohidrat (CHO)|27.2 g
DR106|Serat (Fibre)|5.0 g
DR106|Abu (ASH)|1.0 g
DR106|Kalsium (Ca)|28 mg
DR106|Fosfor (P)|32 mg
DR106|Besi (Fe)|0.9 mg
DR106|Natrium (Na)|2 mg
DR106|Kalium (K)|500.9 mg
DR106|Tembaga (Cu)|0.09 mg
DR106|Seng (Zn)|0.1 mg
DR106|Beta-Karoten (Carotenes)|0 mcg
DR106|Karoten Total (Re)|20 mcg
DR106|Thiamin (Vit. B1)|0.10 mg
DR106|Riboflavin (Vit. B2)|0.03 mg
DR106|Niasin (Niacin)|0.9 mg
DR106|Vitamin C (Vit. C)|19 mg
DR107|Air (Water)|87.4 g
DR107|Energi (Energy)|51 Kal
DR107|Protein (Protein)|1.8 g
DR107|Lemak (Fat)|0.6 g
DR107|Karbohidrat (CHO)|9.6 g
DR107|Serat (Fibre)|5.0 g
DR107|Abu (ASH)|0.6 g
DR107|Kalsium (Ca)|23 mg
DR107|Fosfor (P)|29 mg
DR107|Besi (Fe)|0.9 mg
DR107|Natrium (Na)|22 mg
DR107|Kalium (K)|275.3 mg
DR107|Tembaga (Cu)|0.15 mg
DR107|Seng (Zn)|0.9 mg
DR107|Beta-Karoten (Carotenes)|201 mcg
DR107|Karoten Total (Re)|105 mcg
DR107|Thiamin (Vit. B1)|0.13 mg
DR107|Riboflavin (Vit. B2)|0.12 mg
DR107|Niasin (Niacin)|0.6 mg
DR107|Vitamin C (Vit. C)|41 mg
DR108|Air (Water)|93.0 g
DR108|Energi (Energy)|26 Kal
DR108|Protein (Protein)|1.7 g
DR108|Lemak (Fat)|0.4 g
DR108|Karbohidrat (CHO)|3.8 g
DR108|Serat (Fibre)|1.0 g
DR108|Abu (ASH)|1.1 g
DR108|Kalsium (Ca)|103 mg
DR108|Fosfor (P)|39 mg
DR108|Besi (Fe)|3.6 mg
DR108|Natrium (Na)|4 mg
DR108|Kalium (K)|240.5 mg
DR108|Tembaga (Cu)|0.23 mg
DR108|Seng (Zn)|0.9 mg
DR108|Beta-Karoten (Carotenes)|0 mcg
DR108|Karoten Total (Re)|2,550 mcg
DR108|Thiamin (Vit. B1)|0.03 mg
DR108|Riboflavin (Vit. B2)|0.09 mg
DR108|Niasin (Niacin)|0.2 mg
DR108|Vitamin C (Vit. C)|25 mg
DR109|Air (Water)|97.9 g
DR109|Energi (Energy)|8 Kal
DR109|Protein (Protein)|0.2 g
DR109|Lemak (Fat)|0.2 g
DR109|Karbohidrat (CHO)|1.4 g
DR109|Serat (Fibre)|0.3 g
DR109|Abu (ASH)|0.3 g
DR109|Kalsium (Ca)|29 mg
DR109|Fosfor (P)|95 mg
DR109|Besi (Fe)|0.8 mg
DR109|Natrium (Na)|2 mg
DR109|Kalium (K)|57.1 mg
DR109|Tembaga (Cu)|0.02 mg
DR109|Seng (Zn)|0.1 mg
DR109|Retinol (Vit. A)|0 mcg
DR109|Beta-Karoten (Carotenes)|18 mcg
DR109|Karoten Total (Re)|314 mcg
DR109|Thiamin (Vit. B1)|0.01 mg
DR109|Riboflavin (Vit. B2)|0.02 mg
DR109|Niasin (Niacin)|0.1 mg
DR109|Vitamin C (Vit. C)|1 mg
DR110|Air (Water)|96.8 g
DR110|Energi (Energy)|10 Kal
DR110|Protein (Protein)|0.5 g
DR110|Lemak (Fat)|0.2 g
DR110|Karbohidrat (CHO)|2.0 g
DR110|Serat (Fibre)|0.6 g
DR110|Abu (ASH)|0.5 g
DR110|Kalsium (Ca)|20 mg
DR110|Fosfor (P)|98 mg
DR110|Besi (Fe)|1.0 mg
DR110|Natrium (Na)|10 mg
DR110|Kalium (K)|82.1 mg
DR110|Tembaga (Cu)|0.03 mg
DR110|Seng (Zn)|0.1 mg
DR110|Retinol (Vit. A)|0 mcg
DR110|Beta-Karoten (Carotenes)|19 mcg
DR110|Karoten Total (Re)|21 mcg
DR110|Thiamin (Vit. B1)|0.02 mg
DR110|Riboflavin (Vit. B2)|0.03 mg
DR110|Niasin (Niacin)|0.1 mg
DR110|Vitamin C (Vit. C)|3 mg
DR111|Air (Water)|97.1 g
DR111|Energi (Energy)|9 Kal
DR111|Protein (Protein)|0.5 g
DR111|Lemak (Fat)|0.1 g
DR111|Karbohidrat (CHO)|1.9 g
DR111|Serat (Fibre)|0.7 g
DR111|Abu (ASH)|0.4 g
DR111|Kalsium (Ca)|15 mg
DR111|Fosfor (P)|102 mg
DR111|Besi (Fe)|0.6 mg
DR111|Natrium (Na)|2 mg
DR111|Kalium (K)|78.9 mg
DR111|Tembaga (Cu)|0.02 mg
DR111|Seng (Zn)|0.1 mg
DR111|Retinol (Vit. A)|0 mcg
DR111|Beta-Karoten (Carotenes)|25 mcg
DR111|Karoten Total (Re)|0 mcg
DR111|Thiamin (Vit. B1)|0.02 mg
DR111|Riboflavin (Vit. B2)|0.02 mg
DR111|Niasin (Niacin)|0.1 mg
DR111|Vitamin C (Vit. C)|5 mg
DR112|Air (Water)|74.3 g
DR112|Energi (Energy)|99 Kal
DR112|Protein (Protein)|3.3 g
DR112|Lemak (Fat)|0.1 g
DR112|Karbohidrat (CHO)|21.2 g
DR112|Serat (Fibre)|10.3 g
DR112|Abu (ASH)|1.1 g
DR112|Kalsium (Ca)|50 mg
DR112|Fosfor (P)|99 mg
DR112|Besi (Fe)|13.1 mg
DR112|Natrium (Na)|15 mg
DR112|Kalium (K)|567.0 mg
DR112|Tembaga (Cu)|0.20 mg
DR112|Seng (Zn)|0.6 mg
DR112|Beta-Karoten (Carotenes)|5 mcg
DR112|Thiamin (Vit. B1)|0.20 mg
DR112|Riboflavin (Vit. B2)|0.19 mg
DR112|Niasin (Niacin)|0.1 mg
DR113|Air (Water)|91.7 g
DR113|Energi (Energy)|25 Kal
DR113|Protein (Protein)|2.4 g
DR113|Lemak (Fat)|0.2 g
DR113|Karbohidrat (CHO)|4.9 g
DR113|Serat (Fibre)|1.6 g
DR113|Abu (ASH)|0.8 g
DR113|Kalsium (Ca)|22 mg
DR113|Fosfor (P)|72 mg
DR113|Besi (Fe)|1.1 mg
DR113|Natrium (Na)|47 mg
DR113|Kalium (K)|187.0 mg
DR113|Tembaga (Cu)|0.04 mg
DR113|Seng (Zn)|0.3 mg
DR113|Beta-Karoten (Carotenes)|24 mcg
DR113|Karoten Total (Re)|90 mcg
DR113|Thiamin (Vit. B1)|0.11 mg
DR113|Riboflavin (Vit. B2)|0.09 mg
DR113|Niasin (Niacin)|0.6 mg
DR113|Vitamin C (Vit. C)|69 mg
DR114|Air (Water)|92.4 g
DR114|Energi (Energy)|29 Kal
DR114|Protein (Protein)|1.4 g
DR114|Lemak (Fat)|0.2 g
DR114|Karbohidrat (CHO)|5.3 g
DR114|Serat (Fibre)|1.9 g
DR114|Abu (ASH)|0.9 g
DR114|Kalsium (Ca)|46 mg
DR114|Fosfor (P)|31 mg
DR114|Besi (Fe)|0.5 mg
DR114|Natrium (Na)|28 mg
DR114|Kalium (K)|236.8 mg
DR114|Tembaga (Cu)|0.29 mg
DR114|Seng (Zn)|0.3 mg
DR114|Beta-Karoten (Carotenes)|46 mcg
DR114|Karoten Total (Re)|80 mcg
DR114|Thiamin (Vit. B1)|0.06 mg
DR114|Riboflavin (Vit. B2)|0.07 mg
DR114|Niasin (Niacin)|0.3 mg
DR114|Vitamin C (Vit. C)|50 mg
DR115|Air (Water)|67.2 g
DR115|Energi (Energy)|128 Kal
DR115|Protein (Protein)|8.3 g
DR115|Lemak (Fat)|0.7 g
DR115|Karbohidrat (CHO)|22.1 g
DR115|Abu (ASH)|1.7 g
DR115|Kalsium (Ca)|17 mg
DR115|Fosfor (P)|12 mg
DR115|Besi (Fe)|2.7 mg
DR115|Karoten Total (Re)|80 mcg
DR115|Thiamin (Vit. B1)|0.11 mg
DR115|Vitamin C (Vit. C)|31 mg
DR116|Air (Water)|88.0 g
DR116|Energi (Energy)|46 Kal
DR116|Protein (Protein)|3.0 g
DR116|Lemak (Fat)|0.3 g
DR116|Karbohidrat (CHO)|7.9 g
DR116|Serat (Fibre)|3.3 g
DR116|Abu (ASH)|0.8 g
DR116|Kalsium (Ca)|56 mg
DR116|Fosfor (P)|47 mg
DR116|Besi (Fe)|1.1 mg
DR116|Natrium (Na)|2 mg
DR116|Kalium (K)|249.3 mg
DR116|Tembaga (Cu)|0.09 mg
DR116|Seng (Zn)|0.4 mg
DR116|Beta-Karoten (Carotenes)|66 mcg
DR116|Karoten Total (Re)|870 mcg
DR116|Thiamin (Vit. B1)|0.09 mg
DR116|Riboflavin (Vit. B2)|0.09 mg
DR116|Niasin (Niacin)|0.5 mg
DR116|Vitamin C (Vit. C)|17 mg
DR117|Air (Water)|86.3 g
DR117|Energi (Energy)|45 Kal
DR117|Protein (Protein)|2.2 g
DR117|Lemak (Fat)|0.3 g
DR117|Karbohidrat (CHO)|10.3 g
DR117|Serat (Fibre)|4.8 g
DR117|Abu (ASH)|0.9 g
DR117|Kalsium (Ca)|52 mg
DR117|Fosfor (P)|50 mg
DR117|Besi (Fe)|1.1 mg
DR117|Natrium (Na)|21 mg
DR117|Kalium (K)|439.5 mg
DR117|Tembaga (Cu)|0.11 mg
DR117|Seng (Zn)|0.5 mg
DR117|Beta-Karoten (Carotenes)|2,685 mcg
DR117|Karoten Total (Re)|40 mcg
DR117|Thiamin (Vit. B1)|0.11 mg
DR117|Riboflavin (Vit. B2)|0.20 mg
DR117|Niasin (Niacin)|1.8 mg
DR117|Vitamin C (Vit. C)|17 mg
DR118|Air (Water)|86.0 g
DR118|Energi (Energy)|42 Kal
DR118|Protein (Protein)|3.8 g
DR118|Lemak (Fat)|0.6 g
DR118|Karbohidrat (CHO)|7.8 g
DR118|Serat (Fibre)|4.9 g
DR118|Abu (ASH)|1.8 g
DR118|Kalsium (Ca)|76 mg
DR118|Fosfor (P)|91 mg
DR118|Besi (Fe)|2.5 mg
DR118|Natrium (Na)|22 mg
DR118|Kalium (K)|449.1 mg
DR118|Tembaga (Cu)|0.11 mg
DR118|Seng (Zn)|0.5 mg
DR118|Beta-Karoten (Carotenes)|2,744 mcg
DR118|Karoten Total (Re)|500 mcg
DR118|Thiamin (Vit. B1)|0.11 mg
DR118|Riboflavin (Vit. B2)|0.20 mg
DR118|Niasin (Niacin)|1.8 mg
DR118|Vitamin C (Vit. C)|59 mg
DR119|Air (Water)|71.9 g
DR119|Energi (Energy)|111 Kal
DR119|Protein (Protein)|4.5 g
DR119|Lemak (Fat)|1.1 g
DR119|Karbohidrat (CHO)|20.7 g
DR119|Serat (Fibre)|5.0 g
DR119|Abu (ASH)|1.8 g
DR119|Kalsium (Ca)|117 mg
DR119|Fosfor (P)|179 mg
DR119|Besi (Fe)|2.6 mg
DR119|Retinol (Vit. A)|0 mcg
DR119|Karoten Total (Re)|1,267 mcg
DR119|Thiamin (Vit. B1)|0.07 mg
DR119|Vitamin C (Vit. C)|7 mg
DR120|Air (Water)|94.0 g
DR120|Energi (Energy)|22 Kal
DR120|Protein (Protein)|0.4 g
DR120|Lemak (Fat)|0.2 g
DR120|Karbohidrat (CHO)|4.7 g
DR120|Serat (Fibre)|1.3 g
DR120|Abu (ASH)|0.7 g
DR120|Kalsium (Ca)|3 mg
DR120|Fosfor (P)|54 mg
DR120|Besi (Fe)|0.5 mg
DR120|Natrium (Na)|2 mg
DR120|Kalium (K)|200.0 mg
DR120|Tembaga (Cu)|0.10 mg
DR120|Seng (Zn)|0.3 mg
DR120|Beta-Karoten (Carotenes)|7 mcg
DR120|Thiamin (Vit. B1)|0.10 mg
DR120|Riboflavin (Vit. B2)|0.03 mg
DR120|Niasin (Niacin)|0.4 mg
DR120|Vitamin C (Vit. C)|1 mg
DR121|Air (Water)|95.0 g
DR121|Energi (Energy)|19 Kal
DR121|Protein (Protein)|0.6 g
DR121|Lemak (Fat)|0.2 g
DR121|Karbohidrat (CHO)|3.8 g
DR121|Serat (Fibre)|0.6 g
DR121|Abu (ASH)|0.4 g
DR121|Kalsium (Ca)|12 mg
DR121|Fosfor (P)|18 mg
DR121|Besi (Fe)|0.6 mg
DR121|Natrium (Na)|2 mg
DR121|Kalium (K)|168.2 mg
DR121|Tembaga (Cu)|0.03 mg
DR121|Seng (Zn)|0.8 mg
DR121|Beta-Karoten (Carotenes)|11 mcg
DR121|Karoten Total (Re)|70 mcg
DR121|Thiamin (Vit. B1)|0.04 mg
DR121|Riboflavin (Vit. B2)|0.02 mg
DR121|Niasin (Niacin)|0.4 mg
DR121|Vitamin C (Vit. C)|10 mg
DR122|Air (Water)|86.6 g
DR122|Energi (Energy)|51 Kal
DR122|Protein (Protein)|1.7 g
DR122|Lemak (Fat)|0.5 g
DR122|Karbohidrat (CHO)|10.0 g
DR122|Serat (Fibre)|2.7 g
DR122|Abu (ASH)|1.2 g
DR122|Kalsium (Ca)|40 mg
DR122|Fosfor (P)|180 mg
DR122|Besi (Fe)|0.7 mg
DR122|Natrium (Na)|280 mg
DR122|Kalium (K)|220.0 mg
DR122|Tembaga (Cu)|0.35 mg
DR122|Seng (Zn)|1.5 mg
DR122|Beta-Karoten (Carotenes)|1,569 mcg
DR122|Thiamin (Vit. B1)|0.20 mg
DR122|Riboflavin (Vit. B2)|0.00 mg
DR122|Niasin (Niacin)|0.1 mg
DR122|Vitamin C (Vit. C)|2 mg
DR123|Air (Water)|92.3 g
DR123|Energi (Energy)|30 Kal
DR123|Protein (Protein)|0.6 g
DR123|Lemak (Fat)|0.1 g
DR123|Karbohidrat (CHO)|6.7 g
DR123|Serat (Fibre)|6.2 g
DR123|Abu (ASH)|0.3 g
DR123|Kalsium (Ca)|14 mg
DR123|Fosfor (P)|25 mg
DR123|Besi (Fe)|0.5 mg
DR123|Natrium (Na)|3 mg
DR123|Kalium (K)|167.1 mg
DR123|Tembaga (Cu)|0.16 mg
DR123|Seng (Zn)|1.0 mg
DR123|Beta-Karoten (Carotenes)|48 mcg
DR123|Karoten Total (Re)|20 mcg
DR123|Thiamin (Vit. B1)|0.02 mg
DR123|Riboflavin (Vit. B2)|0.00 mg
DR123|Niasin (Niacin)|0.6 mg
DR123|Vitamin C (Vit. C)|18 mg
DR124|Air (Water)|91.2 g
DR124|Energi (Energy)|32 Kal
DR124|Protein (Protein)|1.1 g
DR124|Lemak (Fat)|0.1 g
DR124|Karbohidrat (CHO)|6.6 g
DR124|Serat (Fibre)|0.5 g
DR124|Abu (ASH)|1.0 g
DR124|Kalsium (Ca)|45 mg
DR124|Fosfor (P)|64 mg
DR124|Besi (Fe)|1.4 mg
DR124|Natrium (Na)|1 mg
DR124|Kalium (K)|356.2 mg
DR124|Tembaga (Cu)|0.13 mg
DR124|Seng (Zn)|0.3 mg
DR124|Beta-Karoten (Carotenes)|712 mcg
DR124|Karoten Total (Re)|180 mcg
DR124|Thiamin (Vit. B1)|0.08 mg
DR124|Riboflavin (Vit. B2)|0.12 mg
DR124|Niasin (Niacin)|0.6 mg
DR124|Vitamin C (Vit. C)|52 mg
DR125|Air (Water)|91.2 g
DR125|Energi (Energy)|34 Kal
DR125|Protein (Protein)|2.2 g
DR125|Lemak (Fat)|0.3 g
DR125|Karbohidrat (CHO)|5.5 g
DR125|Serat (Fibre)|2.9 g
DR125|Abu (ASH)|0.8 g
DR125|Kalsium (Ca)|10 mg
DR125|Fosfor (P)|58 mg
DR125|Besi (Fe)|0.4 mg
DR125|Natrium (Na)|3 mg
DR125|Kalium (K)|155.0 mg
DR125|Tembaga (Cu)|0.20 mg
DR125|Seng (Zn)|0.4 mg
DR125|Beta-Karoten (Carotenes)|38 mcg
DR125|Thiamin (Vit. B1)|0.30 mg
DR125|Riboflavin (Vit. B2)|0.07 mg
DR125|Niasin (Niacin)|0.4 mg
DR125|Vitamin C (Vit. C)|4 mg
DR126|Air (Water)|94.1 g
DR126|Energi (Energy)|21 Kal
DR126|Protein (Protein)|0.9 g
DR126|Lemak (Fat)|0.1 g
DR126|Karbohidrat (CHO)|4.2 g
DR126|Serat (Fibre)|1.4 g
DR126|Abu (ASH)|0.7 g
DR126|Kalsium (Ca)|35 mg
DR126|Fosfor (P)|26 mg
DR126|Besi (Fe)|0.6 mg
DR126|Natrium (Na)|49 mg
DR126|Kalium (K)|109.3 mg
DR126|Tembaga (Cu)|0.03 mg
DR126|Seng (Zn)|0.2 mg
DR126|Beta-Karoten (Carotenes)|0 mcg
DR126|Karoten Total (Re)|10 mcg
DR126|Thiamin (Vit. B1)|0.03 mg
DR126|Riboflavin (Vit. B2)|0.04 mg
DR126|Niasin (Niacin)|0.3 mg
DR126|Vitamin C (Vit. C)|32 mg
DR127|Air (Water)|90.5 g
DR127|Energi (Energy)|38 Kal
DR127|Protein (Protein)|1.1 g
DR127|Lemak (Fat)|0.3 g
DR127|Karbohidrat (CHO)|7.6 g
DR127|Serat (Fibre)|2.0 g
DR127|Abu (ASH)|0.5 g
DR127|Kalsium (Ca)|7 mg
DR127|Fosfor (P)|55 mg
DR127|Besi (Fe)|1.0 mg
DR127|Natrium (Na)|2 mg
DR127|Tembaga (Cu)|0.10 mg
DR127|Seng (Zn)|0.3 mg
DR127|Beta-Karoten (Carotenes)|25 mcg
DR127|Thiamin (Vit. B1)|0.20 mg
DR127|Riboflavin (Vit. B2)|0.10 mg
DR127|Niasin (Niacin)|0.6 mg
DR127|Vitamin C (Vit. C)|17 mg
DR128|Air (Water)|80.0 g
DR128|Energi (Energy)|66 Kal
DR128|Protein (Protein)|5.0 g
DR128|Lemak (Fat)|0.7 g
DR128|Karbohidrat (CHO)|13.3 g
DR128|Abu (ASH)|1.0 g
DR128|Kalsium (Ca)|163 mg
DR128|Fosfor (P)|75 mg
DR128|Besi (Fe)|2.8 mg
DR128|Karoten Total (Re)|1,000 mcg
DR128|Thiamin (Vit. B1)|0.10 mg
DR128|Vitamin C (Vit. C)|100 mg
DR129|Air (Water)|91.4 g
DR129|Energi (Energy)|33 Kal
DR129|Protein (Protein)|2.3 g
DR129|Lemak (Fat)|0.5 g
DR129|Karbohidrat (CHO)|4.7 g
DR129|Serat (Fibre)|1.8 g
DR129|Abu (ASH)|1.1 g
DR129|Kalsium (Ca)|60 mg
DR129|Fosfor (P)|30 mg
DR129|Besi (Fe)|3.1 mg
DR129|Natrium (Na)|20 mg
DR129|Kalium (K)|100.0 mg
DR129|Tembaga (Cu)|0.10 mg
DR129|Seng (Zn)|0.4 mg
DR129|Beta-Karoten (Carotenes)|1,575 mcg
DR129|Thiamin (Vit. B1)|0.20 mg
DR129|Riboflavin (Vit. B2)|0.10 mg
DR129|Niasin (Niacin)|0.1 mg
DR129|Vitamin C (Vit. C)|12 mg
DR130|Air (Water)|85.4 g
DR130|Energi (Energy)|57 Kal
DR130|Protein (Protein)|2.0 g
DR130|Lemak (Fat)|0.4 g
DR130|Karbohidrat (CHO)|11.3 g
DR130|Serat (Fibre)|8.3 g
DR130|Abu (ASH)|0.9 g
DR130|Kalsium (Ca)|45 mg
DR130|Fosfor (P)|29 mg
DR130|Besi (Fe)|0.5 mg
DR130|Natrium (Na)|1 mg
DR130|Kalium (K)|246.5 mg
DR130|Tembaga (Cu)|0.04 mg
DR130|Seng (Zn)|0.1 mg
DR130|Beta-Karoten (Carotenes)|21 mcg
DR130|Karoten Total (Re)|25 mcg
DR130|Thiamin (Vit. B1)|0.07 mg
DR130|Riboflavin (Vit. B2)|0.06 mg
DR130|Niasin (Niacin)|0.7 mg
DR130|Vitamin C (Vit. C)|9 mg
DR131|Air (Water)|94.4 g
DR131|Energi (Energy)|19 Kal
DR131|Protein (Protein)|1.0 g
DR131|Lemak (Fat)|0.4 g
DR131|Karbohidrat (CHO)|3.6 g
DR131|Serat (Fibre)|1.3 g
DR131|Abu (ASH)|0.6 g
DR131|Kalsium (Ca)|31 mg
DR131|Fosfor (P)|65 mg
DR131|Besi (Fe)|0.9 mg
DR131|Natrium (Na)|5 mg
DR131|Kalium (K)|277.7 mg
DR131|Tembaga (Cu)|0.03 mg
DR131|Seng (Zn)|0.8 mg
DR131|Retinol (Vit. A)|0 mcg
DR131|Beta-Karoten (Carotenes)|197 mcg
DR131|Karoten Total (Re)|80 mcg
DR131|Thiamin (Vit. B1)|0.18 mg
DR131|Riboflavin (Vit. B2)|0.04 mg
DR131|Niasin (Niacin)|0.4 mg
DR131|Vitamin C (Vit. C)|58 mg
DR132|Air (Water)|95.1 g
DR132|Energi (Energy)|19 Kal
DR132|Protein (Protein)|0.6 g
DR132|Lemak (Fat)|0.1 g
DR132|Karbohidrat (CHO)|3.9 g
DR132|Serat (Fibre)|1.0 g
DR132|Abu (ASH)|0.3 g
DR132|Kalsium (Ca)|20 mg
DR132|Fosfor (P)|10 mg
DR132|Besi (Fe)|0.4 mg
DR132|Natrium (Na)|130 mg
DR132|Kalium (K)|30.0 mg
DR132|Tembaga (Cu)|0.10 mg
DR132|Seng (Zn)|0.1 mg
DR132|Beta-Karoten (Carotenes)|69 mcg
DR132|Thiamin (Vit. B1)|0.10 mg
DR132|Riboflavin (Vit. B2)|0.10 mg
DR132|Niasin (Niacin)|0.1 mg
DR132|Vitamin C (Vit. C)|9 mg
DR133|Air (Water)|92.3 g
DR133|Energi (Energy)|29 Kal
DR133|Protein (Protein)|2.1 g
DR133|Lemak (Fat)|0.1 g
DR133|Karbohidrat (CHO)|4.9 g
DR133|Serat (Fibre)|2.1 g
DR133|Abu (ASH)|0.6 g
DR133|Kalsium (Ca)|50 mg
DR133|Fosfor (P)|16 mg
DR133|Besi (Fe)|0.4 mg
DR133|Natrium (Na)|22 mg
DR133|Kalium (K)|211.2 mg
DR133|Tembaga (Cu)|0.01 mg
DR133|Seng (Zn)|0.0 mg
DR133|Beta-Karoten (Carotenes)|0 mcg
DR133|Karoten Total (Re)|50 mcg
DR133|Thiamin (Vit. B1)|0.02 mg
DR133|Riboflavin (Vit. B2)|0.03 mg
DR133|Niasin (Niacin)|0.3 mg
DR133|Vitamin C (Vit. C)|19 mg
DR134|Air (Water)|77.2 g
DR134|Energi (Energy)|92 Kal
DR134|Protein (Protein)|5.4 g
DR134|Lemak (Fat)|1.1 g
DR134|Karbohidrat (CHO)|15.2 g
DR134|Serat (Fibre)|2.0 g
DR134|Abu (ASH)|1.1 g
DR134|Kalsium (Ca)|14 mg
DR134|Fosfor (P)|170 mg
DR134|Besi (Fe)|1.6 mg
DR134|Natrium (Na)|55 mg
DR134|Kalium (K)|221.0 mg
DR134|Tembaga (Cu)|0.20 mg
DR134|Seng (Zn)|0.8 mg
DR134|Beta-Karoten (Carotenes)|114 mcg
DR134|Thiamin (Vit. B1)|0.80 mg
DR134|Riboflavin (Vit. B2)|0.10 mg
DR134|Niasin (Niacin)|6.1 mg
DR134|Vitamin C (Vit. C)|34 mg
DR135|Air (Water)|83.9 g
DR135|Energi (Energy)|53 Kal
DR135|Protein (Protein)|3.7 g
DR135|Lemak (Fat)|1.0 g
DR135|Karbohidrat (CHO)|9.0 g
DR135|Serat (Fibre)|0.0 g
DR135|Abu (ASH)|2.4 g
DR135|Kalsium (Ca)|193 mg
DR135|Fosfor (P)|84 mg
DR135|Besi (Fe)|4.3 mg
DR135|Natrium (Na)|18 mg
DR135|Kalium (K)|1,125.6 mg
DR135|Tembaga (Cu)|0.20 mg
DR135|Seng (Zn)|1.4 mg
DR135|Beta-Karoten (Carotenes)|2,940 mcg
DR135|Karoten Total (Re)|8,230 mcg
DR135|Thiamin (Vit. B1)|0.11 mg
DR135|Riboflavin (Vit. B2)|0.29 mg
DR135|Niasin (Niacin)|0.7 mg
DR135|Vitamin C (Vit. C)|193 mg
DR136|Air (Water)|91.0 g
DR136|Energi (Energy)|33 Kal
DR136|Protein (Protein)|4.5 g
DR136|Lemak (Fat)|0.4 g
DR136|Karbohidrat (CHO)|2.8 g
DR136|Abu (ASH)|1.3 g
DR136|Kalsium (Ca)|13 mg
DR136|Fosfor (P)|75 mg
DR136|Besi (Fe)|2.9 mg
DR136|Natrium (Na)|2 mg
DR136|Kalium (K)|0.0 mg
DR136|Tembaga (Cu)|0.20 mg
DR136|Seng (Zn)|0.6 mg
DR136|Thiamin (Vit. B1)|0.50 mg
DR136|Riboflavin (Vit. B2)|0.10 mg
DR136|Vitamin C (Vit. C)|41 mg
DR137|Air (Water)|80.2 g
DR137|Energi (Energy)|76 Kal
DR137|Protein (Protein)|3.6 g
DR137|Lemak (Fat)|0.3 g
DR137|Karbohidrat (CHO)|14.6 g
DR137|Serat (Fibre)|7.1 g
DR137|Abu (ASH)|1.3 g
DR137|Kalsium (Ca)|119 mg
DR137|Fosfor (P)|84 mg
DR137|Besi (Fe)|3.3 mg
DR137|Natrium (Na)|1 mg
DR137|Kalium (K)|631.0 mg
DR137|Tembaga (Cu)|0.60 mg
DR137|Seng (Zn)|1.4 mg
DR137|Beta-Karoten (Carotenes)|4,762 mcg
DR137|Thiamin (Vit. B1)|0.60 mg
DR137|Riboflavin (Vit. B2)|0.60 mg
DR137|Vitamin C (Vit. C)|6 mg
DR138|Air (Water)|93.3 g
DR138|Energi (Energy)|25 Kal
DR138|Protein (Protein)|0.8 g
DR138|Lemak (Fat)|0.1 g
DR138|Karbohidrat (CHO)|5.3 g
DR138|Serat (Fibre)|9.7 g
DR138|Abu (ASH)|0.5 g
DR138|Kalsium (Ca)|3 mg
DR138|Fosfor (P)|5 mg
DR138|Besi (Fe)|0.5 mg
DR138|Natrium (Na)|3 mg
DR138|Kalium (K)|206.0 mg
DR138|Tembaga (Cu)|0.10 mg
DR138|Seng (Zn)|0.4 mg
DR138|Beta-Karoten (Carotenes)|10 mcg
DR138|Thiamin (Vit. B1)|0.20 mg
DR138|Riboflavin (Vit. B2)|0.07 mg
DR138|Niasin (Niacin)|0.5 mg
DR138|Vitamin C (Vit. C)|0 mg
DR139|Air (Water)|80.8 g
DR139|Energi (Energy)|75 Kal
DR139|Protein (Protein)|1.6 g
DR139|Lemak (Fat)|0.6 g
DR139|Karbohidrat (CHO)|15.8 g
DR139|Serat (Fibre)|10.0 g
DR139|Abu (ASH)|1.2 g
DR139|Kalsium (Ca)|55 mg
DR139|Fosfor (P)|97 mg
DR139|Besi (Fe)|0.6 mg
DR139|Natrium (Na)|20 mg
DR139|Kalium (K)|234.0 mg
DR139|Tembaga (Cu)|0.40 mg
DR139|Seng (Zn)|0.4 mg
DR139|Beta-Karoten (Carotenes)|51 mcg
DR139|Thiamin (Vit. B1)|0.40 mg
DR139|Riboflavin (Vit. B2)|0.10 mg
DR139|Niasin (Niacin)|1.3 mg
DR139|Vitamin C (Vit. C)|38 mg
DR140|Air (Water)|87.0 g
DR140|Energi (Energy)|41 Kal
DR140|Protein (Protein)|1.4 g
DR140|Lemak (Fat)|0.3 g
DR140|Karbohidrat (CHO)|8.1 g
DR140|Serat (Fibre)|2.2 g
DR140|Abu (ASH)|3.2 g
DR140|Kalsium (Ca)|80 mg
DR140|Fosfor (P)|20 mg
DR140|Besi (Fe)|1.6 mg
DR140|Natrium (Na)|250 mg
DR140|Kalium (K)|380.0 mg
DR140|Tembaga (Cu)|0.20 mg
DR140|Seng (Zn)|0.4 mg
DR140|Beta-Karoten (Carotenes)|1,958 mcg
DR140|Thiamin (Vit. B1)|0.20 mg
DR140|Riboflavin (Vit. B2)|0.00 mg
DR140|Niasin (Niacin)|0.1 mg
DR140|Vitamin C (Vit. C)|7 mg
DR141|Air (Water)|92.2 g
DR141|Energi (Energy)|28 Kal
DR141|Protein (Protein)|2.3 g
DR141|Lemak (Fat)|0.3 g
DR141|Karbohidrat (CHO)|4.0 g
DR141|Serat (Fibre)|2.5 g
DR141|Abu (ASH)|1.2 g
DR141|Kalsium (Ca)|220 mg
DR141|Fosfor (P)|38 mg
DR141|Besi (Fe)|2.9 mg
DR141|Natrium (Na)|22 mg
DR141|Kalium (K)|436.5 mg
DR141|Tembaga (Cu)|0.12 mg
DR141|Seng (Zn)|0.2 mg
DR141|Beta-Karoten (Carotenes)|2,042 mcg
DR141|Karoten Total (Re)|6,460 mcg
DR141|Thiamin (Vit. B1)|0.09 mg
DR141|Riboflavin (Vit. B2)|0.23 mg
DR141|Niasin (Niacin)|0.7 mg
DR141|Vitamin C (Vit. C)|102 mg
DR142|Air (Water)|96.6 g
DR142|Energi (Energy)|9 Kal
DR142|Protein (Protein)|1.0 g
DR142|Lemak (Fat)|0.1 g
DR142|Karbohidrat (CHO)|1.7 g
DR142|Serat (Fibre)|0.8 g
DR142|Abu (ASH)|0.6 g
DR142|Kalsium (Ca)|56 mg
DR142|Fosfor (P)|42 mg
DR142|Besi (Fe)|1.1 mg
DR142|Natrium (Na)|5 mg
DR142|Kalium (K)|193.1 mg
DR142|Tembaga (Cu)|0.05 mg
DR142|Seng (Zn)|0.1 mg
DR142|Retinol (Vit. A)|0 mcg
DR142|Beta-Karoten (Carotenes)|862 mcg
DR142|Karoten Total (Re)|832 mcg
DR142|Thiamin (Vit. B1)|0.05 mg
DR142|Riboflavin (Vit. B2)|0.18 mg
DR142|Niasin (Niacin)|0.4 mg
DR142|Vitamin C (Vit. C)|3 mg
DR143|Air (Water)|91.8 g
DR143|Energi (Energy)|30 Kal
DR143|Protein (Protein)|1.9 g
DR143|Lemak (Fat)|0.5 g
DR143|Karbohidrat (CHO)|4.4 g
DR143|Serat (Fibre)|2.7 g
DR143|Abu (ASH)|1.4 g
DR143|Kalsium (Ca)|100 mg
DR143|Fosfor (P)|58 mg
DR143|Besi (Fe)|1.6 mg
DR143|Natrium (Na)|27 mg
DR143|Kalium (K)|217.0 mg
DR143|Tembaga (Cu)|0.10 mg
DR143|Seng (Zn)|0.7 mg
DR143|Beta-Karoten (Carotenes)|1,340 mcg
DR143|Thiamin (Vit. B1)|0.20 mg
DR143|Riboflavin (Vit. B2)|0.10 mg
DR143|Niasin (Niacin)|0.6 mg
DR143|Vitamin C (Vit. C)|33 mg
DR144|Air (Water)|94.9 g
DR144|Energi (Energy)|19 Kal
DR144|Protein (Protein)|1.3 g
DR144|Lemak (Fat)|0.2 g
DR144|Karbohidrat (CHO)|2.9 g
DR144|Serat (Fibre)|2.2 g
DR144|Abu (ASH)|1.0 g
DR144|Kalsium (Ca)|92 mg
DR144|Fosfor (P)|45 mg
DR144|Besi (Fe)|1.2 mg
DR144|Natrium (Na)|17 mg
DR144|Kalium (K)|145.0 mg
DR144|Tembaga (Cu)|0.10 mg
DR144|Seng (Zn)|0.4 mg
DR144|Beta-Karoten (Carotenes)|815 mcg
DR144|Thiamin (Vit. B1)|0.20 mg
DR144|Riboflavin (Vit. B2)|0.10 mg
DR144|Niasin (Niacin)|0.1 mg
DR144|Vitamin C (Vit. C)|36 mg
DR145|Air (Water)|94.8 g
DR145|Energi (Energy)|18 Kal
DR145|Protein (Protein)|1.2 g
DR145|Lemak (Fat)|0.2 g
DR145|Karbohidrat (CHO)|2.9 g
DR145|Serat (Fibre)|1.8 g
DR145|Abu (ASH)|0.9 g
DR145|Kalsium (Ca)|22 mg
DR145|Fosfor (P)|25 mg
DR145|Besi (Fe)|0.5 mg
DR145|Natrium (Na)|19 mg
DR145|Kalium (K)|186.4 mg
DR145|Tembaga (Cu)|0.03 mg
DR145|Seng (Zn)|0.2 mg
DR145|Beta-Karoten (Carotenes)|1,526 mcg
DR145|Karoten Total (Re)|540 mcg
DR145|Thiamin (Vit. B1)|0.04 mg
DR145|Riboflavin (Vit. B2)|0.13 mg
DR145|Niasin (Niacin)|0.4 mg
DR145|Vitamin C (Vit. C)|8 mg
DR146|Air (Water)|93.3 g
DR146|Energi (Energy)|17 Kal
DR146|Protein (Protein)|3.1 g
DR146|Lemak (Fat)|0.2 g
DR146|Karbohidrat (CHO)|2.2 g
DR146|Serat (Fibre)|0.7 g
DR146|Abu (ASH)|1.2 g
DR146|Kalsium (Ca)|95 mg
DR146|Fosfor (P)|152 mg
DR146|Besi (Fe)|2.4 mg
DR146|Natrium (Na)|65 mg
DR146|Kalium (K)|260.7 mg
DR146|Tembaga (Cu)|0.11 mg
DR146|Seng (Zn)|0.2 mg
DR146|Retinol (Vit. A)|0 mcg
DR146|Beta-Karoten (Carotenes)|1,230 mcg
DR146|Karoten Total (Re)|3,727 mcg
DR146|Thiamin (Vit. B1)|0.09 mg
DR146|Riboflavin (Vit. B2)|0.14 mg
DR146|Niasin (Niacin)|0.7 mg
DR146|Vitamin C (Vit. C)|56 mg
DR147|Air (Water)|93.0 g
DR147|Energi (Energy)|23 Kal
DR147|Protein (Protein)|1.0 g
DR147|Lemak (Fat)|0.1 g
DR147|Karbohidrat (CHO)|4.6 g
DR147|Serat (Fibre)|2.0 g
DR147|Abu (ASH)|1.3 g
DR147|Kalsium (Ca)|50 mg
DR147|Fosfor (P)|40 mg
DR147|Besi (Fe)|1.0 mg
DR147|Natrium (Na)|64 mg
DR147|Kalium (K)|258.8 mg
DR147|Tembaga (Cu)|0.08 mg
DR147|Seng (Zn)|0.4 mg
DR147|Beta-Karoten (Carotenes)|63 mcg
DR147|Karoten Total (Re)|130 mcg
DR147|Thiamin (Vit. B1)|0.03 mg
DR147|Riboflavin (Vit. B2)|0.07 mg
DR147|Niasin (Niacin)|0.4 mg
DR147|Vitamin C (Vit. C)|11 mg
DR148|Air (Water)|90.4 g
DR148|Energi (Energy)|34 Kal
DR148|Protein (Protein)|3.7 g
DR148|Lemak (Fat)|1.2 g
DR148|Karbohidrat (CHO)|4.3 g
DR148|Serat (Fibre)|1.1 g
DR148|Abu (ASH)|0.4 g
DR148|Kalsium (Ca)|166 mg
DR148|Fosfor (P)|74 mg
DR148|Besi (Fe)|0.8 mg
DR148|Natrium (Na)|19 mg
DR148|Kalium (K)|93.3 mg
DR148|Tembaga (Cu)|0.16 mg
DR148|Seng (Zn)|0.4 mg
DR148|Beta-Karoten (Carotenes)|41 mcg
DR148|Karoten Total (Re)|20 mcg
DR148|Thiamin (Vit. B1)|0.09 mg
DR148|Riboflavin (Vit. B2)|0.15 mg
DR148|Niasin (Niacin)|1.1 mg
DR148|Vitamin C (Vit. C)|5 mg
DR149|Air (Water)|81.0 g
DR149|Energi (Energy)|76 Kal
DR149|Protein (Protein)|9.0 g
DR149|Lemak (Fat)|2.6 g
DR149|Karbohidrat (CHO)|6.4 g
DR149|Serat (Fibre)|0.7 g
DR149|Abu (ASH)|1.0 g
DR149|Kalsium (Ca)|50 mg
DR149|Fosfor (P)|65 mg
DR149|Besi (Fe)|1.0 mg
DR149|Natrium (Na)|5 mg
DR149|Kalium (K)|212.4 mg
DR149|Tembaga (Cu)|0.26 mg
DR149|Seng (Zn)|0.7 mg
DR149|Beta-Karoten (Carotenes)|0 mcg
DR149|Karoten Total (Re)|110 mcg
DR149|Thiamin (Vit. B1)|0.23 mg
DR149|Riboflavin (Vit. B2)|0.19 mg
DR149|Niasin (Niacin)|1.2 mg
DR149|Vitamin C (Vit. C)|15 mg
DR150|Air (Water)|88.0 g
DR150|Energi (Energy)|40 Kal
DR150|Protein (Protein)|5.0 g
DR150|Lemak (Fat)|0.2 g
DR150|Karbohidrat (CHO)|5.8 g
DR150|Serat (Fibre)|2.6 g
DR150|Abu (ASH)|1.0 g
DR150|Kalsium (Ca)|57 mg
DR150|Fosfor (P)|88 mg
DR150|Besi (Fe)|1.0 mg
DR150|Natrium (Na)|2 mg
DR150|Kalium (K)|226.8 mg
DR150|Tembaga (Cu)|0.07 mg
DR150|Seng (Zn)|0.5 mg
DR150|Beta-Karoten (Carotenes)|299 mcg
DR150|Karoten Total (Re)|0 mcg
DR150|Thiamin (Vit. B1)|0.07 mg
DR150|Riboflavin (Vit. B2)|0.08 mg
DR150|Niasin (Niacin)|0.8 mg
DR150|Vitamin C (Vit. C)|15 mg
DR151|Air (Water)|91.0 g
DR151|Energi (Energy)|30 Kal
DR151|Protein (Protein)|4.6 g
DR151|Lemak (Fat)|0.4 g
DR151|Karbohidrat (CHO)|3.0 g
DR151|Serat (Fibre)|0.8 g
DR151|Abu (ASH)|1.0 g
DR151|Kalsium (Ca)|40 mg
DR151|Fosfor (P)|80 mg
DR151|Besi (Fe)|2.0 mg
DR151|Natrium (Na)|699 mg
DR151|Tembaga (Cu)|0.20 mg
DR151|Seng (Zn)|1.1 mg
DR151|Beta-Karoten (Carotenes)|12 mcg
DR151|Karoten Total (Re)|0 mcg
DR151|Thiamin (Vit. B1)|0.08 mg
DR151|Riboflavin (Vit. B2)|0.20 mg
DR151|Niasin (Niacin)|1.2 mg
DR151|Vitamin C (Vit. C)|50 mg
DR152|Air (Water)|89.0 g
DR152|Energi (Energy)|34 Kal
DR152|Protein (Protein)|2.0 g
DR152|Lemak (Fat)|0.1 g
DR152|Karbohidrat (CHO)|7.9 g
DR152|Serat (Fibre)|4.9 g
DR152|Abu (ASH)|1.0 g
DR152|Kalsium (Ca)|50 mg
DR152|Fosfor (P)|30 mg
DR152|Besi (Fe)|2.0 mg
DR152|Natrium (Na)|3 mg
DR152|Kalium (K)|333.3 mg
DR152|Tembaga (Cu)|0.12 mg
DR152|Seng (Zn)|0.2 mg
DR152|Beta-Karoten (Carotenes)|23 mcg
DR152|Karoten Total (Re)|750 mcg
DR152|Thiamin (Vit. B1)|0.08 mg
DR152|Riboflavin (Vit. B2)|0.05 mg
DR152|Niasin (Niacin)|0.9 mg
DR152|Vitamin C (Vit. C)|8 mg
DR153|Air (Water)|12.3 g
DR153|Energi (Energy)|302 Kal
DR153|Protein (Protein)|8.3 g
DR153|Lemak (Fat)|1.7 g
DR153|Karbohidrat (CHO)|72.6 g
DR153|Serat (Fibre)|21.2 g
DR153|Abu (ASH)|8.1 g
DR153|Kalsium (Ca)|370 mg
DR153|Fosfor (P)|180 mg
DR153|Besi (Fe)|22.2 mg
DR153|Natrium (Na)|9 mg
DR153|Kalium (K)|0.0 mg
DR153|Tembaga (Cu)|1,044.20 mg
DR153|Seng (Zn)|1.0 mg
DR153|Beta-Karoten (Carotenes)|187 mcg
DR153|Karoten Total (Re)|750 mcg
DR153|Thiamin (Vit. B1)|0.40 mg
DR153|Riboflavin (Vit. B2)|0.17 mg
DR153|Niasin (Niacin)|5.1 mg
DR153|Vitamin C (Vit. C)|0 mg
DR154|Air (Water)|92.7 g
DR154|Energi (Energy)|28 Kal
DR154|Protein (Protein)|1.1 g
DR154|Lemak (Fat)|0.2 g
DR154|Karbohidrat (CHO)|5.5 g
DR154|Serat (Fibre)|2.1 g
DR154|Abu (ASH)|0.5 g
DR154|Kalsium (Ca)|15 mg
DR154|Fosfor (P)|37 mg
DR154|Besi (Fe)|0.4 mg
DR154|Natrium (Na)|9 mg
DR154|Kalium (K)|187.0 mg
DR154|Tembaga (Cu)|0.10 mg
DR154|Seng (Zn)|0.1 mg
DR154|Beta-Karoten (Carotenes)|46 mcg
DR154|Karoten Total (Re)|30 mcg
DR154|Thiamin (Vit. B1)|0.04 mg
DR154|Riboflavin (Vit. B2)|0.03 mg
DR154|Niasin (Niacin)|0.5 mg
DR154|Vitamin C (Vit. C)|5 mg
DR155|Air (Water)|90.5 g
DR155|Energi (Energy)|37 Kal
DR155|Protein (Protein)|2.0 g
DR155|Lemak (Fat)|0.4 g
DR155|Karbohidrat (CHO)|6.3 g
DR155|Serat (Fibre)|3.2 g
DR155|Abu (ASH)|0.8 g
DR155|Kalsium (Ca)|13 mg
DR155|Fosfor (P)|59 mg
DR155|Besi (Fe)|1.5 mg
DR155|Natrium (Na)|3 mg
DR155|Kalium (K)|155.0 mg
DR155|Tembaga (Cu)|0.30 mg
DR155|Seng (Zn)|0.3 mg
DR155|Beta-Karoten (Carotenes)|97 mcg
DR155|Thiamin (Vit. B1)|0.20 mg
DR155|Riboflavin (Vit. B2)|0.10 mg
DR155|Niasin (Niacin)|0.8 mg
DR155|Vitamin C (Vit. C)|4 mg
DR156|Air (Water)|87.3 g
DR156|Energi (Energy)|52 Kal
DR156|Protein (Protein)|2.1 g
DR156|Lemak (Fat)|1.1 g
DR156|Karbohidrat (CHO)|8.6 g
DR156|Serat (Fibre)|1.4 g
DR156|Abu (ASH)|1.0 g
DR156|Kalsium (Ca)|16 mg
DR156|Fosfor (P)|40 mg
DR156|Besi (Fe)|1.1 mg
DR156|Retinol (Vit. A)|0 mcg
DR156|Karoten Total (Re)|8,048 mcg
DR156|Thiamin (Vit. B1)|0.42 mg
DR156|Riboflavin (Vit. B2)|0.06 mg
DR156|Niasin (Niacin)|0.0 mg
DR156|Vitamin C (Vit. C)|12 mg
DR157|Air (Water)|86.6 g
DR157|Energi (Energy)|52 Kal
DR157|Protein (Protein)|1.1 g
DR157|Lemak (Fat)|0.4 g
DR157|Karbohidrat (CHO)|11.2 g
DR157|Serat (Fibre)|3.2 g
DR157|Abu (ASH)|0.8 g
DR157|Kalsium (Ca)|19 mg
DR157|Fosfor (P)|39 mg
DR157|Besi (Fe)|1.1 mg
DR157|Natrium (Na)|14 mg
DR157|Tembaga (Cu)|0.16 mg
DR157|Seng (Zn)|1.0 mg
DR157|Retinol (Vit. A)|0 mcg
DR157|Beta-Karoten (Carotenes)|85 mcg
DR157|Karoten Total (Re)|600 mcg
DR157|Thiamin (Vit. B1)|0.23 mg
DR157|Riboflavin (Vit. B2)|0.04 mg
DR157|Niasin (Niacin)|0.0 mg
DR157|Vitamin C (Vit. C)|6 mg
DR158|Air (Water)|89.2 g
DR158|Energi (Energy)|45 Kal
DR158|Protein (Protein)|1.9 g
DR158|Lemak (Fat)|0.8 g
DR158|Karbohidrat (CHO)|7.5 g
DR158|Serat (Fibre)|5.1 g
DR158|Abu (ASH)|0.6 g
DR158|Kalsium (Ca)|19 mg
DR158|Fosfor (P)|268 mg
DR158|Besi (Fe)|1.0 mg
DR158|Natrium (Na)|167 mg
DR158|Kalium (K)|142.0 mg
DR158|Tembaga (Cu)|0.60 mg
DR158|Seng (Zn)|0.2 mg
DR158|Beta-Karoten (Carotenes)|552 mcg
DR158|Thiamin (Vit. B1)|0.20 mg
DR158|Riboflavin (Vit. B2)|0.40 mg
DR158|Vitamin C (Vit. C)|4 mg
DR159|Air (Water)|91.8 g
DR159|Energi (Energy)|25 Kal
DR159|Protein (Protein)|2.1 g
DR159|Lemak (Fat)|0.1 g
DR159|Karbohidrat (CHO)|5.3 g
DR159|Serat (Fibre)|0.5 g
DR159|Abu (ASH)|0.7 g
DR159|Kalsium (Ca)|38 mg
DR159|Fosfor (P)|24 mg
DR159|Besi (Fe)|0.7 mg
DR159|Natrium (Na)|9 mg
DR159|Kalium (K)|53.7 mg
DR159|Tembaga (Cu)|0.09 mg
DR159|Seng (Zn)|0.2 mg
DR159|Retinol (Vit. A)|0 mcg
DR159|Beta-Karoten (Carotenes)|83 mcg
DR159|Karoten Total (Re)|24 mcg
DR159|Thiamin (Vit. B1)|0.15 mg
DR159|Riboflavin (Vit. B2)|0.06 mg
DR159|Niasin (Niacin)|0.7 mg
DR159|Vitamin C (Vit. C)|8 mg
DR160|Air (Water)|94.0 g
DR160|Energi (Energy)|20 Kal
DR160|Protein (Protein)|1.0 g
DR160|Lemak (Fat)|0.2 g
DR160|Karbohidrat (CHO)|3.5 g
DR160|Serat (Fibre)|0.4 g
DR160|Abu (ASH)|1.3 g
DR160|Kalsium (Ca)|7 mg
DR160|Fosfor (P)|15 mg
DR160|Besi (Fe)|0.4 mg
DR160|Natrium (Na)|10 mg
DR160|Kalium (K)|225.2 mg
DR160|Tembaga (Cu)|0.06 mg
DR160|Seng (Zn)|0.1 mg
DR160|Beta-Karoten (Carotenes)|266 mcg
DR160|Karoten Total (Re)|600 mcg
DR160|Thiamin (Vit. B1)|0.05 mg
DR160|Riboflavin (Vit. B2)|0.03 mg
DR160|Niasin (Niacin)|0.7 mg
DR160|Vitamin C (Vit. C)|10 mg
DR161|Air (Water)|92.9 g
DR161|Energi (Energy)|24 Kal
DR161|Protein (Protein)|1.3 g
DR161|Lemak (Fat)|0.5 g
DR161|Karbohidrat (CHO)|4.7 g
DR161|Serat (Fibre)|1.5 g
DR161|Abu (ASH)|0.6 g
DR161|Kalsium (Ca)|8 mg
DR161|Fosfor (P)|77 mg
DR161|Besi (Fe)|0.6 mg
DR161|Natrium (Na)|10 mg
DR161|Kalium (K)|164.9 mg
DR161|Tembaga (Cu)|0.14 mg
DR161|Seng (Zn)|0.2 mg
DR161|Beta-Karoten (Carotenes)|575 mcg
DR161|Karoten Total (Re)|2,083 mcg
DR161|Thiamin (Vit. B1)|0.06 mg
DR161|Riboflavin (Vit. B2)|0.07 mg
DR161|Niasin (Niacin)|0.4 mg
DR161|Vitamin C (Vit. C)|34 mg
DR162|Air (Water)|93.0 g
DR162|Energi (Energy)|24 Kal
DR162|Protein (Protein)|2.0 g
DR162|Lemak (Fat)|0.7 g
DR162|Karbohidrat (CHO)|3.3 g
DR162|Serat (Fibre)|1.8 g
DR162|Abu (ASH)|2.0 g
DR162|Kalsium (Ca)|5 mg
DR162|Fosfor (P)|27 mg
DR162|Besi (Fe)|0.5 mg
DR162|Natrium (Na)|10 mg
DR162|Kalium (K)|210.0 mg
DR162|Tembaga (Cu)|0.07 mg
DR162|Seng (Zn)|0.2 mg
DR162|Beta-Karoten (Carotenes)|384 mcg
DR162|Karoten Total (Re)|320 mcg
DR162|Thiamin (Vit. B1)|0.07 mg
DR162|Riboflavin (Vit. B2)|0.04 mg
DR162|Niasin (Niacin)|0.7 mg
DR162|Vitamin C (Vit. C)|30 mg
DR163|Air (Water)|79.5 g
DR163|Energi (Energy)|82 Kal
DR163|Protein (Protein)|5.8 g
DR163|Lemak (Fat)|1.3 g
DR163|Karbohidrat (CHO)|11.7 g
DR163|Serat (Fibre)|4.8 g
DR163|Abu (ASH)|1.7 g
DR163|Kalsium (Ca)|70 mg
DR163|Fosfor (P)|266 mg
DR163|Besi (Fe)|2.4 mg
DR163|Karoten Total (Re)|58 mcg
DR163|Thiamin (Vit. B1)|0.11 mg
DR163|Riboflavin (Vit. B2)|0.15 mg
DR163|Vitamin C (Vit. C)|3 mg
DR164|Air (Water)|89.3 g
DR164|Energi (Energy)|39 Kal
DR164|Protein (Protein)|2.0 g
DR164|Lemak (Fat)|0.2 g
DR164|Karbohidrat (CHO)|7.2 g
DR164|Serat (Fibre)|2.5 g
DR164|Abu (ASH)|1.3 g
DR164|Kalsium (Ca)|57 mg
DR164|Fosfor (P)|49 mg
DR164|Natrium (Na)|4 mg
DR164|Kalium (K)|447.0 mg
DR164|Tembaga (Cu)|0.20 mg
DR164|Seng (Zn)|1.4 mg
DR164|Beta-Karoten (Carotenes)|16 mcg
DR164|Thiamin (Vit. B1)|0.10 mg
DR164|Riboflavin (Vit. B2)|0.10 mg
DR164|Vitamin C (Vit. C)|8 mg
DR165|Air (Water)|90.5 g
DR165|Energi (Energy)|34 Kal
DR165|Protein (Protein)|2.4 g
DR165|Lemak (Fat)|0.3 g
DR165|Karbohidrat (CHO)|5.5 g
DR165|Serat (Fibre)|2.2 g
DR165|Abu (ASH)|1.3 g
DR165|Kalsium (Ca)|89 mg
DR165|Fosfor (P)|79 mg
DR165|Besi (Fe)|1.3 mg
DR165|Natrium (Na)|8 mg
DR165|Kalium (K)|552.0 mg
DR165|Tembaga (Cu)|0.20 mg
DR165|Seng (Zn)|1.9 mg
DR165|Beta-Karoten (Carotenes)|14 mcg
DR165|Thiamin (Vit. B1)|0.20 mg
DR165|Vitamin C (Vit. C)|9 mg
DR166|Air (Water)|89.9 g
DR166|Energi (Energy)|36 Kal
DR166|Protein (Protein)|1.0 g
DR166|Lemak (Fat)|0.6 g
DR166|Karbohidrat (CHO)|7.9 g
DR166|Serat (Fibre)|1.0 g
DR166|Abu (ASH)|0.6 g
DR166|Kalsium (Ca)|45 mg
DR166|Fosfor (P)|74 mg
DR166|Besi (Fe)|1.0 mg
DR166|Natrium (Na)|70 mg
DR166|Kalium (K)|245.0 mg
DR166|Tembaga (Cu)|0.06 mg
DR166|Seng (Zn)|0.3 mg
DR166|Beta-Karoten (Carotenes)|3,784 mcg
DR166|Karoten Total (Re)|7,125 mcg
DR166|Thiamin (Vit. B1)|0.04 mg
DR166|Riboflavin (Vit. B2)|0.04 mg
DR166|Niasin (Niacin)|1.0 mg
DR166|Vitamin C (Vit. C)|18 mg
EP001|Air (Water)|66.7 g
EP001|Energi (Energy)|159 Kal
EP001|Protein (Protein)|3.1 g
EP001|Lemak (Fat)|5.8 g
EP001|Karbohidrat (CHO)|23.5 g
EP001|Abu (ASH)|0.7 g
EP001|Kalsium (Ca)|35 mg
EP001|Fosfor (P)|65 mg
EP001|Besi (Fe)|1.2 mg
EP001|Natrium (Na)|46 mg
EP001|Kalium (K)|78.0 mg
EP001|Tembaga (Cu)|0.30 mg
EP001|Seng (Zn)|0.6 mg
EP002|Air (Water)|16.1 g
EP002|Energi (Energy)|338 Kal
EP002|Protein (Protein)|1.5 g
EP002|Lemak (Fat)|1.2 g
EP002|Karbohidrat (CHO)|80.3 g
EP002|Abu (ASH)|0.9 g
EP002|Thiamin (Vit. B1)|0.30 mg
EP002|Vitamin C (Vit. C)|8 mg
EP003|Air (Water)|63.7 g
EP003|Energi (Energy)|144 Kal
EP003|Protein (Protein)|1.1 g
EP003|Lemak (Fat)|0.4 g
EP003|Karbohidrat (CHO)|34.1 g
EP003|Serat (Fibre)|0.4 g
EP003|Abu (ASH)|0.7 g
EP003|Kalsium (Ca)|48 mg
EP003|Fosfor (P)|32 mg
EP003|Besi (Fe)|1.0 mg
EP003|Karoten Total (Re)|1,240 mcg
EP003|Thiamin (Vit. B1)|0.55 mg
EP003|Vitamin C (Vit. C)|0 mg
EP004|Air (Water)|5.0 g
EP004|Energi (Energy)|485 Kal
EP004|Protein (Protein)|1.7 g
EP004|Lemak (Fat)|22.2 g
EP004|Karbohidrat (CHO)|69.7 g
EP004|Serat (Fibre)|0.6 g
EP004|Abu (ASH)|1.5 g
EP004|Kalsium (Ca)|43 mg
EP004|Fosfor (P)|65 mg
EP004|Besi (Fe)|0.8 mg
EP004|Karoten Total (Re)|1,464 mcg
EP004|Thiamin (Vit. B1)|0.34 mg
EP004|Vitamin C (Vit. C)|0 mg
EP005|Air (Water)|3.6 g
EP005|Energi (Energy)|405 Kal
EP005|Protein (Protein)|4.8 g
EP005|Lemak (Fat)|5.1 g
EP005|Karbohidrat (CHO)|84.9 g
EP005|Serat (Fibre)|0.4 g
EP005|Abu (ASH)|1.6 g
EP005|Kalsium (Ca)|59 mg
EP005|Fosfor (P)|124 mg
EP005|Besi (Fe)|2.6 mg
EP005|Beta-Karoten (Carotenes)|4 mcg
EP005|Karoten Total (Re)|7,330 mcg
EP005|Thiamin (Vit. B1)|0.41 mg
EP005|Vitamin C (Vit. C)|0 mg
EP006|Air (Water)|25.2 g
EP006|Energi (Energy)|320 Kal
EP006|Protein (Protein)|3.5 g
EP006|Lemak (Fat)|5.7 g
EP006|Karbohidrat (CHO)|63.7 g
EP006|Serat (Fibre)|4.9 g
EP006|Abu (ASH)|1.9 g
EP006|Kalsium (Ca)|190 mg
EP006|Fosfor (P)|93 mg
EP006|Besi (Fe)|2.5 mg
EP006|Thiamin (Vit. B1)|0.05 mg
EP006|Riboflavin (Vit. B2)|0.04 mg
EP007|Air (Water)|63.3 g
EP007|Energi (Energy)|163 Kal
EP007|Protein (Protein)|1.1 g
EP007|Lemak (Fat)|4.3 g
EP007|Karbohidrat (CHO)|30.0 g
EP007|Abu (ASH)|1.3 g
EP008|Air (Water)|86.7 g
EP008|Energi (Energy)|49 Kal
EP008|Protein (Protein)|1.6 g
EP008|Lemak (Fat)|0.3 g
EP008|Karbohidrat (CHO)|10.0 g
EP008|Abu (ASH)|1.4 g
EP008|Kalsium (Ca)|11 mg
EP008|Fosfor (P)|48 mg
EP008|Besi (Fe)|3.0 mg
EP008|Natrium (Na)|426 mg
EP008|Kalium (K)|42.0 mg
EP008|Tembaga (Cu)|0.50 mg
EP008|Seng (Zn)|0.5 mg
EP008|Beta-Karoten (Carotenes)|13 mcg
EP008|Thiamin (Vit. B1)|0.18 mg
EP008|Vitamin C (Vit. C)|15 mg
EP009|Air (Water)|78.7 g
EP009|Energi (Energy)|82 Kal
EP009|Protein (Protein)|0.4 g
EP009|Lemak (Fat)|0.3 g
EP009|Karbohidrat (CHO)|19.7 g
EP009|Serat (Fibre)|2.4 g
EP009|Abu (ASH)|0.9 g
EP009|Beta-Karoten (Carotenes)|10 mcg
EP009|Thiamin (Vit. B1)|0.22 mg
EP009|Riboflavin (Vit. B2)|0.03 mg
EP009|Vitamin C (Vit. C)|42 mg
EP010|Air (Water)|25.0 g
EP010|Energi (Energy)|296 Kal
EP010|Protein (Protein)|1.1 g
EP010|Lemak (Fat)|0.6 g
EP010|Karbohidrat (CHO)|71.4 g
EP010|Abu (ASH)|1.8 g
EP010|Vitamin C (Vit. C)|3 mg
EP011|Air (Water)|28.9 g
EP011|Energi (Energy)|281 Kal
EP011|Protein (Protein)|2.4 g
EP011|Lemak (Fat)|0.7 g
EP011|Karbohidrat (CHO)|66.1 g
EP011|Serat (Fibre)|1.0 g
EP011|Abu (ASH)|2.0 g
EP011|Kalsium (Ca)|41 mg
EP011|Fosfor (P)|64 mg
EP011|Besi (Fe)|1.2 mg
EP011|Karoten Total (Re)|272 mcg
EP011|Thiamin (Vit. B1)|0.10 mg
EP011|Vitamin C (Vit. C)|0 mg
EP012|Air (Water)|27.1 g
EP012|Energi (Energy)|295 Kal
EP012|Protein (Protein)|2.3 g
EP012|Lemak (Fat)|2.1 g
EP012|Karbohidrat (CHO)|66.9 g
EP012|Serat (Fibre)|1.3 g
EP012|Abu (ASH)|1.7 g
EP012|Kalsium (Ca)|47 mg
EP012|Fosfor (P)|97 mg
EP012|Besi (Fe)|2.8 mg
EP012|Karoten Total (Re)|296 mcg
EP012|Thiamin (Vit. B1)|0.14 mg
EP013|Air (Water)|47.1 g
EP013|Energi (Energy)|242 Kal
EP013|Protein (Protein)|6.4 g
EP013|Lemak (Fat)|7.1 g
EP013|Karbohidrat (CHO)|38.2 g
EP013|Abu (ASH)|1.2 g
EP014|Air (Water)|13.8 g
EP014|Energi (Energy)|338 Kal
EP014|Protein (Protein)|2.9 g
EP014|Lemak (Fat)|0.4 g
EP014|Karbohidrat (CHO)|80.6 g
EP014|Serat (Fibre)|5.3 g
EP014|Abu (ASH)|2.1 g
EP014|Kalsium (Ca)|23 mg
EP014|Fosfor (P)|62 mg
EP014|Besi (Fe)|4.0 mg
EP014|Natrium (Na)|18 mg
EP014|Kalium (K)|734.0 mg
EP014|Tembaga (Cu)|0.10 mg
EP014|Seng (Zn)|0.5 mg
EP014|Beta-Karoten (Carotenes)|13 mcg
EP014|Karoten Total (Re)|1 mcg
EP014|Thiamin (Vit. B1)|0.02 mg
EP014|Riboflavin (Vit. B2)|0.02 mg
EP014|Niasin (Niacin)|1.0 mg
EP014|Vitamin C (Vit. C)|2 mg
EP015|Air (Water)|10.1 g
EP015|Energi (Energy)|353 Kal
EP015|Protein (Protein)|2.9 g
EP015|Lemak (Fat)|0.5 g
EP015|Karbohidrat (CHO)|84.4 g
EP015|Serat (Fibre)|3.7 g
EP015|Abu (ASH)|2.1 g
EP015|Kalsium (Ca)|100 mg
EP015|Fosfor (P)|85 mg
EP015|Besi (Fe)|4.6 mg
EP015|Natrium (Na)|9 mg
EP015|Kalium (K)|2,008.0 mg
EP015|Tembaga (Cu)|0.10 mg
EP015|Seng (Zn)|0.6 mg
EP015|Beta-Karoten (Carotenes)|0 mcg
EP015|Karoten Total (Re)|0 mcg
EP015|Thiamin (Vit. B1)|0.40 mg
EP015|Riboflavin (Vit. B2)|0.02 mg
EP015|Niasin (Niacin)|0.1 mg
EP015|Vitamin C (Vit. C)|3 mg
ER001|Air (Water)|84.3 g
ER001|Energi (Energy)|85 Kal
ER001|Protein (Protein)|0.9 g
ER001|Lemak (Fat)|6.5 g
ER001|Karbohidrat (CHO)|7.7 g
ER001|Abu (ASH)|0.6 g
ER001|Kalsium (Ca)|10 mg
ER001|Fosfor (P)|20 mg
ER001|Besi (Fe)|0.9 mg
ER001|Natrium (Na)|2 mg
ER001|Kalium (K)|278.0 mg
ER001|Tembaga (Cu)|0.20 mg
ER001|Seng (Zn)|0.4 mg
ER001|Beta-Karoten (Carotenes)|189 mcg
ER001|Karoten Total (Re)|180 mcg
ER001|Thiamin (Vit. B1)|0.05 mg
ER001|Riboflavin (Vit. B2)|0.08 mg
ER001|Niasin (Niacin)|1.0 mg
ER001|Vitamin C (Vit. C)|13 mg
ER002|Air (Water)|92.3 g
ER002|Energi (Energy)|30 Kal
ER002|Protein (Protein)|0.5 g
ER002|Lemak (Fat)|0.2 g
ER002|Karbohidrat (CHO)|6.8 g
ER002|Serat (Fibre)|1.2 g
ER002|Abu (ASH)|0.2 g
ER002|Kalsium (Ca)|39 mg
ER002|Fosfor (P)|12 mg
ER002|Besi (Fe)|1.1 mg
ER002|Retinol (Vit. A)|0 mcg
ER002|Karoten Total (Re)|1 mcg
ER002|Thiamin (Vit. B1)|0.01 mg
ER002|Vitamin C (Vit. C)|3 mg
ER003|Air (Water)|85.9 g
ER003|Energi (Energy)|57 Kal
ER003|Protein (Protein)|0.5 g
ER003|Lemak (Fat)|0.4 g
ER003|Karbohidrat (CHO)|12.8 g
ER003|Serat (Fibre)|0.8 g
ER003|Abu (ASH)|0.3 g
ER003|Kalsium (Ca)|9 mg
ER003|Fosfor (P)|18 mg
ER003|Besi (Fe)|0.6 mg
ER003|Natrium (Na)|4 mg
ER003|Kalium (K)|175.4 mg
ER003|Tembaga (Cu)|110.16 mg
ER003|Seng (Zn)|0.0 mg
ER003|Beta-Karoten (Carotenes)|26 mcg
ER003|Karoten Total (Re)|2,240 mcg
ER003|Thiamin (Vit. B1)|0.05 mg
ER003|Riboflavin (Vit. B2)|0.03 mg
ER003|Niasin (Niacin)|0.1 mg
ER003|Vitamin C (Vit. C)|5 mg
ER004|Air (Water)|84.1 g
ER004|Energi (Energy)|58 Kal
ER004|Protein (Protein)|0.3 g
ER004|Lemak (Fat)|0.4 g
ER004|Karbohidrat (CHO)|14.9 g
ER004|Serat (Fibre)|2.6 g
ER004|Abu (ASH)|0.3 g
ER004|Kalsium (Ca)|6 mg
ER004|Fosfor (P)|10 mg
ER004|Besi (Fe)|0.3 mg
ER004|Natrium (Na)|2 mg
ER004|Kalium (K)|130.0 mg
ER004|Tembaga (Cu)|124.20 mg
ER004|Seng (Zn)|0.3 mg
ER004|Beta-Karoten (Carotenes)|30 mcg
ER004|Karoten Total (Re)|90 mcg
ER004|Thiamin (Vit. B1)|0.04 mg
ER004|Riboflavin (Vit. B2)|0.03 mg
ER004|Niasin (Niacin)|0.1 mg
ER004|Vitamin C (Vit. C)|5 mg
ER005|Air (Water)|89.9 g
ER005|Energi (Energy)|37 Kal
ER005|Protein (Protein)|0.8 g
ER005|Lemak (Fat)|0.5 g
ER005|Karbohidrat (CHO)|8.3 g
ER005|Abu (ASH)|0.5 g
ER005|Kalsium (Ca)|28 mg
ER005|Fosfor (P)|27 mg
ER005|Besi (Fe)|0.8 mg
ER005|Natrium (Na)|2 mg
ER005|Kalium (K)|43.0 mg
ER005|Tembaga (Cu)|63.52 mg
ER005|Seng (Zn)|18.9 mg
ER005|Beta-Karoten (Carotenes)|2 mcg
ER005|Karoten Total (Re)|60 mcg
ER005|Thiamin (Vit. B1)|0.03 mg
ER005|Riboflavin (Vit. B2)|0.00 mg
ER005|Niasin (Niacin)|0.1 mg
ER005|Vitamin C (Vit. C)|60 mg
ER006|Air (Water)|90.0 g
ER006|Energi (Energy)|36 Kal
ER006|Protein (Protein)|0.4 g
ER006|Lemak (Fat)|0.4 g
ER006|Karbohidrat (CHO)|8.8 g
ER006|Serat (Fibre)|3.2 g
ER006|Abu (ASH)|0.4 g
ER006|Kalsium (Ca)|4 mg
ER006|Fosfor (P)|12 mg
ER006|Besi (Fe)|1.1 mg
ER006|Natrium (Na)|4 mg
ER006|Kalium (K)|130.0 mg
ER006|Seng (Zn)|0.1 mg
ER006|Beta-Karoten (Carotenes)|29 mcg
ER006|Karoten Total (Re)|170 mcg
ER006|Thiamin (Vit. B1)|0.03 mg
ER006|Vitamin C (Vit. C)|35 mg
ER007|Air (Water)|87.1 g
ER007|Energi (Energy)|51 Kal
ER007|Protein (Protein)|0.3 g
ER007|Lemak (Fat)|0.1 g
ER007|Karbohidrat (CHO)|12.1 g
ER007|Serat (Fibre)|0.7 g
ER007|Abu (ASH)|0.5 g
ER007|Kalsium (Ca)|220 mg
ER007|Fosfor (P)|14 mg
ER007|Besi (Fe)|0.8 mg
ER007|Natrium (Na)|1 mg
ER007|Kalium (K)|258.6 mg
ER007|Tembaga (Cu)|0.04 mg
ER007|Seng (Zn)|0.0 mg
ER007|Retinol (Vit. A)|0 mcg
ER007|Karoten Total (Re)|12,256 mcg
ER007|Thiamin (Vit. B1)|0.10 mg
ER007|Riboflavin (Vit. B2)|0.02 mg
ER007|Niasin (Niacin)|0.0 mg
ER007|Vitamin C (Vit. C)|4 mg
ER008|Air (Water)|92.0 g
ER008|Energi (Energy)|23 Kal
ER008|Protein (Protein)|0.8 g
ER008|Lemak (Fat)|0.2 g
ER008|Karbohidrat (CHO)|5.2 g
ER008|Abu (ASH)|1.8 g
ER008|Kalsium (Ca)|30 mg
ER008|Fosfor (P)|50 mg
ER008|Besi (Fe)|4.6 mg
ER008|Karoten Total (Re)|0 mcg
ER008|Thiamin (Vit. B1)|0.29 mg
ER008|Vitamin C (Vit. C)|38 mg
ER009|Air (Water)|73.9 g
ER009|Energi (Energy)|110 Kal
ER009|Protein (Protein)|1.4 g
ER009|Lemak (Fat)|2.1 g
ER009|Karbohidrat (CHO)|21.4 g
ER009|Abu (ASH)|1.2 g
ER009|Kalsium (Ca)|8 mg
ER009|Fosfor (P)|102 mg
ER009|Besi (Fe)|1.1 mg
ER009|Natrium (Na)|2 mg
ER009|Kalium (K)|0.0 mg
ER009|Tembaga (Cu)|0.30 mg
ER009|Seng (Zn)|0.9 mg
ER009|Thiamin (Vit. B1)|0.20 mg
ER009|Riboflavin (Vit. B2)|0.10 mg
ER009|Vitamin C (Vit. C)|6 mg
ER010|Air (Water)|33.7 g
ER010|Energi (Energy)|264 Kal
ER010|Protein (Protein)|4.0 g
ER010|Lemak (Fat)|1.1 g
ER010|Karbohidrat (CHO)|59.6 g
ER010|Serat (Fibre)|9.0 g
ER010|Abu (ASH)|1.7 g
ER010|Kalsium (Ca)|306 mg
ER010|Fosfor (P)|92 mg
ER010|Besi (Fe)|0.8 mg
ER010|Retinol (Vit. A)|0 mcg
ER010|Karoten Total (Re)|400 mcg
ER010|Thiamin (Vit. B1)|0.11 mg
ER010|Niasin (Niacin)|0.0 mg
ER010|Vitamin C (Vit. C)|9 mg
ER011|Air (Water)|89.0 g
ER011|Energi (Energy)|39 Kal
ER011|Protein (Protein)|0.7 g
ER011|Lemak (Fat)|0.2 g
ER011|Karbohidrat (CHO)|9.7 g
ER011|Serat (Fibre)|2.0 g
ER011|Abu (ASH)|0.4 g
ER011|Kalsium (Ca)|43 mg
ER011|Fosfor (P)|17 mg
ER011|Besi (Fe)|0.8 mg
ER011|Natrium (Na)|1 mg
ER011|Kalium (K)|90.0 mg
ER011|Tembaga (Cu)|0.06 mg
ER011|Seng (Zn)|0.1 mg
ER011|Beta-Karoten (Carotenes)|141 mcg
ER011|Karoten Total (Re)|55 mcg
ER011|Thiamin (Vit. B1)|0.02 mg
ER011|Riboflavin (Vit. B2)|0.01 mg
ER011|Niasin (Niacin)|0.1 mg
ER011|Vitamin C (Vit. C)|33 mg
ER012|Air (Water)|85.7 g
ER012|Energi (Energy)|71 Kal
ER012|Protein (Protein)|1.7 g
ER012|Lemak (Fat)|3.1 g
ER012|Karbohidrat (CHO)|9.1 g
ER012|Serat (Fibre)|3.2 g
ER012|Abu (ASH)|0.4 g
ER012|Kalsium (Ca)|13 mg
ER012|Fosfor (P)|14 mg
ER012|Besi (Fe)|0.4 mg
ER012|Natrium (Na)|10 mg
ER012|Kalium (K)|128.0 mg
ER012|Tembaga (Cu)|0.00 mg
ER012|Seng (Zn)|0.4 mg
ER012|Beta-Karoten (Carotenes)|0 mcg
ER012|Karoten Total (Re)|0 mcg
ER012|Thiamin (Vit. B1)|0.50 mg
ER012|Riboflavin (Vit. B2)|0.30 mg
ER012|Niasin (Niacin)|0.5 mg
ER012|Vitamin C (Vit. C)|1 mg
ER013|Air (Water)|86.6 g
ER013|Energi (Energy)|56 Kal
ER013|Protein (Protein)|0.8 g
ER013|Lemak (Fat)|1.0 g
ER013|Karbohidrat (CHO)|10.9 g
ER013|Serat (Fibre)|3.2 g
ER013|Abu (ASH)|0.6 g
ER013|Kalsium (Ca)|13 mg
ER013|Fosfor (P)|27 mg
ER013|Besi (Fe)|0.5 mg
ER013|Natrium (Na)|7 mg
ER013|Kalium (K)|231.0 mg
ER013|Tembaga (Cu)|0.00 mg
ER013|Seng (Zn)|0.4 mg
ER013|Beta-Karoten (Carotenes)|0 mcg
ER013|Karoten Total (Re)|0 mcg
ER013|Thiamin (Vit. B1)|0.02 mg
ER013|Riboflavin (Vit. B2)|0.50 mg
ER013|Niasin (Niacin)|0.9 mg
ER013|Vitamin C (Vit. C)|1 mg
ER014|Air (Water)|85.7 g
ER014|Energi (Energy)|55 Kal
ER014|Protein (Protein)|1.2 g
ER014|Lemak (Fat)|0.1 g
ER014|Karbohidrat (CHO)|12.2 g
ER014|Serat (Fibre)|5.2 g
ER014|Abu (ASH)|0.8 g
ER014|Kalsium (Ca)|30 mg
ER014|Fosfor (P)|40 mg
ER014|Besi (Fe)|0.2 mg
ER014|Natrium (Na)|10 mg
ER014|Kalium (K)|0.0 mg
ER014|Tembaga (Cu)|0.10 mg
ER014|Seng (Zn)|0.3 mg
ER014|Beta-Karoten (Carotenes)|460 mcg
ER014|Thiamin (Vit. B1)|0.33 mg
ER014|Riboflavin (Vit. B2)|0.03 mg
ER014|Niasin (Niacin)|0.1 mg
ER014|Vitamin C (Vit. C)|9 mg
ER015|Air (Water)|71.5 g
ER015|Energi (Energy)|101 Kal
ER015|Protein (Protein)|1.7 g
ER015|Lemak (Fat)|0.6 g
ER015|Karbohidrat (CHO)|25.2 g
ER015|Serat (Fibre)|2.8 g
ER015|Abu (ASH)|1.0 g
ER015|Kalsium (Ca)|27 mg
ER015|Fosfor (P)|20 mg
ER015|Besi (Fe)|0.8 mg
ER015|Natrium (Na)|5 mg
ER015|Kalium (K)|312.5 mg
ER015|Tembaga (Cu)|325.70 mg
ER015|Seng (Zn)|0.1 mg
ER015|Beta-Karoten (Carotenes)|49 mcg
ER015|Thiamin (Vit. B1)|0.08 mg
ER015|Riboflavin (Vit. B2)|0.16 mg
ER015|Niasin (Niacin)|0.9 mg
ER015|Vitamin C (Vit. C)|22 mg
ER016|Air (Water)|79.4 g
ER016|Energi (Energy)|78 Kal
ER016|Protein (Protein)|0.6 g
ER016|Lemak (Fat)|0.3 g
ER016|Karbohidrat (CHO)|18.2 g
ER016|Abu (ASH)|1.5 g
ER016|Kalsium (Ca)|1 mg
ER016|Fosfor (P)|7 mg
ER016|Besi (Fe)|3.4 mg
ER016|Natrium (Na)|7 mg
ER016|Kalium (K)|495.0 mg
ER016|Tembaga (Cu)|0.30 mg
ER016|Seng (Zn)|0.7 mg
ER016|Thiamin (Vit. B1)|0.12 mg
ER016|Riboflavin (Vit. B2)|0.00 mg
ER016|Vitamin C (Vit. C)|5 mg
ER017|Air (Water)|71.3 g
ER017|Energi (Energy)|113 Kal
ER017|Protein (Protein)|0.8 g
ER017|Lemak (Fat)|0.3 g
ER017|Karbohidrat (CHO)|26.8 g
ER017|Serat (Fibre)|7.7 g
ER017|Abu (ASH)|0.8 g
ER017|Kalsium (Ca)|108 mg
ER017|Fosfor (P)|52 mg
ER017|Besi (Fe)|1.2 mg
ER017|Natrium (Na)|2 mg
ER017|Kalium (K)|219.0 mg
ER017|Tembaga (Cu)|0.30 mg
ER017|Seng (Zn)|0.9 mg
ER017|Beta-Karoten (Carotenes)|17 mcg
ER017|Thiamin (Vit. B1)|0.06 mg
ER017|Riboflavin (Vit. B2)|0.01 mg
ER017|Vitamin C (Vit. C)|20 mg
ER018|Air (Water)|93.0 g
ER018|Energi (Energy)|29 Kal
ER018|Protein (Protein)|2.1 g
ER018|Lemak (Fat)|0.7 g
ER018|Karbohidrat (CHO)|3.6 g
ER018|Serat (Fibre)|2.6 g
ER018|Abu (ASH)|0.3 g
ER018|Kalsium (Ca)|6 mg
ER018|Fosfor (P)|7 mg
ER018|Besi (Fe)|0.0 mg
ER018|Natrium (Na)|36 mg
ER018|Kalium (K)|45.0 mg
ER018|Tembaga (Cu)|0.00 mg
ER018|Seng (Zn)|0.1 mg
ER018|Beta-Karoten (Carotenes)|7 mcg
ER018|Thiamin (Vit. B1)|0.06 mg
ER018|Riboflavin (Vit. B2)|0.01 mg
ER018|Vitamin C (Vit. C)|10 mg
ER019|Air (Water)|82.5 g
ER019|Energi (Energy)|67 Kal
ER019|Protein (Protein)|0.4 g
ER019|Lemak (Fat)|0.2 g
ER019|Karbohidrat (CHO)|15.9 g
ER019|Abu (ASH)|1.0 g
ER019|Kalsium (Ca)|12 mg
ER019|Fosfor (P)|139 mg
ER019|Besi (Fe)|0.5 mg
ER019|Natrium (Na)|2 mg
ER019|Kalium (K)|0.0 mg
ER019|Tembaga (Cu)|0.20 mg
ER019|Seng (Zn)|0.5 mg
ER019|Thiamin (Vit. B1)|0.04 mg
ER019|Riboflavin (Vit. B2)|0.01 mg
ER019|Vitamin C (Vit. C)|5 mg
ER020|Air (Water)|93.4 g
ER020|Energi (Energy)|24 Kal
ER020|Protein (Protein)|1.9 g
ER020|Lemak (Fat)|0.2 g
ER020|Karbohidrat (CHO)|3.7 g
ER020|Serat (Fibre)|1.0 g
ER020|Abu (ASH)|0.9 g
ER020|Kalsium (Ca)|51 mg
ER020|Fosfor (P)|33 mg
ER020|Besi (Fe)|1.8 mg
ER020|Retinol (Vit. A)|0 mcg
ER020|Beta-Karoten (Carotenes)|0 mcg
ER020|Karoten Total (Re)|1,000 mcg
ER020|Thiamin (Vit. B1)|0.32 mg
ER020|Riboflavin (Vit. B2)|0.07 mg
ER020|Niasin (Niacin)|0.0 mg
ER020|Vitamin C (Vit. C)|85 mg
ER021|Air (Water)|67.0 g
ER021|Energi (Energy)|116 Kal
ER021|Protein (Protein)|3.0 g
ER021|Lemak (Fat)|0.4 g
ER021|Karbohidrat (CHO)|28.6 g
ER021|Serat (Fibre)|3.4 g
ER021|Abu (ASH)|1.0 g
ER021|Kalsium (Ca)|20 mg
ER021|Fosfor (P)|30 mg
ER021|Besi (Fe)|1.5 mg
ER021|Natrium (Na)|25 mg
ER021|Kalium (K)|243.7 mg
ER021|Beta-Karoten (Carotenes)|79 mcg
ER021|Karoten Total (Re)|200 mcg
ER021|Thiamin (Vit. B1)|0.00 mg
ER021|Niasin (Niacin)|0.5 mg
ER021|Vitamin C (Vit. C)|15 mg
ER022|Air (Water)|82.0 g
ER022|Energi (Energy)|63 Kal
ER022|Protein (Protein)|1.0 g
ER022|Lemak (Fat)|0.2 g
ER022|Karbohidrat (CHO)|16.1 g
ER022|Serat (Fibre)|4.3 g
ER022|Abu (ASH)|0.7 g
ER022|Kalsium (Ca)|18 mg
ER022|Fosfor (P)|9 mg
ER022|Besi (Fe)|0.9 mg
ER022|Natrium (Na)|2 mg
ER022|Kalium (K)|149.0 mg
ER022|Tembaga (Cu)|0.09 mg
ER022|Seng (Zn)|0.2 mg
ER022|Beta-Karoten (Carotenes)|0 mcg
ER022|Karoten Total (Re)|0 mcg
ER022|Thiamin (Vit. B1)|0.05 mg
ER022|Riboflavin (Vit. B2)|0.15 mg
ER022|Niasin (Niacin)|1.5 mg
ER022|Vitamin C (Vit. C)|9 mg
ER023|Air (Water)|65.0 g
ER023|Energi (Energy)|134 Kal
ER023|Protein (Protein)|2.5 g
ER023|Lemak (Fat)|3.0 g
ER023|Karbohidrat (CHO)|28.0 g
ER023|Serat (Fibre)|3.5 g
ER023|Abu (ASH)|8.0 g
ER023|Kalsium (Ca)|7 mg
ER023|Fosfor (P)|44 mg
ER023|Besi (Fe)|1.3 mg
ER023|Natrium (Na)|1 mg
ER023|Kalium (K)|601.0 mg
ER023|Tembaga (Cu)|0.12 mg
ER023|Seng (Zn)|0.3 mg
ER023|Beta-Karoten (Carotenes)|146 mcg
ER023|Karoten Total (Re)|175 mcg
ER023|Thiamin (Vit. B1)|0.10 mg
ER023|Riboflavin (Vit. B2)|0.19 mg
ER023|Niasin (Niacin)|136.5 mg
ER023|Vitamin C (Vit. C)|53 mg
ER024|Air (Water)|80.2 g
ER024|Energi (Energy)|80 Kal
ER024|Protein (Protein)|0.5 g
ER024|Lemak (Fat)|0.6 g
ER024|Karbohidrat (CHO)|18.2 g
ER024|Serat (Fibre)|0.9 g
ER024|Abu (ASH)|0.5 g
ER024|Kalsium (Ca)|33 mg
ER024|Fosfor (P)|138 mg
ER024|Besi (Fe)|1.3 mg
ER024|Natrium (Na)|16 mg
ER024|Kalium (K)|92.7 mg
ER024|Tembaga (Cu)|191.28 mg
ER024|Seng (Zn)|0.3 mg
ER024|Retinol (Vit. A)|0 mcg
ER024|Beta-Karoten (Carotenes)|329 mcg
ER024|Karoten Total (Re)|0 mcg
ER024|Thiamin (Vit. B1)|0.02 mg
ER024|Riboflavin (Vit. B2)|0.01 mg
ER024|Niasin (Niacin)|2.5 mg
ER024|Vitamin C (Vit. C)|130 mg
ER025|Air (Water)|72.5 g
ER025|Energi (Energy)|98 Kal
ER025|Protein (Protein)|1.4 g
ER025|Lemak (Fat)|0.2 g
ER025|Karbohidrat (CHO)|25.4 g
ER025|Serat (Fibre)|1.9 g
ER025|Abu (ASH)|0.5 g
ER025|Kalsium (Ca)|21 mg
ER025|Fosfor (P)|15 mg
ER025|Besi (Fe)|0.5 mg
ER025|Natrium (Na)|3 mg
ER025|Kalium (K)|250.9 mg
ER025|Tembaga (Cu)|0.13 mg
ER025|Seng (Zn)|0.1 mg
ER025|Beta-Karoten (Carotenes)|2,533 mcg
ER025|Karoten Total (Re)|1,218 mcg
ER025|Thiamin (Vit. B1)|0.03 mg
ER025|Riboflavin (Vit. B2)|0.09 mg
ER025|Niasin (Niacin)|0.7 mg
ER025|Vitamin C (Vit. C)|56 mg
ER026|Air (Water)|73.0 g
ER026|Energi (Energy)|122 Kal
ER026|Protein (Protein)|3.5 g
ER026|Lemak (Fat)|4.5 g
ER026|Karbohidrat (CHO)|17.5 g
ER026|Serat (Fibre)|9.3 g
ER026|Abu (ASH)|1.5 g
ER026|Kalsium (Ca)|63 mg
ER026|Fosfor (P)|69 mg
ER026|Besi (Fe)|3.2 mg
ER026|Retinol (Vit. A)|0 mcg
ER026|Karoten Total (Re)|2,357 mcg
ER026|Thiamin (Vit. B1)|0.02 mg
ER026|Vitamin C (Vit. C)|0 mg
ER027|Air (Water)|80.0 g
ER027|Energi (Energy)|70 Kal
ER027|Protein (Protein)|0.6 g
ER027|Lemak (Fat)|0.0 g
ER027|Karbohidrat (CHO)|18.9 g
ER027|Serat (Fibre)|7.7 g
ER027|Abu (ASH)|0.5 g
ER027|Kalsium (Ca)|11 mg
ER027|Fosfor (P)|50 mg
ER027|Besi (Fe)|1.1 mg
ER027|Natrium (Na)|21 mg
ER027|Kalium (K)|257.1 mg
ER027|Tembaga (Cu)|0.06 mg
ER027|Seng (Zn)|0.1 mg
ER027|Beta-Karoten (Carotenes)|549 mcg
ER027|Karoten Total (Re)|10 mcg
ER027|Thiamin (Vit. B1)|0.00 mg
ER027|Riboflavin (Vit. B2)|0.10 mg
ER027|Niasin (Niacin)|1.1 mg
ER027|Vitamin C (Vit. C)|16 mg
ER028|Air (Water)|80.8 g
ER028|Energi (Energy)|68 Kal
ER028|Protein (Protein)|0.7 g
ER028|Lemak (Fat)|0.1 g
ER028|Karbohidrat (CHO)|18.0 g
ER028|Serat (Fibre)|2.2 g
ER028|Abu (ASH)|0.4 g
ER028|Kalsium (Ca)|9 mg
ER028|Fosfor (P)|20 mg
ER028|Besi (Fe)|1.0 mg
ER028|Natrium (Na)|3 mg
ER028|Kalium (K)|129.0 mg
ER028|Beta-Karoten (Carotenes)|329 mcg
ER028|Karoten Total (Re)|1,020 mcg
ER028|Thiamin (Vit. B1)|0.03 mg
ER028|Riboflavin (Vit. B2)|0.07 mg
ER028|Niasin (Niacin)|0.7 mg
ER028|Vitamin C (Vit. C)|111 mg
ER029|Air (Water)|52.7 g
ER029|Energi (Energy)|191 Kal
ER029|Protein (Protein)|4.5 g
ER029|Lemak (Fat)|1.5 g
ER029|Karbohidrat (CHO)|39.7 g
ER029|Serat (Fibre)|13.4 g
ER029|Abu (ASH)|1.6 g
ER029|Kalsium (Ca)|186 mg
ER029|Fosfor (P)|69 mg
ER029|Besi (Fe)|3.2 mg
ER029|Natrium (Na)|17 mg
ER029|Kalium (K)|403.3 mg
ER029|Tembaga (Cu)|0.69 mg
ER029|Seng (Zn)|1.3 mg
ER029|Beta-Karoten (Carotenes)|51 mcg
ER029|Thiamin (Vit. B1)|0.05 mg
ER029|Riboflavin (Vit. B2)|0.20 mg
ER029|Niasin (Niacin)|1.8 mg
ER030|Air (Water)|87.0 g
ER030|Energi (Energy)|46 Kal
ER030|Protein (Protein)|0.6 g
ER030|Lemak (Fat)|0.2 g
ER030|Karbohidrat (CHO)|11.8 g
ER030|Serat (Fibre)|2.1 g
ER030|Abu (ASH)|0.8 g
ER030|Kalsium (Ca)|8 mg
ER030|Fosfor (P)|9 mg
ER030|Besi (Fe)|1.1 mg
ER030|Natrium (Na)|11 mg
ER030|Kalium (K)|321.2 mg
ER030|Seng (Zn)|0.1 mg
ER030|Beta-Karoten (Carotenes)|92 mcg
ER030|Thiamin (Vit. B1)|0.02 mg
ER030|Riboflavin (Vit. B2)|0.38 mg
ER030|Niasin (Niacin)|4.6 mg
ER030|Vitamin C (Vit. C)|5 mg
ER031|Air (Water)|86.0 g
ER031|Energi (Energy)|49 Kal
ER031|Protein (Protein)|0.9 g
ER031|Lemak (Fat)|0.3 g
ER031|Karbohidrat (CHO)|12.2 g
ER031|Serat (Fibre)|2.4 g
ER031|Abu (ASH)|0.6 g
ER031|Kalsium (Ca)|14 mg
ER031|Fosfor (P)|28 mg
ER031|Besi (Fe)|1.1 mg
ER031|Natrium (Na)|10 mg
ER031|Kalium (K)|52.8 mg
ER031|Tembaga (Cu)|0.02 mg
ER031|Seng (Zn)|0.3 mg
ER031|Beta-Karoten (Carotenes)|27 mcg
ER031|Karoten Total (Re)|25 mcg
ER031|Thiamin (Vit. B1)|0.02 mg
ER031|Riboflavin (Vit. B2)|0.03 mg
ER031|Niasin (Niacin)|0.8 mg
ER031|Vitamin C (Vit. C)|87 mg
ER032|Air (Water)|82.8 g
ER032|Energi (Energy)|61 Kal
ER032|Protein (Protein)|0.9 g
ER032|Lemak (Fat)|0.3 g
ER032|Karbohidrat (CHO)|15.4 g
ER032|Serat (Fibre)|4.5 g
ER032|Abu (ASH)|0.6 g
ER032|Kalsium (Ca)|31 mg
ER032|Fosfor (P)|41 mg
ER032|Besi (Fe)|0.2 mg
ER032|Natrium (Na)|20 mg
ER032|Kalium (K)|103.0 mg
ER032|Tembaga (Cu)|0.04 mg
ER032|Seng (Zn)|0.5 mg
ER032|Beta-Karoten (Carotenes)|53 mcg
ER032|Karoten Total (Re)|18 mcg
ER032|Thiamin (Vit. B1)|1.02 mg
ER032|Riboflavin (Vit. B2)|0.06 mg
ER032|Niasin (Niacin)|1.3 mg
ER032|Vitamin C (Vit. C)|116 mg
ER033|Air (Water)|87.1 g
ER033|Energi (Energy)|49 Kal
ER033|Protein (Protein)|2.3 g
ER033|Lemak (Fat)|0.2 g
ER033|Karbohidrat (CHO)|9.6 g
ER033|Serat (Fibre)|3.5 g
ER033|Abu (ASH)|0.8 g
ER033|Kalsium (Ca)|8 mg
ER033|Fosfor (P)|8 mg
ER033|Besi (Fe)|0.3 mg
ER033|Natrium (Na)|1 mg
ER033|Kalium (K)|14.0 mg
ER033|Tembaga (Cu)|0.00 mg
ER033|Seng (Zn)|0.0 mg
ER033|Beta-Karoten (Carotenes)|92 mcg
ER033|Thiamin (Vit. B1)|0.13 mg
ER033|Riboflavin (Vit. B2)|0.01 mg
ER033|Niasin (Niacin)|0.5 mg
ER033|Vitamin C (Vit. C)|22 mg
ER034|Air (Water)|82.6 g
ER034|Energi (Energy)|64 Kal
ER034|Protein (Protein)|0.7 g
ER034|Lemak (Fat)|0.6 g
ER034|Karbohidrat (CHO)|15.8 g
ER034|Serat (Fibre)|1.2 g
ER034|Abu (ASH)|0.3 g
ER034|Kalsium (Ca)|4 mg
ER034|Fosfor (P)|13 mg
ER034|Besi (Fe)|0.5 mg
ER034|Natrium (Na)|12 mg
ER034|Kalium (K)|107.8 mg
ER034|Beta-Karoten (Carotenes)|1,604 mcg
ER034|Karoten Total (Re)|25 mcg
ER034|Thiamin (Vit. B1)|0.02 mg
ER034|Riboflavin (Vit. B2)|0.00 mg
ER034|Niasin (Niacin)|2.0 mg
ER034|Vitamin C (Vit. C)|197 mg
ER035|Air (Water)|86.3 g
ER035|Energi (Energy)|48 Kal
ER035|Protein (Protein)|0.6 g
ER035|Lemak (Fat)|0.2 g
ER035|Karbohidrat (CHO)|12.4 g
ER035|Serat (Fibre)|0.8 g
ER035|Abu (ASH)|0.5 g
ER035|Kalsium (Ca)|23 mg
ER035|Fosfor (P)|27 mg
ER035|Besi (Fe)|0.5 mg
ER035|Natrium (Na)|21 mg
ER035|Kalium (K)|366.1 mg
ER035|Tembaga (Cu)|171.25 mg
ER035|Seng (Zn)|0.1 mg
ER035|Beta-Karoten (Carotenes)|33 mcg
ER035|Karoten Total (Re)|20 mcg
ER035|Thiamin (Vit. B1)|0.04 mg
ER035|Riboflavin (Vit. B2)|0.00 mg
ER035|Niasin (Niacin)|0.4 mg
ER035|Vitamin C (Vit. C)|43 mg
ER036|Air (Water)|84.5 g
ER036|Energi (Energy)|61 Kal
ER036|Protein (Protein)|0.8 g
ER036|Lemak (Fat)|0.2 g
ER036|Karbohidrat (CHO)|14.1 g
ER036|Serat (Fibre)|5.4 g
ER036|Abu (ASH)|0.4 g
ER036|Kalsium (Ca)|9 mg
ER036|Fosfor (P)|13 mg
ER036|Besi (Fe)|0.2 mg
ER036|Natrium (Na)|3 mg
ER036|Kalium (K)|79.0 mg
ER036|Tembaga (Cu)|0.10 mg
ER036|Seng (Zn)|0.1 mg
ER036|Beta-Karoten (Carotenes)|9 mcg
ER036|Thiamin (Vit. B1)|0.12 mg
ER036|Riboflavin (Vit. B2)|0.03 mg
ER036|Niasin (Niacin)|0.3 mg
ER036|Vitamin C (Vit. C)|31 mg
ER037|Air (Water)|87.3 g
ER037|Energi (Energy)|44 Kal
ER037|Protein (Protein)|0.8 g
ER037|Lemak (Fat)|0.3 g
ER037|Karbohidrat (CHO)|10.9 g
ER037|Serat (Fibre)|1.6 g
ER037|Abu (ASH)|0.7 g
ER037|Kalsium (Ca)|33 mg
ER037|Fosfor (P)|23 mg
ER037|Besi (Fe)|0.4 mg
ER037|Natrium (Na)|5 mg
ER037|Kalium (K)|518.1 mg
ER037|Tembaga (Cu)|169.30 mg
ER037|Seng (Zn)|0.2 mg
ER037|Beta-Karoten (Carotenes)|0 mcg
ER037|Karoten Total (Re)|420 mcg
ER037|Thiamin (Vit. B1)|0.07 mg
ER037|Riboflavin (Vit. B2)|0.03 mg
ER037|Niasin (Niacin)|0.2 mg
ER037|Vitamin C (Vit. C)|31 mg
ER038|Air (Water)|90.2 g
ER038|Energi (Energy)|39 Kal
ER038|Protein (Protein)|0.3 g
ER038|Lemak (Fat)|0.3 g
ER038|Karbohidrat (CHO)|8.9 g
ER038|Serat (Fibre)|2.3 g
ER038|Abu (ASH)|0.4 g
ER038|Kalsium (Ca)|42 mg
ER038|Fosfor (P)|85 mg
ER038|Besi (Fe)|0.5 mg
ER038|Natrium (Na)|3 mg
ER038|Kalium (K)|82.0 mg
ER038|Tembaga (Cu)|0.30 mg
ER038|Seng (Zn)|0.1 mg
ER038|Beta-Karoten (Carotenes)|1 mcg
ER038|Karoten Total (Re)|0 mcg
ER038|Thiamin (Vit. B1)|0.02 mg
ER038|Riboflavin (Vit. B2)|0.10 mg
ER038|Niasin (Niacin)|0.0 mg
ER038|Vitamin C (Vit. C)|30 mg
ER039|Air (Water)|87.2 g
ER039|Energi (Energy)|45 Kal
ER039|Protein (Protein)|0.9 g
ER039|Lemak (Fat)|0.2 g
ER039|Karbohidrat (CHO)|11.2 g
ER039|Serat (Fibre)|1.4 g
ER039|Abu (ASH)|0.5 g
ER039|Kalsium (Ca)|33 mg
ER039|Fosfor (P)|23 mg
ER039|Besi (Fe)|0.4 mg
ER039|Natrium (Na)|4 mg
ER039|Kalium (K)|472.1 mg
ER039|Tembaga (Cu)|160.00 mg
ER039|Seng (Zn)|0.2 mg
ER039|Beta-Karoten (Carotenes)|0 mcg
ER039|Karoten Total (Re)|190 mcg
ER039|Thiamin (Vit. B1)|0.08 mg
ER039|Riboflavin (Vit. B2)|0.03 mg
ER039|Niasin (Niacin)|0.2 mg
ER039|Vitamin C (Vit. C)|49 mg
ER040|Air (Water)|88.9 g
ER040|Energi (Energy)|44 Kal
ER040|Protein (Protein)|0.5 g
ER040|Lemak (Fat)|0.2 g
ER040|Karbohidrat (CHO)|10.0 g
ER040|Serat (Fibre)|0.4 g
ER040|Abu (ASH)|0.4 g
ER040|Kalsium (Ca)|18 mg
ER040|Fosfor (P)|22 mg
ER040|Besi (Fe)|0.2 mg
ER040|Natrium (Na)|3 mg
ER040|Kalium (K)|108.9 mg
ER040|Tembaga (Cu)|0.06 mg
ER040|Seng (Zn)|0.1 mg
ER040|Beta-Karoten (Carotenes)|23 mcg
ER040|Karoten Total (Re)|4 mcg
ER040|Thiamin (Vit. B1)|0.01 mg
ER040|Riboflavin (Vit. B2)|0.03 mg
ER040|Niasin (Niacin)|0.2 mg
ER040|Vitamin C (Vit. C)|20 mg
ER041|Air (Water)|87.6 g
ER041|Energi (Energy)|49 Kal
ER041|Protein (Protein)|0.7 g
ER041|Lemak (Fat)|0.2 g
ER041|Karbohidrat (CHO)|11.1 g
ER041|Serat (Fibre)|0.5 g
ER041|Abu (ASH)|0.4 g
ER041|Kalsium (Ca)|36 mg
ER041|Fosfor (P)|67 mg
ER041|Besi (Fe)|0.7 mg
ER041|Natrium (Na)|4 mg
ER041|Kalium (K)|457.3 mg
ER041|Tembaga (Cu)|155.00 mg
ER041|Seng (Zn)|0.2 mg
ER041|Beta-Karoten (Carotenes)|0 mcg
ER041|Karoten Total (Re)|68 mcg
ER041|Thiamin (Vit. B1)|0.03 mg
ER041|Riboflavin (Vit. B2)|0.03 mg
ER041|Niasin (Niacin)|0.2 mg
ER041|Vitamin C (Vit. C)|30 mg
ER042|Air (Water)|71.8 g
ER042|Energi (Energy)|120 Kal
ER042|Protein (Protein)|3.5 g
ER042|Lemak (Fat)|2.5 g
ER042|Karbohidrat (CHO)|20.8 g
ER042|Serat (Fibre)|4.6 g
ER042|Abu (ASH)|1.4 g
ER042|Kalsium (Ca)|190 mg
ER042|Fosfor (P)|230 mg
ER042|Besi (Fe)|1.6 mg
ER042|Natrium (Na)|9 mg
ER042|Kalium (K)|1,015.6 mg
ER042|Tembaga (Cu)|308.43 mg
ER042|Seng (Zn)|0.4 mg
ER042|Beta-Karoten (Carotenes)|99 mcg
ER042|Thiamin (Vit. B1)|0.07 mg
ER042|Riboflavin (Vit. B2)|0.07 mg
ER042|Niasin (Niacin)|0.4 mg
ER042|Vitamin C (Vit. C)|3 mg
ER043|Air (Water)|88.0 g
ER043|Energi (Energy)|46 Kal
ER043|Protein (Protein)|1.0 g
ER043|Lemak (Fat)|0.1 g
ER043|Karbohidrat (CHO)|10.3 g
ER043|Serat (Fibre)|2.6 g
ER043|Abu (ASH)|0.6 g
ER043|Kalsium (Ca)|15 mg
ER043|Fosfor (P)|22 mg
ER043|Besi (Fe)|2.8 mg
ER043|Natrium (Na)|2 mg
ER043|Kalium (K)|216.2 mg
ER043|Tembaga (Cu)|0.03 mg
ER043|Seng (Zn)|0.1 mg
ER043|Beta-Karoten (Carotenes)|164 mcg
ER043|Karoten Total (Re)|233 mcg
ER043|Thiamin (Vit. B1)|0.08 mg
ER043|Riboflavin (Vit. B2)|0.23 mg
ER043|Niasin (Niacin)|0.3 mg
ER043|Vitamin C (Vit. C)|30 mg
ER044|Air (Water)|87.8 g
ER044|Energi (Energy)|47 Kal
ER044|Protein (Protein)|0.5 g
ER044|Lemak (Fat)|0.2 g
ER044|Karbohidrat (CHO)|10.4 g
ER044|Serat (Fibre)|2.7 g
ER044|Abu (ASH)|0.6 g
ER044|Kalsium (Ca)|7 mg
ER044|Fosfor (P)|58 mg
ER044|Besi (Fe)|0.8 mg
ER044|Natrium (Na)|2 mg
ER044|Kalium (K)|0.0 mg
ER044|Seng (Zn)|0.2 mg
ER044|Beta-Karoten (Carotenes)|167 mcg
ER044|Thiamin (Vit. B1)|0.07 mg
ER044|Riboflavin (Vit. B2)|0.04 mg
ER044|Niasin (Niacin)|0.4 mg
ER044|Vitamin C (Vit. C)|32 mg
ER045|Air (Water)|6.0 g
ER045|Energi (Energy)|623 Kal
ER045|Protein (Protein)|2.0 g
ER045|Lemak (Fat)|52.1 g
ER045|Karbohidrat (CHO)|36.5 g
ER045|Serat (Fibre)|15.3 g
ER045|Abu (ASH)|3.4 g
ER045|Kalsium (Ca)|120 mg
ER045|Fosfor (P)|280 mg
ER045|Besi (Fe)|3.8 mg
ER045|Natrium (Na)|100 mg
ER045|Kalium (K)|460.0 mg
ER045|Tembaga (Cu)|1.70 mg
ER045|Seng (Zn)|1.9 mg
ER045|Niasin (Niacin)|0.2 mg
ER046|Air (Water)|83.3 g
ER046|Energi (Energy)|68 Kal
ER046|Protein (Protein)|1.0 g
ER046|Lemak (Fat)|0.9 g
ER046|Karbohidrat (CHO)|14.0 g
ER046|Serat (Fibre)|0.0 g
ER046|Abu (ASH)|0.8 g
ER046|Kalsium (Ca)|7 mg
ER046|Fosfor (P)|30 mg
ER046|Besi (Fe)|1.0 mg
ER046|Natrium (Na)|18 mg
ER046|Kalium (K)|564.6 mg
ER046|Tembaga (Cu)|0.14 mg
ER046|Seng (Zn)|0.3 mg
ER046|Retinol (Vit. A)|0 mcg
ER046|Beta-Karoten (Carotenes)|0 mcg
ER046|Thiamin (Vit. B1)|0.06 mg
ER046|Riboflavin (Vit. B2)|0.02 mg
ER046|Niasin (Niacin)|0.6 mg
ER046|Vitamin C (Vit. C)|4 mg
ER047|Air (Water)|86.5 g
ER047|Energi (Energy)|48 Kal
ER047|Protein (Protein)|1.0 g
ER047|Lemak (Fat)|0.2 g
ER047|Karbohidrat (CHO)|11.9 g
ER047|Serat (Fibre)|1.7 g
ER047|Abu (ASH)|0.4 g
ER047|Kalsium (Ca)|10 mg
ER047|Fosfor (P)|24 mg
ER047|Besi (Fe)|0.1 mg
ER047|Natrium (Na)|2 mg
ER047|Kalium (K)|88.6 mg
ER047|Tembaga (Cu)|0.04 mg
ER047|Seng (Zn)|0.1 mg
ER047|Beta-Karoten (Carotenes)|318 mcg
ER047|Karoten Total (Re)|6 mcg
ER047|Thiamin (Vit. B1)|0.08 mg
ER047|Riboflavin (Vit. B2)|0.01 mg
ER047|Niasin (Niacin)|0.3 mg
ER047|Vitamin C (Vit. C)|58 mg
ER048|Air (Water)|78.2 g
ER048|Energi (Energy)|78 Kal
ER048|Protein (Protein)|0.8 g
ER048|Lemak (Fat)|0.4 g
ER048|Karbohidrat (CHO)|20.0 g
ER048|Serat (Fibre)|0.6 g
ER048|Abu (ASH)|0.6 g
ER048|Kalsium (Ca)|6 mg
ER048|Fosfor (P)|26 mg
ER048|Besi (Fe)|0.3 mg
ER048|Natrium (Na)|0 mg
ER048|Kalium (K)|34.5 mg
ER048|Tembaga (Cu)|0.13 mg
ER048|Seng (Zn)|0.1 mg
ER048|Beta-Karoten (Carotenes)|109 mcg
ER048|Karoten Total (Re)|2,710 mcg
ER048|Thiamin (Vit. B1)|0.05 mg
ER048|Riboflavin (Vit. B2)|0.00 mg
ER048|Niasin (Niacin)|0.1 mg
ER048|Vitamin C (Vit. C)|11 mg
ER049|Air (Water)|85.0 g
ER049|Energi (Energy)|86 Kal
ER049|Protein (Protein)|1.6 g
ER049|Lemak (Fat)|0.2 g
ER049|Karbohidrat (CHO)|13.0 g
ER049|Serat (Fibre)|1.4 g
ER049|Abu (ASH)|0.2 g
ER049|Kalsium (Ca)|22 mg
ER049|Fosfor (P)|38 mg
ER049|Besi (Fe)|1.3 mg
ER049|Natrium (Na)|2 mg
ER049|Kalium (K)|118.3 mg
ER049|Tembaga (Cu)|0.08 mg
ER049|Seng (Zn)|0.2 mg
ER049|Beta-Karoten (Carotenes)|0 mcg
ER049|Karoten Total (Re)|20 mcg
ER049|Thiamin (Vit. B1)|0.04 mg
ER049|Riboflavin (Vit. B2)|0.04 mg
ER049|Niasin (Niacin)|1.5 mg
ER049|Vitamin C (Vit. C)|3 mg
ER050|Air (Water)|20.1 g
ER050|Energi (Energy)|315 Kal
ER050|Protein (Protein)|2.1 g
ER050|Lemak (Fat)|1.4 g
ER050|Karbohidrat (CHO)|73.5 g
ER050|Serat (Fibre)|3.6 g
ER050|Abu (ASH)|2.9 g
ER050|Kalsium (Ca)|160 mg
ER050|Fosfor (P)|120 mg
ER050|Besi (Fe)|3.7 mg
ER050|Thiamin (Vit. B1)|0.02 mg
ER051|Air (Water)|84.1 g
ER051|Energi (Energy)|56 Kal
ER051|Protein (Protein)|0.9 g
ER051|Lemak (Fat)|0.2 g
ER051|Karbohidrat (CHO)|14.3 g
ER051|Serat (Fibre)|1.4 g
ER051|Abu (ASH)|0.5 g
ER051|Kalsium (Ca)|17 mg
ER051|Fosfor (P)|24 mg
ER051|Besi (Fe)|1.1 mg
ER051|Natrium (Na)|1 mg
ER051|Kalium (K)|232.0 mg
ER051|Tembaga (Cu)|0.09 mg
ER051|Seng (Zn)|0.2 mg
ER051|Karoten Total (Re)|0 mcg
ER051|Thiamin (Vit. B1)|0.07 mg
ER051|Riboflavin (Vit. B2)|0.00 mg
ER051|Niasin (Niacin)|0.8 mg
ER051|Vitamin C (Vit. C)|9 mg
ER052|Air (Water)|92.2 g
ER052|Energi (Energy)|34 Kal
ER052|Protein (Protein)|0.5 g
ER052|Lemak (Fat)|0.8 g
ER052|Karbohidrat (CHO)|6.2 g
ER052|Serat (Fibre)|0.1 g
ER052|Abu (ASH)|0.3 g
ER052|Kalsium (Ca)|23 mg
ER052|Fosfor (P)|20 mg
ER052|Besi (Fe)|0.3 mg
ER052|Natrium (Na)|31 mg
ER052|Kalium (K)|140.0 mg
ER052|Tembaga (Cu)|0.10 mg
ER052|Seng (Zn)|0.2 mg
ER052|Beta-Karoten (Carotenes)|0 mcg
ER052|Thiamin (Vit. B1)|0.09 mg
ER052|Riboflavin (Vit. B2)|0.12 mg
ER052|Niasin (Niacin)|0.3 mg
ER052|Vitamin C (Vit. C)|50 mg
ER053|Air (Water)|93.0 g
ER053|Energi (Energy)|27 Kal
ER053|Protein (Protein)|0.4 g
ER053|Lemak (Fat)|0.2 g
ER053|Karbohidrat (CHO)|6.0 g
ER053|Serat (Fibre)|1.6 g
ER053|Abu (ASH)|0.4 g
ER053|Kalsium (Ca)|91 mg
ER053|Fosfor (P)|243 mg
ER053|Besi (Fe)|0.5 mg
ER053|Thiamin (Vit. B1)|0.03 mg
ER054|Air (Water)|86.6 g
ER054|Energi (Energy)|52 Kal
ER054|Protein (Protein)|0.7 g
ER054|Lemak (Fat)|0.0 g
ER054|Karbohidrat (CHO)|12.3 g
ER054|Serat (Fibre)|1.6 g
ER054|Abu (ASH)|0.2 g
ER054|Kalsium (Ca)|20 mg
ER054|Fosfor (P)|16 mg
ER054|Besi (Fe)|1.0 mg
ER054|Natrium (Na)|3 mg
ER054|Kalium (K)|140.0 mg
ER054|Tembaga (Cu)|0.33 mg
ER054|Seng (Zn)|0.0 mg
ER054|Beta-Karoten (Carotenes)|316 mcg
ER054|Thiamin (Vit. B1)|0.03 mg
ER054|Riboflavin (Vit. B2)|0.01 mg
ER054|Niasin (Niacin)|0.3 mg
ER054|Vitamin C (Vit. C)|12 mg
ER055|Air (Water)|84.4 g
ER055|Energi (Energy)|63 Kal
ER055|Protein (Protein)|2.4 g
ER055|Lemak (Fat)|0.4 g
ER055|Karbohidrat (CHO)|12.4 g
ER055|Serat (Fibre)|5.8 g
ER055|Abu (ASH)|0.4 g
ER055|Kalsium (Ca)|9 mg
ER055|Fosfor (P)|13 mg
ER055|Besi (Fe)|0.2 mg
ER055|Natrium (Na)|3 mg
ER055|Kalium (K)|79.0 mg
ER055|Tembaga (Cu)|0.10 mg
ER055|Seng (Zn)|0.1 mg
ER055|Beta-Karoten (Carotenes)|10 mcg
ER055|Thiamin (Vit. B1)|0.18 mg
ER055|Riboflavin (Vit. B2)|0.01 mg
ER055|Niasin (Niacin)|0.4 mg
ER055|Vitamin C (Vit. C)|43 mg
ER056|Air (Water)|87.4 g
ER056|Energi (Energy)|44 Kal
ER056|Protein (Protein)|0.7 g
ER056|Lemak (Fat)|0.2 g
ER056|Karbohidrat (CHO)|11.2 g
ER056|Serat (Fibre)|1.6 g
ER056|Abu (ASH)|0.5 g
ER056|Kalsium (Ca)|13 mg
ER056|Fosfor (P)|10 mg
ER056|Besi (Fe)|0.2 mg
ER056|Natrium (Na)|2 mg
ER056|Kalium (K)|83.6 mg
ER056|Tembaga (Cu)|0.04 mg
ER056|Seng (Zn)|0.1 mg
ER056|Beta-Karoten (Carotenes)|113 mcg
ER056|Karoten Total (Re)|16,400 mcg
ER056|Thiamin (Vit. B1)|0.08 mg
ER056|Riboflavin (Vit. B2)|0.01 mg
ER056|Niasin (Niacin)|0.3 mg
ER056|Vitamin C (Vit. C)|30 mg
ER057|Air (Water)|82.2 g
ER057|Energi (Energy)|63 Kal
ER057|Protein (Protein)|0.5 g
ER057|Lemak (Fat)|0.2 g
ER057|Karbohidrat (CHO)|16.7 g
ER057|Serat (Fibre)|2.3 g
ER057|Abu (ASH)|0.4 g
ER057|Kalsium (Ca)|14 mg
ER057|Fosfor (P)|10 mg
ER057|Besi (Fe)|0.7 mg
ER057|Natrium (Na)|3 mg
ER057|Kalium (K)|118.1 mg
ER057|Tembaga (Cu)|0.05 mg
ER057|Seng (Zn)|0.1 mg
ER057|Beta-Karoten (Carotenes)|160 mcg
ER057|Karoten Total (Re)|3,715 mcg
ER057|Thiamin (Vit. B1)|0.08 mg
ER057|Riboflavin (Vit. B2)|0.02 mg
ER057|Niasin (Niacin)|0.4 mg
ER057|Vitamin C (Vit. C)|65 mg
ER058|Air (Water)|86.6 g
ER058|Energi (Energy)|46 Kal
ER058|Protein (Protein)|0.4 g
ER058|Lemak (Fat)|0.2 g
ER058|Karbohidrat (CHO)|11.9 g
ER058|Serat (Fibre)|1.7 g
ER058|Abu (ASH)|0.8 g
ER058|Kalsium (Ca)|15 mg
ER058|Fosfor (P)|9 mg
ER058|Besi (Fe)|0.2 mg
ER058|Natrium (Na)|2 mg
ER058|Kalium (K)|88.9 mg
ER058|Tembaga (Cu)|0.04 mg
ER058|Seng (Zn)|0.1 mg
ER058|Beta-Karoten (Carotenes)|120 mcg
ER058|Karoten Total (Re)|1,200 mcg
ER058|Thiamin (Vit. B1)|0.08 mg
ER058|Riboflavin (Vit. B2)|0.01 mg
ER058|Niasin (Niacin)|0.3 mg
ER058|Vitamin C (Vit. C)|6 mg
ER059|Air (Water)|80.2 g
ER059|Energi (Energy)|72 Kal
ER059|Protein (Protein)|0.8 g
ER059|Lemak (Fat)|0.2 g
ER059|Karbohidrat (CHO)|18.7 g
ER059|Serat (Fibre)|2.5 g
ER059|Abu (ASH)|0.1 g
ER059|Kalsium (Ca)|13 mg
ER059|Fosfor (P)|10 mg
ER059|Besi (Fe)|1.9 mg
ER059|Natrium (Na)|3 mg
ER059|Kalium (K)|131.4 mg
ER059|Tembaga (Cu)|0.06 mg
ER059|Seng (Zn)|0.1 mg
ER059|Beta-Karoten (Carotenes)|178 mcg
ER059|Karoten Total (Re)|2,900 mcg
ER059|Thiamin (Vit. B1)|0.06 mg
ER059|Riboflavin (Vit. B2)|0.02 mg
ER059|Niasin (Niacin)|0.5 mg
ER059|Vitamin C (Vit. C)|16 mg
ER060|Air (Water)|84.5 g
ER060|Energi (Energy)|56 Kal
ER060|Protein (Protein)|0.4 g
ER060|Lemak (Fat)|0.2 g
ER060|Karbohidrat (CHO)|14.6 g
ER060|Serat (Fibre)|2.0 g
ER060|Abu (ASH)|0.3 g
ER060|Kalsium (Ca)|16 mg
ER060|Fosfor (P)|10 mg
ER060|Besi (Fe)|1.7 mg
ER060|Natrium (Na)|2 mg
ER060|Kalium (K)|102.9 mg
ER060|Tembaga (Cu)|0.04 mg
ER060|Seng (Zn)|0.1 mg
ER060|Beta-Karoten (Carotenes)|139 mcg
ER060|Karoten Total (Re)|6,520 mcg
ER060|Thiamin (Vit. B1)|0.03 mg
ER060|Riboflavin (Vit. B2)|0.01 mg
ER060|Niasin (Niacin)|0.4 mg
ER060|Vitamin C (Vit. C)|27 mg
ER061|Air (Water)|78.6 g
ER061|Energi (Energy)|86 Kal
ER061|Protein (Protein)|0.7 g
ER061|Lemak (Fat)|0.5 g
ER061|Karbohidrat (CHO)|19.8 g
ER061|Serat (Fibre)|6.5 g
ER061|Abu (ASH)|0.4 g
ER061|Kalsium (Ca)|11 mg
ER061|Fosfor (P)|11 mg
ER061|Besi (Fe)|0.2 mg
ER061|Natrium (Na)|1 mg
ER061|Kalium (K)|16.0 mg
ER061|Tembaga (Cu)|0.10 mg
ER061|Seng (Zn)|0.1 mg
ER061|Beta-Karoten (Carotenes)|932 mcg
ER061|Thiamin (Vit. B1)|0.15 mg
ER061|Riboflavin (Vit. B2)|0.02 mg
ER061|Niasin (Niacin)|0.5 mg
ER061|Vitamin C (Vit. C)|18 mg
ER062|Air (Water)|66.5 g
ER062|Energi (Energy)|133 Kal
ER062|Protein (Protein)|1.0 g
ER062|Lemak (Fat)|0.1 g
ER062|Karbohidrat (CHO)|32.1 g
ER062|Serat (Fibre)|11.8 g
ER062|Abu (ASH)|0.3 g
ER062|Kalsium (Ca)|20 mg
ER062|Fosfor (P)|23 mg
ER062|Besi (Fe)|1.0 mg
ER062|Natrium (Na)|70 mg
ER062|Kalium (K)|161.0 mg
ER062|Tembaga (Cu)|0.00 mg
ER062|Seng (Zn)|0.0 mg
ER062|Retinol (Vit. A)|0 mcg
ER062|Beta-Karoten (Carotenes)|4 mcg
ER062|Thiamin (Vit. B1)|0.07 mg
ER062|Riboflavin (Vit. B2)|0.00 mg
ER062|Niasin (Niacin)|0.6 mg
ER062|Vitamin C (Vit. C)|61 mg
ER063|Air (Water)|83.7 g
ER063|Energi (Energy)|59 Kal
ER063|Protein (Protein)|0.5 g
ER063|Lemak (Fat)|0.4 g
ER063|Karbohidrat (CHO)|15.1 g
ER063|Abu (ASH)|0.3 g
ER063|Kalsium (Ca)|12 mg
ER063|Fosfor (P)|11 mg
ER063|Besi (Fe)|0.4 mg
ER063|Natrium (Na)|2 mg
ER063|Kalium (K)|108.2 mg
ER063|Tembaga (Cu)|0.05 mg
ER063|Seng (Zn)|0.1 mg
ER063|Beta-Karoten (Carotenes)|146 mcg
ER063|Karoten Total (Re)|85 mcg
ER063|Thiamin (Vit. B1)|0.06 mg
ER063|Riboflavin (Vit. B2)|0.02 mg
ER063|Niasin (Niacin)|0.4 mg
ER063|Vitamin C (Vit. C)|2 mg
ER064|Air (Water)|83.0 g
ER064|Energi (Energy)|63 Kal
ER064|Protein (Protein)|0.6 g
ER064|Lemak (Fat)|0.6 g
ER064|Karbohidrat (CHO)|15.6 g
ER064|Serat (Fibre)|1.5 g
ER064|Abu (ASH)|0.2 g
ER064|Kalsium (Ca)|8 mg
ER064|Fosfor (P)|12 mg
ER064|Besi (Fe)|0.8 mg
ER064|Natrium (Na)|10 mg
ER064|Kalium (K)|61.9 mg
ER064|Tembaga (Cu)|0.10 mg
ER064|Seng (Zn)|0.1 mg
ER064|Beta-Karoten (Carotenes)|0 mcg
ER064|Karoten Total (Re)|0 mcg
ER064|Thiamin (Vit. B1)|0.03 mg
ER064|Riboflavin (Vit. B2)|0.03 mg
ER064|Niasin (Niacin)|0.3 mg
ER064|Vitamin C (Vit. C)|5 mg
ER065|Air (Water)|64.7 g
ER065|Energi (Energy)|144 Kal
ER065|Protein (Protein)|3.5 g
ER065|Lemak (Fat)|1.2 g
ER065|Karbohidrat (CHO)|29.8 g
ER065|Serat (Fibre)|11.4 g
ER065|Abu (ASH)|0.8 g
ER065|Kalsium (Ca)|27 mg
ER065|Fosfor (P)|203 mg
ER065|Besi (Fe)|1.4 mg
ER065|Natrium (Na)|37 mg
ER065|Kalium (K)|453.8 mg
ER065|Tembaga (Cu)|0.11 mg
ER065|Seng (Zn)|0.1 mg
ER065|Retinol (Vit. A)|0 mcg
ER065|Beta-Karoten (Carotenes)|969 mcg
ER065|Karoten Total (Re)|691 mcg
ER065|Thiamin (Vit. B1)|0.02 mg
ER065|Riboflavin (Vit. B2)|0.17 mg
ER065|Niasin (Niacin)|2.0 mg
ER065|Vitamin C (Vit. C)|10 mg
ER066|Air (Water)|76.5 g
ER066|Energi (Energy)|90 Kal
ER066|Protein (Protein)|1.2 g
ER066|Lemak (Fat)|0.1 g
ER066|Karbohidrat (CHO)|21.1 g
ER066|Serat (Fibre)|0.5 g
ER066|Abu (ASH)|1.1 g
ER066|Kalsium (Ca)|20 mg
ER066|Fosfor (P)|40 mg
ER066|Besi (Fe)|0.6 mg
ER066|Natrium (Na)|10 mg
ER066|Kalium (K)|190.0 mg
ER066|Tembaga (Cu)|0.30 mg
ER066|Seng (Zn)|0.6 mg
ER066|Beta-Karoten (Carotenes)|2 mcg
ER066|Thiamin (Vit. B1)|0.18 mg
ER066|Riboflavin (Vit. B2)|0.09 mg
ER066|Niasin (Niacin)|0.5 mg
ER066|Vitamin C (Vit. C)|54 mg
ER067|Air (Water)|90.8 g
ER067|Energi (Energy)|37 Kal
ER067|Protein (Protein)|0.6 g
ER067|Lemak (Fat)|0.4 g
ER067|Karbohidrat (CHO)|7.8 g
ER067|Serat (Fibre)|1.0 g
ER067|Abu (ASH)|0.5 g
ER067|Kalsium (Ca)|12 mg
ER067|Fosfor (P)|14 mg
ER067|Besi (Fe)|0.4 mg
ER067|Natrium (Na)|27 mg
ER067|Kalium (K)|167.0 mg
ER067|Tembaga (Cu)|0.30 mg
ER067|Seng (Zn)|0.1 mg
ER067|Beta-Karoten (Carotenes)|1 mcg
ER067|Karoten Total (Re)|0 mcg
ER067|Thiamin (Vit. B1)|0.02 mg
ER067|Riboflavin (Vit. B2)|0.10 mg
ER067|Niasin (Niacin)|0.0 mg
ER067|Vitamin C (Vit. C)|0 mg
ER068|Air (Water)|79.0 g
ER068|Energi (Energy)|65 Kal
ER068|Protein (Protein)|1.7 g
ER068|Lemak (Fat)|0.3 g
ER068|Karbohidrat (CHO)|16.1 g
ER068|Abu (ASH)|2.9 g
ER068|Kalsium (Ca)|13 mg
ER068|Fosfor (P)|20 mg
ER068|Besi (Fe)|0.8 mg
ER068|Karoten Total (Re)|0 mcg
ER068|Thiamin (Vit. B1)|0.00 mg
ER069|Air (Water)|85.5 g
ER069|Energi (Energy)|58 Kal
ER069|Protein (Protein)|0.7 g
ER069|Lemak (Fat)|0.2 g
ER069|Karbohidrat (CHO)|13.3 g
ER069|Serat (Fibre)|1.6 g
ER069|Abu (ASH)|0.3 g
ER069|Kalsium (Ca)|29 mg
ER069|Fosfor (P)|15 mg
ER069|Besi (Fe)|0.6 mg
ER069|Natrium (Na)|7 mg
ER069|Kalium (K)|117.0 mg
ER069|Tembaga (Cu)|0.03 mg
ER069|Seng (Zn)|0.1 mg
ER069|Beta-Karoten (Carotenes)|17 mcg
ER069|Thiamin (Vit. B1)|0.26 mg
ER069|Riboflavin (Vit. B2)|0.03 mg
ER069|Niasin (Niacin)|0.2 mg
ER069|Vitamin C (Vit. C)|11 mg
ER070|Air (Water)|88.9 g
ER070|Energi (Energy)|40 Kal
ER070|Protein (Protein)|0.6 g
ER070|Lemak (Fat)|0.3 g
ER070|Karbohidrat (CHO)|9.9 g
ER070|Serat (Fibre)|0.6 g
ER070|Abu (ASH)|0.3 g
ER070|Kalsium (Ca)|22 mg
ER070|Fosfor (P)|14 mg
ER070|Besi (Fe)|0.9 mg
ER070|Natrium (Na)|18 mg
ER070|Kalium (K)|111.0 mg
ER070|Tembaga (Cu)|0.03 mg
ER070|Seng (Zn)|0.1 mg
ER070|Retinol (Vit. A)|0 mcg
ER070|Beta-Karoten (Carotenes)|17 mcg
ER070|Karoten Total (Re)|90 mcg
ER070|Thiamin (Vit. B1)|0.02 mg
ER070|Riboflavin (Vit. B2)|0.04 mg
ER070|Niasin (Niacin)|0.2 mg
ER070|Vitamin C (Vit. C)|22 mg
ER071|Air (Water)|70.0 g
ER071|Energi (Energy)|106 Kal
ER071|Protein (Protein)|1.2 g
ER071|Lemak (Fat)|0.3 g
ER071|Karbohidrat (CHO)|27.6 g
ER071|Serat (Fibre)|3.7 g
ER071|Abu (ASH)|2.7 g
ER071|Kalsium (Ca)|20 mg
ER071|Fosfor (P)|19 mg
ER071|Besi (Fe)|0.9 mg
ER071|Natrium (Na)|2 mg
ER071|Kalium (K)|407.0 mg
ER071|Tembaga (Cu)|246.58 mg
ER071|Seng (Zn)|1.4 mg
ER071|Beta-Karoten (Carotenes)|149 mcg
ER071|Karoten Total (Re)|330 mcg
ER071|Thiamin (Vit. B1)|0.07 mg
ER071|Riboflavin (Vit. B2)|0.10 mg
ER071|Niasin (Niacin)|1.0 mg
ER071|Vitamin C (Vit. C)|7 mg
ER072|Air (Water)|88.1 g
ER072|Energi (Energy)|42 Kal
ER072|Protein (Protein)|0.3 g
ER072|Lemak (Fat)|0.2 g
ER072|Karbohidrat (CHO)|10.9 g
ER072|Serat (Fibre)|0.5 g
ER072|Abu (ASH)|0.5 g
ER072|Kalsium (Ca)|32 mg
ER072|Fosfor (P)|24 mg
ER072|Besi (Fe)|1.5 mg
ER072|Karoten Total (Re)|29 mcg
ER072|Vitamin C (Vit. C)|22 mg
ER073|Air (Water)|86.7 g
ER073|Energi (Energy)|46 Kal
ER073|Protein (Protein)|0.5 g
ER073|Lemak (Fat)|0.1 g
ER073|Karbohidrat (CHO)|12.2 g
ER073|Serat (Fibre)|1.6 g
ER073|Abu (ASH)|0.6 g
ER073|Kalsium (Ca)|23 mg
ER073|Fosfor (P)|12 mg
ER073|Besi (Fe)|1.7 mg
ER073|Natrium (Na)|4 mg
ER073|Kalium (K)|221.0 mg
ER073|Tembaga (Cu)|0.02 mg
ER073|Seng (Zn)|0.3 mg
ER073|Beta-Karoten (Carotenes)|1,038 mcg
ER073|Karoten Total (Re)|365 mcg
ER073|Thiamin (Vit. B1)|0.04 mg
ER073|Riboflavin (Vit. B2)|0.06 mg
ER073|Niasin (Niacin)|0.4 mg
ER073|Vitamin C (Vit. C)|78 mg
ER074|Air (Water)|72.9 g
ER074|Energi (Energy)|108 Kal
ER074|Protein (Protein)|1.0 g
ER074|Lemak (Fat)|0.8 g
ER074|Karbohidrat (CHO)|24.3 g
ER074|Serat (Fibre)|1.9 g
ER074|Abu (ASH)|1.0 g
ER074|Kalsium (Ca)|20 mg
ER074|Fosfor (P)|30 mg
ER074|Besi (Fe)|0.2 mg
ER074|Natrium (Na)|10 mg
ER074|Kalium (K)|0.0 mg
ER074|Tembaga (Cu)|0.20 mg
ER074|Seng (Zn)|0.2 mg
ER074|Beta-Karoten (Carotenes)|37 mcg
ER074|Thiamin (Vit. B1)|0.05 mg
ER074|Riboflavin (Vit. B2)|0.11 mg
ER074|Niasin (Niacin)|0.1 mg
ER074|Vitamin C (Vit. C)|9 mg
ER075|Air (Water)|80.3 g
ER075|Energi (Energy)|68 Kal
ER075|Protein (Protein)|1.3 g
ER075|Lemak (Fat)|0.2 g
ER075|Karbohidrat (CHO)|17.2 g
ER075|Serat (Fibre)|0.8 g
ER075|Abu (ASH)|1.0 g
ER075|Kalsium (Ca)|10 mg
ER075|Fosfor (P)|26 mg
ER075|Besi (Fe)|0.6 mg
ER075|Natrium (Na)|23 mg
ER075|Kalium (K)|215.7 mg
ER075|Tembaga (Cu)|0.04 mg
ER075|Seng (Zn)|0.0 mg
ER075|Beta-Karoten (Carotenes)|9 mcg
ER075|Karoten Total (Re)|76 mcg
ER075|Thiamin (Vit. B1)|0.08 mg
ER075|Riboflavin (Vit. B2)|0.05 mg
ER075|Niasin (Niacin)|2.5 mg
ER075|Vitamin C (Vit. C)|6 mg
ER076|Air (Water)|71.2 g
ER076|Energi (Energy)|120 Kal
ER076|Protein (Protein)|1.1 g
ER076|Lemak (Fat)|0.2 g
ER076|Karbohidrat (CHO)|26.8 g
ER076|Serat (Fibre)|4.1 g
ER076|Abu (ASH)|0.7 g
ER076|Kalsium (Ca)|20 mg
ER076|Fosfor (P)|61 mg
ER076|Besi (Fe)|0.4 mg
ER076|Natrium (Na)|6 mg
ER076|Kalium (K)|392.0 mg
ER076|Tembaga (Cu)|0.10 mg
ER076|Seng (Zn)|0.3 mg
ER076|Beta-Karoten (Carotenes)|24 mcg
ER076|Thiamin (Vit. B1)|0.10 mg
ER076|Riboflavin (Vit. B2)|0.02 mg
ER076|Niasin (Niacin)|1.0 mg
ER076|Vitamin C (Vit. C)|26 mg
ER077|Air (Water)|66.3 g
ER077|Energi (Energy)|131 Kal
ER077|Protein (Protein)|1.6 g
ER077|Lemak (Fat)|0.1 g
ER077|Karbohidrat (CHO)|31.1 g
ER077|Serat (Fibre)|11.7 g
ER077|Abu (ASH)|1.0 g
ER077|Kalsium (Ca)|58 mg
ER077|Fosfor (P)|40 mg
ER077|Besi (Fe)|0.3 mg
ER077|Natrium (Na)|6 mg
ER077|Kalium (K)|392.0 mg
ER077|Tembaga (Cu)|0.13 mg
ER077|Seng (Zn)|0.3 mg
ER077|Beta-Karoten (Carotenes)|13 mcg
ER077|Thiamin (Vit. B1)|0.18 mg
ER077|Riboflavin (Vit. B2)|0.02 mg
ER077|Niasin (Niacin)|0.3 mg
ER077|Vitamin C (Vit. C)|13 mg
ER078|Air (Water)|69.4 g
ER078|Energi (Energy)|119 Kal
ER078|Protein (Protein)|1.5 g
ER078|Lemak (Fat)|0.2 g
ER078|Karbohidrat (CHO)|27.9 g
ER078|Serat (Fibre)|4.6 g
ER078|Abu (ASH)|1.0 g
ER078|Kalsium (Ca)|2 mg
ER078|Fosfor (P)|30 mg
ER078|Besi (Fe)|0.2 mg
ER078|Natrium (Na)|36 mg
ER078|Kalium (K)|359.0 mg
ER078|Tembaga (Cu)|0.13 mg
ER078|Seng (Zn)|0.3 mg
ER078|Beta-Karoten (Carotenes)|11 mcg
ER078|Thiamin (Vit. B1)|0.15 mg
ER078|Riboflavin (Vit. B2)|0.02 mg
ER078|Niasin (Niacin)|1.1 mg
ER078|Vitamin C (Vit. C)|10 mg
ER079|Air (Water)|68.9 g
ER079|Energi (Energy)|121 Kal
ER079|Protein (Protein)|1.0 g
ER079|Lemak (Fat)|0.1 g
ER079|Karbohidrat (CHO)|28.9 g
ER079|Serat (Fibre)|0.4 g
ER079|Abu (ASH)|1.1 g
ER079|Kalsium (Ca)|9 mg
ER079|Fosfor (P)|37 mg
ER079|Besi (Fe)|0.9 mg
ER079|Natrium (Na)|31 mg
ER079|Kalium (K)|529.4 mg
ER079|Tembaga (Cu)|0.28 mg
ER079|Seng (Zn)|0.6 mg
ER079|Beta-Karoten (Carotenes)|48 mcg
ER079|Karoten Total (Re)|1,000 mcg
ER079|Thiamin (Vit. B1)|0.13 mg
ER079|Riboflavin (Vit. B2)|0.06 mg
ER079|Niasin (Niacin)|0.0 mg
ER079|Vitamin C (Vit. C)|13 mg
ER080|Air (Water)|74.4 g
ER080|Energi (Energy)|100 Kal
ER080|Protein (Protein)|1.4 g
ER080|Lemak (Fat)|0.5 g
ER080|Karbohidrat (CHO)|23.6 g
ER080|Serat (Fibre)|2.6 g
ER080|Abu (ASH)|0.6 g
ER080|Kalsium (Ca)|15 mg
ER080|Fosfor (P)|0 mg
ER080|Besi (Fe)|0.1 mg
ER080|Natrium (Na)|1 mg
ER080|Kalium (K)|493.0 mg
ER080|Tembaga (Cu)|0.08 mg
ER080|Seng (Zn)|0.3 mg
ER080|Beta-Karoten (Carotenes)|3 mcg
ER080|Thiamin (Vit. B1)|0.10 mg
ER080|Riboflavin (Vit. B2)|0.00 mg
ER080|Niasin (Niacin)|0.6 mg
ER080|Vitamin C (Vit. C)|11 mg
ER081|Air (Water)|71.9 g
ER081|Energi (Energy)|109 Kal
ER081|Protein (Protein)|0.8 g
ER081|Lemak (Fat)|0.5 g
ER081|Karbohidrat (CHO)|26.3 g
ER081|Serat (Fibre)|5.7 g
ER081|Abu (ASH)|1.0 g
ER081|Kalsium (Ca)|10 mg
ER081|Fosfor (P)|30 mg
ER081|Besi (Fe)|0.5 mg
ER081|Natrium (Na)|10 mg
ER081|Kalium (K)|300.0 mg
ER081|Tembaga (Cu)|0.10 mg
ER081|Seng (Zn)|0.2 mg
ER081|Beta-Karoten (Carotenes)|0 mcg
ER081|Thiamin (Vit. B1)|0.10 mg
ER081|Riboflavin (Vit. B2)|0.00 mg
ER081|Niasin (Niacin)|0.1 mg
ER081|Vitamin C (Vit. C)|9 mg
ER082|Air (Water)|63.4 g
ER082|Energi (Energy)|145 Kal
ER082|Protein (Protein)|1.1 g
ER082|Lemak (Fat)|0.3 g
ER082|Karbohidrat (CHO)|34.5 g
ER082|Serat (Fibre)|6.6 g
ER082|Abu (ASH)|0.7 g
ER082|Kalsium (Ca)|5 mg
ER082|Fosfor (P)|54 mg
ER082|Besi (Fe)|0.1 mg
ER082|Natrium (Na)|4 mg
ER082|Kalium (K)|726.0 mg
ER082|Tembaga (Cu)|0.15 mg
ER082|Seng (Zn)|0.5 mg
ER082|Beta-Karoten (Carotenes)|3 mcg
ER082|Thiamin (Vit. B1)|0.13 mg
ER082|Riboflavin (Vit. B2)|0.02 mg
ER082|Niasin (Niacin)|0.8 mg
ER082|Vitamin C (Vit. C)|95 mg
ER083|Air (Water)|75.4 g
ER083|Energi (Energy)|96 Kal
ER083|Protein (Protein)|1.0 g
ER083|Lemak (Fat)|0.2 g
ER083|Karbohidrat (CHO)|22.5 g
ER083|Serat (Fibre)|0.6 g
ER083|Abu (ASH)|0.9 g
ER083|Kalsium (Ca)|87 mg
ER083|Fosfor (P)|173 mg
ER083|Besi (Fe)|0.6 mg
ER083|Natrium (Na)|6 mg
ER083|Kalium (K)|418.8 mg
ER083|Tembaga (Cu)|0.22 mg
ER083|Seng (Zn)|0.5 mg
ER083|Beta-Karoten (Carotenes)|38 mcg
ER083|Karoten Total (Re)|58 mcg
ER083|Thiamin (Vit. B1)|0.04 mg
ER083|Riboflavin (Vit. B2)|0.10 mg
ER083|Niasin (Niacin)|0.9 mg
ER083|Vitamin C (Vit. C)|2 mg
ER084|Air (Water)|72.1 g
ER084|Energi (Energy)|99 Kal
ER084|Protein (Protein)|1.3 g
ER084|Lemak (Fat)|0.2 g
ER084|Karbohidrat (CHO)|25.6 g
ER084|Serat (Fibre)|4.3 g
ER084|Abu (ASH)|0.8 g
ER084|Kalsium (Ca)|10 mg
ER084|Fosfor (P)|19 mg
ER084|Besi (Fe)|0.9 mg
ER084|Natrium (Na)|28 mg
ER084|Kalium (K)|475.0 mg
ER084|Tembaga (Cu)|0.25 mg
ER084|Seng (Zn)|0.5 mg
ER084|Beta-Karoten (Carotenes)|43 mcg
ER084|Karoten Total (Re)|618 mcg
ER084|Thiamin (Vit. B1)|0.07 mg
ER084|Riboflavin (Vit. B2)|0.12 mg
ER084|Niasin (Niacin)|1.0 mg
ER084|Vitamin C (Vit. C)|4 mg
ER085|Air (Water)|76.8 g
ER085|Energi (Energy)|92 Kal
ER085|Protein (Protein)|1.4 g
ER085|Lemak (Fat)|0.2 g
ER085|Karbohidrat (CHO)|21.0 g
ER085|Serat (Fibre)|3.7 g
ER085|Abu (ASH)|0.5 g
ER085|Kalsium (Ca)|7 mg
ER085|Fosfor (P)|29 mg
ER085|Besi (Fe)|1.2 mg
ER085|Natrium (Na)|32 mg
ER085|Kalium (K)|272.0 mg
ER085|Tembaga (Cu)|0.18 mg
ER085|Seng (Zn)|0.4 mg
ER085|Beta-Karoten (Carotenes)|14 mcg
ER085|Thiamin (Vit. B1)|0.09 mg
ER085|Riboflavin (Vit. B2)|0.03 mg
ER085|Niasin (Niacin)|0.6 mg
ER085|Vitamin C (Vit. C)|11 mg
ER086|Air (Water)|64.2 g
ER086|Energi (Energy)|127 Kal
ER086|Protein (Protein)|1.4 g
ER086|Lemak (Fat)|0.2 g
ER086|Karbohidrat (CHO)|31.8 g
ER086|Serat (Fibre)|3.7 g
ER086|Abu (ASH)|2.4 g
ER086|Kalsium (Ca)|10 mg
ER086|Fosfor (P)|0 mg
ER086|Besi (Fe)|0.1 mg
ER086|Natrium (Na)|43 mg
ER086|Kalium (K)|616.0 mg
ER086|Tembaga (Cu)|0.12 mg
ER086|Seng (Zn)|0.4 mg
ER086|Beta-Karoten (Carotenes)|21 mcg
ER086|Thiamin (Vit. B1)|0.21 mg
ER086|Riboflavin (Vit. B2)|0.05 mg
ER086|Niasin (Niacin)|0.9 mg
ER086|Vitamin C (Vit. C)|17 mg
ER087|Air (Water)|64.2 g
ER087|Energi (Energy)|127 Kal
ER087|Protein (Protein)|1.4 g
ER087|Lemak (Fat)|0.2 g
ER087|Karbohidrat (CHO)|33.6 g
ER087|Serat (Fibre)|1.4 g
ER087|Abu (ASH)|0.6 g
ER087|Kalsium (Ca)|7 mg
ER087|Fosfor (P)|25 mg
ER087|Besi (Fe)|0.8 mg
ER087|Natrium (Na)|42 mg
ER087|Kalium (K)|392.0 mg
ER087|Tembaga (Cu)|195.78 mg
ER087|Seng (Zn)|0.5 mg
ER087|Beta-Karoten (Carotenes)|17 mcg
ER087|Karoten Total (Re)|79 mcg
ER087|Thiamin (Vit. B1)|0.09 mg
ER087|Riboflavin (Vit. B2)|0.08 mg
ER087|Niasin (Niacin)|4.5 mg
ER087|Vitamin C (Vit. C)|2 mg
ER088|Air (Water)|69.3 g
ER088|Energi (Energy)|108 Kal
ER088|Protein (Protein)|1.3 g
ER088|Lemak (Fat)|0.3 g
ER088|Karbohidrat (CHO)|28.2 g
ER088|Serat (Fibre)|0.7 g
ER088|Abu (ASH)|1.0 g
ER088|Kalsium (Ca)|16 mg
ER088|Fosfor (P)|38 mg
ER088|Besi (Fe)|0.1 mg
ER088|Natrium (Na)|31 mg
ER088|Kalium (K)|522.6 mg
ER088|Tembaga (Cu)|0.27 mg
ER088|Seng (Zn)|0.6 mg
ER088|Beta-Karoten (Carotenes)|48 mcg
ER088|Karoten Total (Re)|480 mcg
ER088|Thiamin (Vit. B1)|0.02 mg
ER088|Riboflavin (Vit. B2)|0.08 mg
ER088|Niasin (Niacin)|1.1 mg
ER088|Vitamin C (Vit. C)|2 mg
ER089|Air (Water)|65.8 g
ER089|Energi (Energy)|120 Kal
ER089|Protein (Protein)|1.2 g
ER089|Lemak (Fat)|0.2 g
ER089|Karbohidrat (CHO)|31.8 g
ER089|Serat (Fibre)|5.3 g
ER089|Abu (ASH)|1.0 g
ER089|Kalsium (Ca)|10 mg
ER089|Fosfor (P)|22 mg
ER089|Besi (Fe)|0.8 mg
ER089|Natrium (Na)|35 mg
ER089|Kalium (K)|582.2 mg
ER089|Tembaga (Cu)|0.31 mg
ER089|Seng (Zn)|0.7 mg
ER089|Beta-Karoten (Carotenes)|53 mcg
ER089|Karoten Total (Re)|950 mcg
ER089|Thiamin (Vit. B1)|0.06 mg
ER089|Riboflavin (Vit. B2)|0.14 mg
ER089|Niasin (Niacin)|1.2 mg
ER089|Vitamin C (Vit. C)|10 mg
ER090|Air (Water)|76.1 g
ER090|Energi (Energy)|98 Kal
ER090|Protein (Protein)|1.3 g
ER090|Lemak (Fat)|1.2 g
ER090|Karbohidrat (CHO)|20.5 g
ER090|Serat (Fibre)|1.0 g
ER090|Abu (ASH)|0.9 g
ER090|Kalsium (Ca)|17 mg
ER090|Fosfor (P)|51 mg
ER090|Besi (Fe)|1.1 mg
ER090|Natrium (Na)|24 mg
ER090|Kalium (K)|406.9 mg
ER090|Tembaga (Cu)|0.21 mg
ER090|Seng (Zn)|0.5 mg
ER090|Beta-Karoten (Carotenes)|37 mcg
ER090|Karoten Total (Re)|697 mcg
ER090|Thiamin (Vit. B1)|0.01 mg
ER090|Riboflavin (Vit. B2)|0.10 mg
ER090|Niasin (Niacin)|0.9 mg
ER090|Vitamin C (Vit. C)|2 mg
ER091|Air (Water)|71.0 g
ER091|Energi (Energy)|113 Kal
ER091|Protein (Protein)|1.2 g
ER091|Lemak (Fat)|0.2 g
ER091|Karbohidrat (CHO)|26.7 g
ER091|Serat (Fibre)|4.4 g
ER091|Abu (ASH)|0.9 g
ER091|Kalsium (Ca)|22 mg
ER091|Fosfor (P)|22 mg
ER091|Besi (Fe)|0.6 mg
ER091|Natrium (Na)|29 mg
ER091|Kalium (K)|48.0 mg
ER091|Tembaga (Cu)|0.26 mg
ER091|Seng (Zn)|0.1 mg
ER091|Beta-Karoten (Carotenes)|159 mcg
ER091|Thiamin (Vit. B1)|0.12 mg
ER091|Riboflavin (Vit. B2)|0.03 mg
ER091|Niasin (Niacin)|1.0 mg
ER091|Vitamin C (Vit. C)|9 mg
ER092|Air (Water)|75.9 g
ER092|Energi (Energy)|94 Kal
ER092|Protein (Protein)|0.6 g
ER092|Lemak (Fat)|0.2 g
ER092|Karbohidrat (CHO)|22.5 g
ER092|Serat (Fibre)|3.7 g
ER092|Abu (ASH)|0.8 g
ER092|Kalsium (Ca)|50 mg
ER092|Fosfor (P)|20 mg
ER092|Besi (Fe)|0.2 mg
ER092|Natrium (Na)|0 mg
ER092|Kalium (K)|4.0 mg
ER092|Tembaga (Cu)|0.10 mg
ER092|Seng (Zn)|0.4 mg
ER092|Retinol (Vit. A)|0 mcg
ER092|Beta-Karoten (Carotenes)|72 mcg
ER092|Thiamin (Vit. B1)|0.03 mg
ER092|Riboflavin (Vit. B2)|0.03 mg
ER092|Niasin (Niacin)|0.3 mg
ER092|Vitamin C (Vit. C)|6 mg
ER093|Air (Water)|67.8 g
ER093|Energi (Energy)|128 Kal
ER093|Protein (Protein)|0.8 g
ER093|Lemak (Fat)|0.5 g
ER093|Karbohidrat (CHO)|30.2 g
ER093|Serat (Fibre)|8.1 g
ER093|Abu (ASH)|0.7 g
ER093|Kalsium (Ca)|12 mg
ER093|Fosfor (P)|28 mg
ER093|Besi (Fe)|0.7 mg
ER093|Natrium (Na)|33 mg
ER093|Kalium (K)|382.0 mg
ER093|Tembaga (Cu)|0.20 mg
ER093|Seng (Zn)|0.3 mg
ER093|Beta-Karoten (Carotenes)|5 mcg
ER093|Thiamin (Vit. B1)|0.09 mg
ER093|Riboflavin (Vit. B2)|0.01 mg
ER093|Niasin (Niacin)|1.2 mg
ER093|Vitamin C (Vit. C)|4 mg
ER094|Air (Water)|61.8 g
ER094|Energi (Energy)|134 Kal
ER094|Protein (Protein)|1.1 g
ER094|Lemak (Fat)|0.5 g
ER094|Karbohidrat (CHO)|35.5 g
ER094|Serat (Fibre)|1.4 g
ER094|Abu (ASH)|1.1 g
ER094|Kalsium (Ca)|31 mg
ER094|Fosfor (P)|53 mg
ER094|Besi (Fe)|0.9 mg
ER094|Natrium (Na)|39 mg
ER094|Kalium (K)|650.3 mg
ER094|Tembaga (Cu)|0.34 mg
ER094|Seng (Zn)|0.7 mg
ER094|Beta-Karoten (Carotenes)|59 mcg
ER094|Karoten Total (Re)|113 mcg
ER094|Thiamin (Vit. B1)|0.11 mg
ER094|Riboflavin (Vit. B2)|0.16 mg
ER094|Niasin (Niacin)|1.4 mg
ER094|Vitamin C (Vit. C)|3 mg
ER095|Air (Water)|81.1 g
ER095|Energi (Energy)|76 Kal
ER095|Protein (Protein)|4.1 g
ER095|Lemak (Fat)|1.1 g
ER095|Karbohidrat (CHO)|15.2 g
ER095|Serat (Fibre)|1.7 g
ER095|Abu (ASH)|1.4 g
ER095|Kalsium (Ca)|30 mg
ER095|Fosfor (P)|76 mg
ER095|Besi (Fe)|0.6 mg
ER095|Natrium (Na)|10 mg
ER095|Kalium (K)|285.2 mg
ER095|Beta-Karoten (Carotenes)|27 mcg
ER095|Karoten Total (Re)|93 mcg
ER095|Thiamin (Vit. B1)|0.01 mg
ER095|Riboflavin (Vit. B2)|0.11 mg
ER095|Niasin (Niacin)|0.0 mg
ER095|Vitamin C (Vit. C)|0 mg
ER096|Air (Water)|81.0 g
ER096|Energi (Energy)|76 Kal
ER096|Protein (Protein)|0.5 g
ER096|Lemak (Fat)|0.2 g
ER096|Karbohidrat (CHO)|18.0 g
ER096|Serat (Fibre)|3.8 g
ER096|Abu (ASH)|0.3 g
ER096|Kalsium (Ca)|15 mg
ER096|Fosfor (P)|22 mg
ER096|Besi (Fe)|1.2 mg
ER096|Natrium (Na)|22 mg
ER096|Kalium (K)|120.0 mg
ER096|Tembaga (Cu)|0.20 mg
ER096|Seng (Zn)|0.2 mg
ER096|Beta-Karoten (Carotenes)|0 mcg
ER096|Thiamin (Vit. B1)|0.19 mg
ER096|Riboflavin (Vit. B2)|0.01 mg
ER096|Niasin (Niacin)|0.4 mg
ER096|Vitamin C (Vit. C)|13 mg
ER097|Air (Water)|80.5 g
ER097|Energi (Energy)|69 Kal
ER097|Protein (Protein)|0.9 g
ER097|Lemak (Fat)|0.1 g
ER097|Karbohidrat (CHO)|18.1 g
ER097|Serat (Fibre)|0.8 g
ER097|Abu (ASH)|0.4 g
ER097|Kalsium (Ca)|16 mg
ER097|Fosfor (P)|16 mg
ER097|Besi (Fe)|0.5 mg
ER097|Natrium (Na)|16 mg
ER097|Kalium (K)|104.2 mg
ER097|Tembaga (Cu)|0.17 mg
ER097|Seng (Zn)|0.1 mg
ER097|Beta-Karoten (Carotenes)|0 mcg
ER097|Karoten Total (Re)|0 mcg
ER097|Thiamin (Vit. B1)|0.00 mg
ER097|Riboflavin (Vit. B2)|0.07 mg
ER097|Niasin (Niacin)|0.5 mg
ER097|Vitamin C (Vit. C)|58 mg
ER098|Air (Water)|85.1 g
ER098|Energi (Energy)|57 Kal
ER098|Protein (Protein)|0.5 g
ER098|Lemak (Fat)|0.1 g
ER098|Karbohidrat (CHO)|13.6 g
ER098|Serat (Fibre)|1.3 g
ER098|Abu (ASH)|0.7 g
ER098|Kalsium (Ca)|94 mg
ER098|Fosfor (P)|25 mg
ER098|Besi (Fe)|2.1 mg
ER098|Tembaga (Cu)|0.08 mg
ER098|Seng (Zn)|0.2 mg
ER098|Retinol (Vit. A)|0 mcg
ER098|Beta-Karoten (Carotenes)|3 mcg
ER098|Karoten Total (Re)|37 mcg
ER098|Thiamin (Vit. B1)|0.00 mg
ER098|Vitamin C (Vit. C)|0 mg
ER099|Air (Water)|78.1 g
ER099|Energi (Energy)|55 Kal
ER099|Protein (Protein)|0.4 g
ER099|Lemak (Fat)|0.2 g
ER099|Karbohidrat (CHO)|12.8 g
ER099|Serat (Fibre)|3.2 g
ER099|Abu (ASH)|8.5 g
ER099|Kalsium (Ca)|6 mg
ER099|Fosfor (P)|46 mg
ER099|Besi (Fe)|0.5 mg
ER099|Natrium (Na)|39 mg
ER099|Kalium (K)|113.0 mg
ER099|Tembaga (Cu)|0.20 mg
ER099|Seng (Zn)|0.3 mg
ER099|Retinol (Vit. A)|0 mcg
ER099|Beta-Karoten (Carotenes)|4 mcg
ER099|Thiamin (Vit. B1)|0.04 mg
ER099|Riboflavin (Vit. B2)|0.03 mg
ER099|Vitamin C (Vit. C)|58 mg
ER100|Air (Water)|77.9 g
ER100|Energi (Energy)|87 Kal
ER100|Protein (Protein)|0.8 g
ER100|Lemak (Fat)|0.4 g
ER100|Karbohidrat (CHO)|20.1 g
ER100|Serat (Fibre)|0.0 g
ER100|Abu (ASH)|0.8 g
ER100|Kalsium (Ca)|38 mg
ER100|Fosfor (P)|31 mg
ER100|Besi (Fe)|3.9 mg
ER100|Tembaga (Cu)|0.08 mg
ER100|Seng (Zn)|0.2 mg
ER100|Retinol (Vit. A)|0 mcg
ER100|Karoten Total (Re)|40 mcg
ER100|Thiamin (Vit. B1)|0.00 mg
ER100|Riboflavin (Vit. B2)|0.12 mg
ER100|Niasin (Niacin)|0.1 mg
ER100|Vitamin C (Vit. C)|8 mg
ER101|Air (Water)|78.0 g
ER101|Energi (Energy)|77 Kal
ER101|Protein (Protein)|0.4 g
ER101|Karbohidrat (CHO)|20.9 g
ER101|Abu (ASH)|0.7 g
ER101|Kalsium (Ca)|28 mg
ER101|Fosfor (P)|18 mg
ER101|Besi (Fe)|4.2 mg
ER101|Tembaga (Cu)|0.08 mg
ER101|Seng (Zn)|0.2 mg
ER101|Beta-Karoten (Carotenes)|4 mcg
ER101|Karoten Total (Re)|0 mcg
ER101|Thiamin (Vit. B1)|0.04 mg
ER101|Vitamin C (Vit. C)|2 mg
ER102|Air (Water)|87.3 g
ER102|Energi (Energy)|64 Kal
ER102|Protein (Protein)|1.0 g
ER102|Lemak (Fat)|3.1 g
ER102|Karbohidrat (CHO)|8.0 g
ER102|Serat (Fibre)|0.8 g
ER102|Abu (ASH)|0.6 g
ER102|Kalsium (Ca)|18 mg
ER102|Fosfor (P)|45 mg
ER102|Besi (Fe)|0.8 mg
ER102|Natrium (Na)|13 mg
ER102|Kalium (K)|111.4 mg
ER102|Tembaga (Cu)|0.02 mg
ER102|Seng (Zn)|0.1 mg
ER102|Retinol (Vit. A)|0 mcg
ER102|Beta-Karoten (Carotenes)|0 mcg
ER102|Karoten Total (Re)|0 mcg
ER102|Thiamin (Vit. B1)|0.01 mg
ER102|Riboflavin (Vit. B2)|0.02 mg
ER102|Niasin (Niacin)|0.1 mg
ER102|Vitamin C (Vit. C)|1 mg
ER103|Air (Water)|73.8 g
ER103|Energi (Energy)|111 Kal
ER103|Protein (Protein)|0.9 g
ER103|Lemak (Fat)|2.3 g
ER103|Karbohidrat (CHO)|21.6 g
ER103|Serat (Fibre)|1.0 g
ER103|Abu (ASH)|1.4 g
ER103|Kalsium (Ca)|20 mg
ER103|Fosfor (P)|185 mg
ER103|Besi (Fe)|0.7 mg
ER103|Natrium (Na)|28 mg
ER103|Kalium (K)|117.8 mg
ER103|Tembaga (Cu)|0.04 mg
ER103|Seng (Zn)|0.1 mg
ER103|Retinol (Vit. A)|0 mcg
ER103|Beta-Karoten (Carotenes)|119 mcg
ER103|Karoten Total (Re)|12 mcg
ER103|Thiamin (Vit. B1)|0.00 mg
ER103|Riboflavin (Vit. B2)|0.04 mg
ER103|Niasin (Niacin)|1.5 mg
ER103|Vitamin C (Vit. C)|19 mg
ER104|Air (Water)|75.5 g
ER104|Energi (Energy)|92 Kal
ER104|Protein (Protein)|0.5 g
ER104|Lemak (Fat)|1.1 g
ER104|Karbohidrat (CHO)|22.4 g
ER104|Serat (Fibre)|9.5 g
ER104|Abu (ASH)|0.5 g
ER104|Kalsium (Ca)|25 mg
ER104|Fosfor (P)|12 mg
ER104|Besi (Fe)|1.0 mg
ER104|Natrium (Na)|26 mg
ER104|Kalium (K)|110.2 mg
ER104|Tembaga (Cu)|0.04 mg
ER104|Seng (Zn)|0.1 mg
ER104|Retinol (Vit. A)|0 mcg
ER104|Beta-Karoten (Carotenes)|111 mcg
ER104|Karoten Total (Re)|60 mcg
ER104|Thiamin (Vit. B1)|0.01 mg
ER104|Riboflavin (Vit. B2)|0.04 mg
ER104|Niasin (Niacin)|1.4 mg
ER104|Vitamin C (Vit. C)|21 mg
ER105|Air (Water)|92.1 g
ER105|Energi (Energy)|28 Kal
ER105|Protein (Protein)|0.5 g
ER105|Lemak (Fat)|0.2 g
ER105|Karbohidrat (CHO)|6.9 g
ER105|Serat (Fibre)|0.4 g
ER105|Abu (ASH)|0.3 g
ER105|Kalsium (Ca)|7 mg
ER105|Fosfor (P)|12 mg
ER105|Besi (Fe)|0.2 mg
ER105|Natrium (Na)|7 mg
ER105|Kalium (K)|93.8 mg
ER105|Tembaga (Cu)|0.04 mg
ER105|Seng (Zn)|0.1 mg
ER105|Beta-Karoten (Carotenes)|315 mcg
ER105|Karoten Total (Re)|590 mcg
ER105|Thiamin (Vit. B1)|0.05 mg
ER105|Riboflavin (Vit. B2)|0.05 mg
ER105|Niasin (Niacin)|0.3 mg
ER105|Vitamin C (Vit. C)|6 mg
ER106|Air (Water)|81.7 g
ER106|Energi (Energy)|65 Kal
ER106|Protein (Protein)|1.0 g
ER106|Lemak (Fat)|0.3 g
ER106|Karbohidrat (CHO)|16.3 g
ER106|Serat (Fibre)|3.2 g
ER106|Abu (ASH)|0.7 g
ER106|Kalsium (Ca)|14 mg
ER106|Fosfor (P)|27 mg
ER106|Besi (Fe)|0.6 mg
ER106|Natrium (Na)|2 mg
ER106|Kalium (K)|298.9 mg
ER106|Tembaga (Cu)|0.08 mg
ER106|Seng (Zn)|1.0 mg
ER106|Beta-Karoten (Carotenes)|8 mcg
ER106|Karoten Total (Re)|10 mcg
ER106|Thiamin (Vit. B1)|0.07 mg
ER106|Riboflavin (Vit. B2)|0.08 mg
ER106|Niasin (Niacin)|0.7 mg
ER106|Vitamin C (Vit. C)|20 mg
ER107|Air (Water)|87.7 g
ER107|Energi (Energy)|48 Kal
ER107|Protein (Protein)|1.6 g
ER107|Lemak (Fat)|0.6 g
ER107|Karbohidrat (CHO)|9.1 g
ER107|Serat (Fibre)|45.0 g
ER107|Abu (ASH)|10.0 g
ER107|Kalsium (Ca)|50 mg
ER107|Fosfor (P)|40 mg
ER107|Besi (Fe)|0.3 mg
ER107|Natrium (Na)|9 mg
ER107|Kalium (K)|0.0 mg
ER107|Tembaga (Cu)|0.10 mg
ER107|Seng (Zn)|1.5 mg
ER107|Retinol (Vit. A)|0 mcg
ER107|Beta-Karoten (Carotenes)|364 mcg
ER107|Thiamin (Vit. B1)|0.15 mg
ER107|Riboflavin (Vit. B2)|0.23 mg
ER107|Niasin (Niacin)|0.2 mg
ER107|Vitamin C (Vit. C)|4 mg
ER108|Air (Water)|83.4 g
ER108|Energi (Energy)|63 Kal
ER108|Protein (Protein)|1.1 g
ER108|Lemak (Fat)|0.5 g
ER108|Karbohidrat (CHO)|13.9 g
ER108|Serat (Fibre)|2.1 g
ER108|Abu (ASH)|1.1 g
ER108|Kalsium (Ca)|127 mg
ER108|Fosfor (P)|30 mg
ER108|Besi (Fe)|2.7 mg
ER108|Retinol (Vit. A)|0 mcg
ER108|Karoten Total (Re)|31 mcg
ER108|Thiamin (Vit. B1)|0.08 mg
ER108|Vitamin C (Vit. C)|28 mg
ER109|Air (Water)|69.4 g
ER109|Energi (Energy)|119 Kal
ER109|Protein (Protein)|1.4 g
ER109|Lemak (Fat)|0.2 g
ER109|Karbohidrat (CHO)|28.1 g
ER109|Serat (Fibre)|1.4 g
ER109|Abu (ASH)|1.0 g
ER109|Kalsium (Ca)|24 mg
ER109|Fosfor (P)|44 mg
ER109|Besi (Fe)|1.4 mg
ER109|Natrium (Na)|24 mg
ER109|Kalium (K)|414.4 mg
ER109|Tembaga (Cu)|0.09 mg
ER109|Seng (Zn)|0.1 mg
ER109|Beta-Karoten (Carotenes)|28 mcg
ER109|Karoten Total (Re)|4,896 mcg
ER109|Thiamin (Vit. B1)|0.17 mg
ER109|Riboflavin (Vit. B2)|0.17 mg
ER109|Niasin (Niacin)|3.7 mg
ER109|Vitamin C (Vit. C)|52 mg
ER110|Air (Water)|67.8 g
ER110|Energi (Energy)|126 Kal
ER110|Protein (Protein)|1.6 g
ER110|Lemak (Fat)|0.2 g
ER110|Karbohidrat (CHO)|24.5 g
ER110|Serat (Fibre)|1.5 g
ER110|Abu (ASH)|1.0 g
ER110|Kalsium (Ca)|37 mg
ER110|Fosfor (P)|47 mg
ER110|Besi (Fe)|1.6 mg
ER110|Natrium (Na)|25 mg
ER110|Kalium (K)|436.0 mg
ER110|Tembaga (Cu)|0.09 mg
ER110|Seng (Zn)|0.1 mg
ER110|Beta-Karoten (Carotenes)|30 mcg
ER110|Karoten Total (Re)|2,000 mcg
ER110|Thiamin (Vit. B1)|0.18 mg
ER110|Riboflavin (Vit. B2)|0.17 mg
ER110|Niasin (Niacin)|3.9 mg
ER110|Vitamin C (Vit. C)|58 mg
ER111|Air (Water)|88.0 g
ER111|Energi (Energy)|44 Kal
ER111|Protein (Protein)|2.4 g
ER111|Lemak (Fat)|0.1 g
ER111|Karbohidrat (CHO)|8.3 g
ER111|Abu (ASH)|1.2 g
ER111|Kalsium (Ca)|30 mg
ER111|Fosfor (P)|20 mg
ER111|Besi (Fe)|0.3 mg
ER111|Natrium (Na)|2 mg
ER111|Kalium (K)|180.0 mg
ER111|Tembaga (Cu)|0.10 mg
ER111|Seng (Zn)|0.2 mg
ER111|Thiamin (Vit. B1)|0.26 mg
ER111|Riboflavin (Vit. B2)|0.01 mg
ER111|Vitamin C (Vit. C)|43 mg
ER112|Air (Water)|81.2 g
ER112|Energi (Energy)|74 Kal
ER112|Protein (Protein)|0.8 g
ER112|Lemak (Fat)|0.3 g
ER112|Karbohidrat (CHO)|17.1 g
ER112|Serat (Fibre)|3.1 g
ER112|Abu (ASH)|0.6 g
ER112|Kalsium (Ca)|66 mg
ER112|Fosfor (P)|29 mg
ER112|Besi (Fe)|1.2 mg
ER112|Karoten Total (Re)|32 mcg
ER112|Thiamin (Vit. B1)|0.08 mg
ER112|Vitamin C (Vit. C)|80 mg
FP001|Air (Water)|4.8 g
FP001|Energi (Energy)|270 Kal
FP001|Protein (Protein)|32.3 g
FP001|Lemak (Fat)|11.2 g
FP001|Karbohidrat (CHO)|9.9 g
FP001|Serat (Fibre)|0.0 g
FP001|Abu (ASH)|1.8 g
FP001|Kalsium (Ca)|129 mg
FP001|Fosfor (P)|314 mg
FP001|Besi (Fe)|4.9 mg
FP001|Natrium (Na)|980 mg
FP001|Tembaga (Cu)|0.12 mg
FP001|Seng (Zn)|3.3 mg
FP001|Retinol (Vit. A)|56 mcg
FP001|Karoten Total (Re)|0 mcg
FP001|Thiamin (Vit. B1)|0.21 mg
FP001|Niasin (Niacin)|4.7 mg
FP001|Vitamin C (Vit. C)|0 mg
FP002|Air (Water)|4.6 g
FP002|Energi (Energy)|473 Kal
FP002|Protein (Protein)|45.2 g
FP002|Lemak (Fat)|26.3 g
FP002|Karbohidrat (CHO)|13.9 g
FP002|Serat (Fibre)|0.0 g
FP002|Abu (ASH)|10.1 g
FP002|Kalsium (Ca)|1,407 mg
FP002|Fosfor (P)|458 mg
FP002|Besi (Fe)|8.4 mg
FP002|Retinol (Vit. A)|6 mcg
FP002|Karoten Total (Re)|224 mcg
FP002|Thiamin (Vit. B1)|0.57 mg
FP002|Niasin (Niacin)|0.0 mg
FP003|Air (Water)|48.8 g
FP003|Energi (Energy)|300 Kal
FP003|Protein (Protein)|24.0 g
FP003|Lemak (Fat)|20.7 g
FP003|Karbohidrat (CHO)|4.5 g
FP003|Serat (Fibre)|0.0 g
FP003|Abu (ASH)|2.0 g
FP003|Kalsium (Ca)|170 mg
FP003|Fosfor (P)|170 mg
FP003|Besi (Fe)|4.1 mg
FP003|Natrium (Na)|34 mg
FP003|Kalium (K)|6.0 mg
FP003|Tembaga (Cu)|0.40 mg
FP003|Seng (Zn)|3.0 mg
FP003|Beta-Karoten (Carotenes)|0 mcg
FP003|Thiamin (Vit. B1)|0.10 mg
FP003|Riboflavin (Vit. B2)|0.40 mg
FP003|Niasin (Niacin)|10.6 mg
FP004|Air (Water)|12.3 g
FP004|Energi (Energy)|365 Kal
FP004|Protein (Protein)|49.6 g
FP004|Lemak (Fat)|4.8 g
FP004|Karbohidrat (CHO)|30.8 g
FP004|Abu (ASH)|2.5 g
FP004|Kalsium (Ca)|60 mg
FP004|Fosfor (P)|130 mg
FP004|Besi (Fe)|4.3 mg
FP004|Natrium (Na)|500 mg
FP004|Kalium (K)|680.0 mg
FP004|Tembaga (Cu)|0.20 mg
FP004|Seng (Zn)|11.6 mg
FP004|Beta-Karoten (Carotenes)|0 mcg
FP004|Niasin (Niacin)|0.2 mg
FP005|Air (Water)|42.0 g
FP005|Energi (Energy)|384 Kal
FP005|Protein (Protein)|16.9 g
FP005|Lemak (Fat)|35.0 g
FP005|Karbohidrat (CHO)|0.3 g
FP005|Serat (Fibre)|0.0 g
FP005|Abu (ASH)|5.8 g
FP005|Kalsium (Ca)|10 mg
FP005|Fosfor (P)|136 mg
FP005|Besi (Fe)|2.5 mg
FP005|Natrium (Na)|112 mg
FP005|Kalium (K)|819.3 mg
FP005|Tembaga (Cu)|0.11 mg
FP005|Seng (Zn)|0.4 mg
FP005|Retinol (Vit. A)|0 mcg
FP005|Thiamin (Vit. B1)|0.70 mg
FP005|Riboflavin (Vit. B2)|0.95 mg
FP005|Niasin (Niacin)|9.7 mg
FP005|Vitamin C (Vit. C)|0 mg
FP006|Air (Water)|12.7 g
FP006|Energi (Energy)|496 Kal
FP006|Protein (Protein)|30.3 g
FP006|Lemak (Fat)|33.5 g
FP006|Karbohidrat (CHO)|18.4 g
FP006|Abu (ASH)|5.1 g
FP006|Kalsium (Ca)|135 mg
FP006|Fosfor (P)|370 mg
FP006|Besi (Fe)|12.5 mg
FP006|Natrium (Na)|1,081 mg
FP006|Kalium (K)|478.0 mg
FP006|Tembaga (Cu)|0.70 mg
FP006|Seng (Zn)|0.3 mg
FP006|Beta-Karoten (Carotenes)|0 mcg
FP007|Air (Water)|3.6 g
FP007|Energi (Energy)|588 Kal
FP007|Protein (Protein)|53.7 g
FP007|Lemak (Fat)|40.9 g
FP007|Karbohidrat (CHO)|1.2 g
FP007|Abu (ASH)|0.6 g
FP007|Kalsium (Ca)|36 mg
FP007|Fosfor (P)|15 mg
FP007|Besi (Fe)|1.3 mg
FP007|Natrium (Na)|1,024 mg
FP007|Kalium (K)|37.0 mg
FP007|Tembaga (Cu)|0.10 mg
FP007|Seng (Zn)|0.2 mg
FP007|Retinol (Vit. A)|2,802 mcg
FP008|Air (Water)|14.3 g
FP008|Energi (Energy)|322 Kal
FP008|Protein (Protein)|55.8 g
FP008|Lemak (Fat)|2.0 g
FP008|Karbohidrat (CHO)|22.7 g
FP008|Abu (ASH)|5.3 g
FP008|Kalsium (Ca)|55 mg
FP008|Fosfor (P)|310 mg
FP008|Besi (Fe)|2.1 mg
FP008|Natrium (Na)|765 mg
FP008|Kalium (K)|1,282.0 mg
FP008|Tembaga (Cu)|1.70 mg
FP008|Seng (Zn)|3.2 mg
FP008|Retinol (Vit. A)|3,391 mcg
FP008|Beta-Karoten (Carotenes)|26 mcg
FP009|Air (Water)|54.5 g
FP009|Energi (Energy)|224 Kal
FP009|Protein (Protein)|26.2 g
FP009|Lemak (Fat)|11.3 g
FP009|Karbohidrat (CHO)|4.4 g
FP009|Abu (ASH)|3.6 g
FP009|Kalsium (Ca)|362 mg
FP009|Fosfor (P)|362 mg
FP009|Besi (Fe)|3.1 mg
FP009|Natrium (Na)|2 mg
FP009|Kalium (K)|19.0 mg
FP009|Tembaga (Cu)|0.30 mg
FP009|Seng (Zn)|1.6 mg
FP010|Air (Water)|18.3 g
FP010|Energi (Energy)|536 Kal
FP010|Protein (Protein)|40.5 g
FP010|Lemak (Fat)|41.5 g
FP010|Karbohidrat (CHO)|0.0 g
FP010|Abu (ASH)|2.5 g
FP010|Kalsium (Ca)|90 mg
FP010|Fosfor (P)|420 mg
FP010|Besi (Fe)|13.4 mg
FP010|Natrium (Na)|130 mg
FP010|Kalium (K)|690.0 mg
FP010|Tembaga (Cu)|0.30 mg
FP010|Seng (Zn)|10.7 mg
FP010|Retinol (Vit. A)|285 mcg
FP010|Niasin (Niacin)|0.2 mg
FP011|Air (Water)|7.1 g
FP011|Energi (Energy)|212 Kal
FP011|Protein (Protein)|18.0 g
FP011|Lemak (Fat)|10.6 g
FP011|Karbohidrat (CHO)|59.3 g
FP011|Serat (Fibre)|7.5 g
FP011|Abu (ASH)|4.7 g
FP011|Kalsium (Ca)|150 mg
FP011|Fosfor (P)|209 mg
FP011|Besi (Fe)|12.3 mg
FP011|Retinol (Vit. A)|0 mcg
FP011|Beta-Karoten (Carotenes)|240 mcg
FP011|Karoten Total (Re)|138 mcg
FP011|Thiamin (Vit. B1)|0.17 mg
FP011|Vitamin C (Vit. C)|0 mg
FP012|Air (Water)|24.8 g
FP012|Energi (Energy)|358 Kal
FP012|Protein (Protein)|14.6 g
FP012|Lemak (Fat)|16.1 g
FP012|Karbohidrat (CHO)|38.6 g
FP012|Serat (Fibre)|2.5 g
FP012|Abu (ASH)|5.8 g
FP012|Kalsium (Ca)|165 mg
FP012|Fosfor (P)|136 mg
FP012|Besi (Fe)|14.6 mg
FP012|Retinol (Vit. A)|3 mcg
FP012|Beta-Karoten (Carotenes)|194 mcg
FP012|Karoten Total (Re)|144 mcg
FP012|Thiamin (Vit. B1)|0.13 mg
FP012|Vitamin C (Vit. C)|0 mg
FP013|Air (Water)|60.0 g
FP013|Energi (Energy)|182 Kal
FP013|Protein (Protein)|32.0 g
FP013|Lemak (Fat)|6.0 g
FP013|Karbohidrat (CHO)|0.0 g
FP013|Serat (Fibre)|0.0 g
FP013|Abu (ASH)|2.0 g
FP013|Kalsium (Ca)|15 mg
FP013|Fosfor (P)|300 mg
FP013|Besi (Fe)|5.0 mg
FP013|Natrium (Na)|1,620 mg
FP013|Kalium (K)|485.4 mg
FP013|Tembaga (Cu)|0.03 mg
FP013|Seng (Zn)|5.1 mg
FP013|Retinol (Vit. A)|6 mcg
FP013|Thiamin (Vit. B1)|0.12 mg
FP013|Riboflavin (Vit. B2)|0.23 mg
FP013|Niasin (Niacin)|5.9 mg
FP013|Vitamin C (Vit. C)|0 mg
FP014|Air (Water)|25.0 g
FP014|Energi (Energy)|301 Kal
FP014|Protein (Protein)|55.0 g
FP014|Lemak (Fat)|9.0 g
FP014|Karbohidrat (CHO)|0.0 g
FP014|Abu (ASH)|11.0 g
FP014|Kalsium (Ca)|30 mg
FP014|Fosfor (P)|370 mg
FP014|Besi (Fe)|5.1 mg
FP014|Retinol (Vit. A)|0 mcg
FP014|Thiamin (Vit. B1)|0.10 mg
FP014|Vitamin C (Vit. C)|0 mg
FP015|Air (Water)|53.0 g
FP015|Energi (Energy)|289 Kal
FP015|Protein (Protein)|16.0 g
FP015|Lemak (Fat)|25.0 g
FP015|Karbohidrat (CHO)|0.0 g
FP015|Serat (Fibre)|0.0 g
FP015|Abu (ASH)|6.0 g
FP015|Kalsium (Ca)|10 mg
FP015|Fosfor (P)|170 mg
FP015|Besi (Fe)|4.0 mg
FP015|Natrium (Na)|794 mg
FP015|Kalium (K)|94.4 mg
FP015|Tembaga (Cu)|0.07 mg
FP015|Seng (Zn)|4.0 mg
FP015|Retinol (Vit. A)|0 mcg
FP015|Beta-Karoten (Carotenes)|52 mcg
FP015|Thiamin (Vit. B1)|0.01 mg
FP015|Riboflavin (Vit. B2)|0.16 mg
FP015|Niasin (Niacin)|2.7 mg
FP015|Vitamin C (Vit. C)|0 mg
FP016|Air (Water)|37.6 g
FP016|Energi (Energy)|448 Kal
FP016|Protein (Protein)|14.5 g
FP016|Lemak (Fat)|42.3 g
FP016|Karbohidrat (CHO)|2.3 g
FP016|Abu (ASH)|3.3 g
FP016|Kalsium (Ca)|28 mg
FP016|Fosfor (P)|61 mg
FP016|Besi (Fe)|1.1 mg
FP016|Natrium (Na)|765 mg
FP016|Kalium (K)|284.5 mg
FP016|Tembaga (Cu)|0.06 mg
FP016|Seng (Zn)|1.7 mg
FP016|Retinol (Vit. A)|0 mcg
FP016|Thiamin (Vit. B1)|0.10 mg
FP016|Riboflavin (Vit. B2)|0.18 mg
FP016|Niasin (Niacin)|4.9 mg
FP016|Vitamin C (Vit. C)|0 mg
FP017|Air (Water)|56.6 g
FP017|Energi (Energy)|274 Kal
FP017|Protein (Protein)|16.0 g
FP017|Lemak (Fat)|22.0 g
FP017|Karbohidrat (CHO)|3.0 g
FP017|Serat (Fibre)|2.3 g
FP017|Abu (ASH)|2.4 g
FP017|Kalsium (Ca)|20 mg
FP017|Fosfor (P)|150 mg
FP017|Besi (Fe)|4.0 mg
FP017|Natrium (Na)|654 mg
FP017|Kalium (K)|158.8 mg
FP017|Tembaga (Cu)|0.22 mg
FP017|Seng (Zn)|2.2 mg
FP017|Retinol (Vit. A)|1,201 mcg
FP017|Thiamin (Vit. B1)|0.20 mg
FP017|Riboflavin (Vit. B2)|0.96 mg
FP017|Niasin (Niacin)|4.0 mg
FP017|Vitamin C (Vit. C)|0 mg
FP018|Air (Water)|9.7 g
FP018|Energi (Energy)|360 Kal
FP018|Protein (Protein)|57.3 g
FP018|Lemak (Fat)|6.0 g
FP018|Karbohidrat (CHO)|19.2 g
FP018|Abu (ASH)|7.8 g
FP018|Kalsium (Ca)|126 mg
FP018|Fosfor (P)|903 mg
FP018|Besi (Fe)|21.1 mg
FP018|Natrium (Na)|1,483 mg
FP018|Kalium (K)|864.0 mg
FP018|Tembaga (Cu)|1.20 mg
FP018|Seng (Zn)|6.1 mg
FP018|Retinol (Vit. A)|2,827 mcg
FP019|Air (Water)|45.5 g
FP019|Energi (Energy)|268 Kal
FP019|Protein (Protein)|23.9 g
FP019|Lemak (Fat)|12.7 g
FP019|Karbohidrat (CHO)|14.5 g
FP019|Abu (ASH)|3.1 g
FP019|Kalsium (Ca)|102 mg
FP019|Fosfor (P)|315 mg
FP019|Besi (Fe)|8.8 mg
FP019|Natrium (Na)|923 mg
FP019|Kalium (K)|299.0 mg
FP019|Tembaga (Cu)|0.00 mg
FP019|Seng (Zn)|1.5 mg
FP019|Retinol (Vit. A)|790 mcg
FP020|Air (Water)|41.3 g
FP020|Energi (Energy)|380 Kal
FP020|Protein (Protein)|11.9 g
FP020|Lemak (Fat)|30.3 g
FP020|Karbohidrat (CHO)|14.9 g
FP020|Serat (Fibre)|4.8 g
FP020|Abu (ASH)|1.6 g
FP020|Kalsium (Ca)|30 mg
FP020|Fosfor (P)|120 mg
FP020|Besi (Fe)|1.5 mg
FP020|Natrium (Na)|260 mg
FP020|Kalium (K)|550.0 mg
FP020|Tembaga (Cu)|3.10 mg
FP020|Seng (Zn)|14.2 mg
FP020|Beta-Karoten (Carotenes)|0 mcg
FP020|Thiamin (Vit. B1)|0.50 mg
FP020|Riboflavin (Vit. B2)|2.50 mg
FP020|Niasin (Niacin)|0.1 mg
FP021|Air (Water)|42.2 g
FP021|Energi (Energy)|338 Kal
FP021|Protein (Protein)|35.2 g
FP021|Lemak (Fat)|20.6 g
FP021|Karbohidrat (CHO)|0.4 g
FP021|Serat (Fibre)|0.0 g
FP021|Abu (ASH)|1.5 g
FP021|Kalsium (Ca)|79 mg
FP021|Fosfor (P)|221 mg
FP021|Besi (Fe)|5.6 mg
FP021|Natrium (Na)|800 mg
FP021|Kalium (K)|369.5 mg
FP021|Tembaga (Cu)|0.16 mg
FP021|Seng (Zn)|1.1 mg
FP021|Retinol (Vit. A)|16 mcg
FP021|Karoten Total (Re)|80 mcg
FP021|Thiamin (Vit. B1)|0.52 mg
FP021|Riboflavin (Vit. B2)|0.16 mg
FP021|Niasin (Niacin)|12.1 mg
FP021|Vitamin C (Vit. C)|0 mg
FP022|Air (Water)|50.3 g
FP022|Energi (Energy)|287 Kal
FP022|Protein (Protein)|31.0 g
FP022|Lemak (Fat)|15.7 g
FP022|Karbohidrat (CHO)|1.7 g
FP022|Serat (Fibre)|0.0 g
FP022|Abu (ASH)|1.3 g
FP022|Kalsium (Ca)|99 mg
FP022|Fosfor (P)|176 mg
FP022|Besi (Fe)|4.1 mg
FP022|Natrium (Na)|723 mg
FP022|Kalium (K)|257.0 mg
FP022|Tembaga (Cu)|0.17 mg
FP022|Seng (Zn)|1.5 mg
FP022|Retinol (Vit. A)|22 mcg
FP022|Karoten Total (Re)|30 mcg
FP022|Thiamin (Vit. B1)|0.66 mg
FP022|Riboflavin (Vit. B2)|0.20 mg
FP022|Niasin (Niacin)|5.3 mg
FP022|Vitamin C (Vit. C)|0 mg
FP023|Air (Water)|47.2 g
FP023|Energi (Energy)|295 Kal
FP023|Protein (Protein)|34.0 g
FP023|Lemak (Fat)|16.0 g
FP023|Karbohidrat (CHO)|1.5 g
FP023|Serat (Fibre)|0.0 g
FP023|Abu (ASH)|1.3 g
FP023|Kalsium (Ca)|81 mg
FP023|Fosfor (P)|179 mg
FP023|Besi (Fe)|3.0 mg
FP023|Natrium (Na)|771 mg
FP023|Kalium (K)|237.2 mg
FP023|Tembaga (Cu)|0.16 mg
FP023|Seng (Zn)|1.2 mg
FP023|Retinol (Vit. A)|13 mcg
FP023|Karoten Total (Re)|50 mcg
FP023|Thiamin (Vit. B1)|0.44 mg
FP023|Riboflavin (Vit. B2)|0.13 mg
FP023|Niasin (Niacin)|6.2 mg
FP023|Vitamin C (Vit. C)|0 mg
FP024|Air (Water)|46.2 g
FP024|Energi (Energy)|275 Kal
FP024|Protein (Protein)|37.4 g
FP024|Lemak (Fat)|12.2 g
FP024|Karbohidrat (CHO)|1.3 g
FP024|Serat (Fibre)|0.0 g
FP024|Abu (ASH)|2.9 g
FP024|Kalsium (Ca)|116 mg
FP024|Fosfor (P)|237 mg
FP024|Besi (Fe)|5.8 mg
FP024|Natrium (Na)|176 mg
FP024|Kalium (K)|321.9 mg
FP024|Tembaga (Cu)|0.16 mg
FP024|Seng (Zn)|1.5 mg
FP024|Retinol (Vit. A)|10 mcg
FP024|Beta-Karoten (Carotenes)|0 mcg
FP024|Karoten Total (Re)|50 mcg
FP024|Thiamin (Vit. B1)|0.10 mg
FP024|Vitamin C (Vit. C)|0 mg
FP025|Air (Water)|46.5 g
FP025|Energi (Energy)|298 Kal
FP025|Protein (Protein)|34.2 g
FP025|Lemak (Fat)|16.8 g
FP025|Karbohidrat (CHO)|0.1 g
FP025|Serat (Fibre)|0.0 g
FP025|Abu (ASH)|2.5 g
FP025|Kalsium (Ca)|90 mg
FP025|Fosfor (P)|284 mg
FP025|Besi (Fe)|5.5 mg
FP025|Natrium (Na)|741 mg
FP025|Kalium (K)|342.0 mg
FP025|Tembaga (Cu)|0.07 mg
FP025|Seng (Zn)|1.0 mg
FP025|Retinol (Vit. A)|36 mcg
FP025|Karoten Total (Re)|50 mcg
FP025|Thiamin (Vit. B1)|0.19 mg
FP025|Riboflavin (Vit. B2)|0.00 mg
FP025|Niasin (Niacin)|0.0 mg
FP025|Vitamin C (Vit. C)|0 mg
FP026|Air (Water)|48.7 g
FP026|Energi (Energy)|286 Kal
FP026|Protein (Protein)|32.1 g
FP026|Lemak (Fat)|16.1 g
FP026|Karbohidrat (CHO)|1.1 g
FP026|Serat (Fibre)|0.0 g
FP026|Abu (ASH)|2.0 g
FP026|Kalsium (Ca)|89 mg
FP026|Fosfor (P)|248 mg
FP026|Besi (Fe)|6.9 mg
FP026|Natrium (Na)|746 mg
FP026|Kalium (K)|265.2 mg
FP026|Tembaga (Cu)|0.09 mg
FP026|Seng (Zn)|2.3 mg
FP026|Retinol (Vit. A)|31 mcg
FP026|Karoten Total (Re)|20 mcg
FP026|Thiamin (Vit. B1)|0.50 mg
FP026|Riboflavin (Vit. B2)|0.21 mg
FP026|Niasin (Niacin)|5.5 mg
FP026|Vitamin C (Vit. C)|0 mg
FP027|Air (Water)|44.7 g
FP027|Energi (Energy)|297 Kal
FP027|Protein (Protein)|35.9 g
FP027|Lemak (Fat)|15.2 g
FP027|Karbohidrat (CHO)|1.6 g
FP027|Serat (Fibre)|0.0 g
FP027|Abu (ASH)|2.6 g
FP027|Kalsium (Ca)|103 mg
FP027|Fosfor (P)|227 mg
FP027|Besi (Fe)|4.4 mg
FP027|Natrium (Na)|807 mg
FP027|Kalium (K)|248.4 mg
FP027|Tembaga (Cu)|0.06 mg
FP027|Seng (Zn)|1.4 mg
FP027|Retinol (Vit. A)|22 mcg
FP027|Karoten Total (Re)|70 mcg
FP027|Thiamin (Vit. B1)|0.73 mg
FP027|Riboflavin (Vit. B2)|0.14 mg
FP027|Niasin (Niacin)|6.5 mg
FP027|Vitamin C (Vit. C)|0 mg
FP028|Air (Water)|43.4 g
FP028|Energi (Energy)|295 Kal
FP028|Protein (Protein)|39.2 g
FP028|Lemak (Fat)|13.6 g
FP028|Karbohidrat (CHO)|1.0 g
FP028|Serat (Fibre)|0.0 g
FP028|Abu (ASH)|2.8 g
FP028|Kalsium (Ca)|114 mg
FP028|Fosfor (P)|278 mg
FP028|Besi (Fe)|5.4 mg
FP028|Retinol (Vit. A)|8 mcg
FP028|Karoten Total (Re)|50 mcg
FP028|Thiamin (Vit. B1)|0.19 mg
FP028|Vitamin C (Vit. C)|0 mg
FP029|Air (Water)|50.1 g
FP029|Energi (Energy)|246 Kal
FP029|Protein (Protein)|37.9 g
FP029|Lemak (Fat)|9.0 g
FP029|Karbohidrat (CHO)|0.7 g
FP029|Serat (Fibre)|0.0 g
FP029|Abu (ASH)|2.3 g
FP029|Kalsium (Ca)|90 mg
FP029|Fosfor (P)|260 mg
FP029|Besi (Fe)|7.5 mg
FP029|Retinol (Vit. A)|6 mcg
FP029|Karoten Total (Re)|70 mcg
FP029|Thiamin (Vit. B1)|0.16 mg
FP029|Niasin (Niacin)|0.0 mg
FP030|Air (Water)|52.8 g
FP030|Energi (Energy)|245 Kal
FP030|Protein (Protein)|33.1 g
FP030|Lemak (Fat)|11.4 g
FP030|Karbohidrat (CHO)|0.3 g
FP030|Serat (Fibre)|0.0 g
FP030|Abu (ASH)|2.5 g
FP030|Kalsium (Ca)|90 mg
FP030|Fosfor (P)|283 mg
FP030|Besi (Fe)|7.3 mg
FP030|Retinol (Vit. A)|8 mcg
FP030|Karoten Total (Re)|40 mcg
FP030|Thiamin (Vit. B1)|0.37 mg
FP030|Niasin (Niacin)|0.0 mg
FP031|Air (Water)|44.5 g
FP031|Energi (Energy)|295 Kal
FP031|Protein (Protein)|37.4 g
FP031|Lemak (Fat)|14.7 g
FP031|Karbohidrat (CHO)|0.6 g
FP031|Serat (Fibre)|0.0 g
FP031|Abu (ASH)|2.7 g
FP031|Kalsium (Ca)|108 mg
FP031|Fosfor (P)|236 mg
FP031|Besi (Fe)|6.8 mg
FP031|Retinol (Vit. A)|16 mcg
FP031|Karoten Total (Re)|80 mcg
FP031|Thiamin (Vit. B1)|0.10 mg
FP031|Niasin (Niacin)|0.0 mg
FP032|Air (Water)|49.8 g
FP032|Energi (Energy)|244 Kal
FP032|Protein (Protein)|36.7 g
FP032|Lemak (Fat)|9.2 g
FP032|Karbohidrat (CHO)|1.0 g
FP032|Serat (Fibre)|0.0 g
FP032|Abu (ASH)|3.4 g
FP032|Kalsium (Ca)|81 mg
FP032|Fosfor (P)|154 mg
FP032|Besi (Fe)|6.1 mg
FP032|Retinol (Vit. A)|20 mcg
FP032|Karoten Total (Re)|80 mcg
FP032|Thiamin (Vit. B1)|0.66 mg
FP032|Niasin (Niacin)|0.0 mg
FP033|Air (Water)|46.0 g
FP033|Energi (Energy)|283 Kal
FP033|Protein (Protein)|35.7 g
FP033|Lemak (Fat)|14.3 g
FP033|Karbohidrat (CHO)|0.5 g
FP033|Serat (Fibre)|0.0 g
FP033|Abu (ASH)|3.6 g
FP033|Kalsium (Ca)|68 mg
FP033|Fosfor (P)|106 mg
FP033|Besi (Fe)|5.4 mg
FP033|Retinol (Vit. A)|11 mcg
FP033|Karoten Total (Re)|60 mcg
FP033|Thiamin (Vit. B1)|0.36 mg
FP033|Niasin (Niacin)|0.0 mg
FP034|Air (Water)|57.5 g
FP034|Energi (Energy)|264 Kal
FP034|Protein (Protein)|18.2 g
FP034|Lemak (Fat)|20.1 g
FP034|Karbohidrat (CHO)|2.7 g
FP034|Abu (ASH)|1.5 g
FP034|Kalsium (Ca)|94 mg
FP034|Fosfor (P)|164 mg
FP034|Besi (Fe)|2.0 mg
FP034|Natrium (Na)|507 mg
FP034|Kalium (K)|408.0 mg
FP034|Tembaga (Cu)|0.40 mg
FP034|Seng (Zn)|12.3 mg
FP034|Retinol (Vit. A)|1,067 mcg
FP035|Air (Water)|56.2 g
FP035|Energi (Energy)|491 Kal
FP035|Protein (Protein)|24.6 g
FP035|Lemak (Fat)|16.3 g
FP035|Karbohidrat (CHO)|0.2 g
FP035|Abu (ASH)|2.7 g
FP035|Kalsium (Ca)|18 mg
FP035|Fosfor (P)|144 mg
FP035|Besi (Fe)|1.2 mg
FP035|Natrium (Na)|1,415 mg
FP035|Kalium (K)|327.0 mg
FP035|Tembaga (Cu)|0.20 mg
FP035|Seng (Zn)|2.6 mg
FP035|Retinol (Vit. A)|2,193 mcg
FP035|Thiamin (Vit. B1)|0.61 mg
FP035|Riboflavin (Vit. B2)|0.47 mg
FP035|Vitamin C (Vit. C)|0 mg
FP036|Air (Water)|45.5 g
FP036|Energi (Energy)|258 Kal
FP036|Protein (Protein)|10.6 g
FP036|Lemak (Fat)|9.5 g
FP036|Karbohidrat (CHO)|32.5 g
FP036|Serat (Fibre)|0.4 g
FP036|Abu (ASH)|2.2 g
FP036|Kalsium (Ca)|210 mg
FP036|Fosfor (P)|157 mg
FP036|Besi (Fe)|2.6 mg
FP036|Natrium (Na)|572 mg
FP036|Kalium (K)|189.1 mg
FP036|Retinol (Vit. A)|218 mcg
FP036|Karoten Total (Re)|7,580 mcg
FP036|Thiamin (Vit. B1)|0.95 mg
FP036|Vitamin C (Vit. C)|0 mg
FP037|Air (Water)|65.1 g
FP037|Energi (Energy)|151 Kal
FP037|Protein (Protein)|8.6 g
FP037|Lemak (Fat)|3.1 g
FP037|Karbohidrat (CHO)|22.3 g
FP037|Serat (Fibre)|0.3 g
FP037|Abu (ASH)|0.9 g
FP037|Kalsium (Ca)|142 mg
FP037|Fosfor (P)|62 mg
FP037|Besi (Fe)|2.3 mg
FP037|Natrium (Na)|377 mg
FP037|Retinol (Vit. A)|22 mcg
FP037|Karoten Total (Re)|400 mcg
FP037|Thiamin (Vit. B1)|0.53 mg
FP037|Vitamin C (Vit. C)|0 mg
FP038|Air (Water)|67.7 g
FP038|Energi (Energy)|132 Kal
FP038|Protein (Protein)|9.8 g
FP038|Lemak (Fat)|1.1 g
FP038|Karbohidrat (CHO)|20.7 g
FP038|Serat (Fibre)|0.3 g
FP038|Abu (ASH)|0.8 g
FP038|Kalsium (Ca)|302 mg
FP038|Fosfor (P)|67 mg
FP038|Besi (Fe)|2.0 mg
FP038|Natrium (Na)|409 mg
FP038|Retinol (Vit. A)|78 mcg
FP038|Karoten Total (Re)|700 mcg
FP038|Thiamin (Vit. B1)|0.62 mg
FP038|Vitamin C (Vit. C)|0 mg
FP039|Air (Water)|76.4 g
FP039|Energi (Energy)|141 Kal
FP039|Protein (Protein)|15.3 g
FP039|Lemak (Fat)|3.3 g
FP039|Karbohidrat (CHO)|12.6 g
FP039|Serat (Fibre)|1.0 g
FP039|Abu (ASH)|2.4 g
FP039|Kalsium (Ca)|87 mg
FP039|Fosfor (P)|97 mg
FP039|Besi (Fe)|5.1 mg
FP039|Retinol (Vit. A)|4 mcg
FP039|Karoten Total (Re)|356 mcg
FP039|Thiamin (Vit. B1)|0.40 mg
FP039|Vitamin C (Vit. C)|0 mg
FP040|Air (Water)|84.2 g
FP040|Energi (Energy)|72 Kal
FP040|Protein (Protein)|11.4 g
FP040|Lemak (Fat)|4.9 g
FP040|Karbohidrat (CHO)|1.4 g
FP040|Serat (Fibre)|1.7 g
FP040|Abu (ASH)|0.7 g
FP040|Kalsium (Ca)|214 mg
FP040|Fosfor (P)|86 mg
FP040|Besi (Fe)|2.5 mg
FP040|Natrium (Na)|509 mg
FP040|Retinol (Vit. A)|17 mcg
FP040|Thiamin (Vit. B1)|1.08 mg
FP040|Vitamin C (Vit. C)|0 mg
FP041|Air (Water)|68.2 g
FP041|Energi (Energy)|168 Kal
FP041|Protein (Protein)|13.0 g
FP041|Lemak (Fat)|9.6 g
FP041|Karbohidrat (CHO)|7.5 g
FP041|Serat (Fibre)|0.8 g
FP041|Abu (ASH)|1.7 g
FP041|Kalsium (Ca)|137 mg
FP041|Fosfor (P)|106 mg
FP041|Besi (Fe)|3.1 mg
FP041|Natrium (Na)|959 mg
FP041|Retinol (Vit. A)|68 mcg
FP041|Karoten Total (Re)|2,200 mcg
FP041|Thiamin (Vit. B1)|0.65 mg
FP041|Vitamin C (Vit. C)|0 mg
FP042|Air (Water)|65.4 g
FP042|Energi (Energy)|143 Kal
FP042|Protein (Protein)|9.8 g
FP042|Lemak (Fat)|1.4 g
FP042|Karbohidrat (CHO)|22.8 g
FP042|Serat (Fibre)|0.4 g
FP042|Abu (ASH)|0.6 g
FP042|Kalsium (Ca)|301 mg
FP042|Fosfor (P)|63 mg
FP042|Besi (Fe)|2.0 mg
FP042|Natrium (Na)|531 mg
FP042|Retinol (Vit. A)|27 mcg
FP042|Karoten Total (Re)|1,280 mcg
FP042|Thiamin (Vit. B1)|0.73 mg
FP042|Vitamin C (Vit. C)|0 mg
FP043|Air (Water)|83.5 g
FP043|Energi (Energy)|96 Kal
FP043|Protein (Protein)|6.8 g
FP043|Lemak (Fat)|5.9 g
FP043|Karbohidrat (CHO)|3.8 g
FP043|Abu (ASH)|0.9 g
FP043|Kalsium (Ca)|11 mg
FP043|Fosfor (P)|106 mg
FP043|Besi (Fe)|2.3 mg
FP043|Natrium (Na)|96 mg
FP043|Kalium (K)|31.0 mg
FP043|Tembaga (Cu)|0.10 mg
FP043|Seng (Zn)|1.0 mg
FP043|Thiamin (Vit. B1)|0.23 mg
FP043|Riboflavin (Vit. B2)|0.14 mg
FP043|Niasin (Niacin)|4.2 mg
FP044|Air (Water)|85.9 g
FP044|Energi (Energy)|84 Kal
FP044|Protein (Protein)|6.0 g
FP044|Lemak (Fat)|6.0 g
FP044|Karbohidrat (CHO)|1.4 g
FP044|Abu (ASH)|0.7 g
FP044|Kalsium (Ca)|8 mg
FP044|Fosfor (P)|104 mg
FP044|Besi (Fe)|4.0 mg
FP044|Natrium (Na)|90 mg
FP044|Kalium (K)|25.0 mg
FP044|Tembaga (Cu)|0.30 mg
FP044|Seng (Zn)|0.6 mg
FP044|Thiamin (Vit. B1)|0.16 mg
FP044|Riboflavin (Vit. B2)|0.14 mg
FP044|Niasin (Niacin)|10.3 mg
FP045|Air (Water)|43.4 g
FP045|Energi (Energy)|248 Kal
FP045|Protein (Protein)|10.0 g
FP045|Lemak (Fat)|2.3 g
FP045|Karbohidrat (CHO)|40.9 g
FP045|Serat (Fibre)|0.1 g
FP045|Abu (ASH)|3.4 g
FP045|Kalsium (Ca)|116 mg
FP045|Fosfor (P)|110 mg
FP045|Besi (Fe)|2.8 mg
FP045|Natrium (Na)|401 mg
FP045|Retinol (Vit. A)|52 mcg
FP045|Karoten Total (Re)|1,920 mcg
FP045|Thiamin (Vit. B1)|0.75 mg
FP045|Vitamin C (Vit. C)|0 mg
FP046|Air (Water)|43.9 g
FP046|Energi (Energy)|248 Kal
FP046|Protein (Protein)|36.2 g
FP046|Lemak (Fat)|6.9 g
FP046|Karbohidrat (CHO)|10.1 g
FP046|Abu (ASH)|2.0 g
FP046|Kalsium (Ca)|131 mg
FP046|Fosfor (P)|235 mg
FP046|Besi (Fe)|6.4 mg
FP046|Natrium (Na)|848 mg
FP046|Retinol (Vit. A)|112 mcg
FP046|Karoten Total (Re)|620 mcg
FP046|Thiamin (Vit. B1)|0.55 mg
FP046|Vitamin C (Vit. C)|0 mg
FP047|Air (Water)|78.4 g
FP047|Energi (Energy)|126 Kal
FP047|Protein (Protein)|4.2 g
FP047|Lemak (Fat)|9.4 g
FP047|Karbohidrat (CHO)|6.2 g
FP047|Abu (ASH)|1.8 g
FP047|Kalsium (Ca)|45 mg
FP047|Fosfor (P)|73 mg
FP047|Besi (Fe)|1.3 mg
FP047|Natrium (Na)|302 mg
FP047|Kalium (K)|138.0 mg
FP047|Tembaga (Cu)|0.20 mg
FP047|Seng (Zn)|1.1 mg
FP047|Retinol (Vit. A)|151 mcg
FP047|Thiamin (Vit. B1)|0.13 mg
FP047|Riboflavin (Vit. B2)|0.01 mg
FP048|Air (Water)|73.6 g
FP048|Energi (Energy)|107 Kal
FP048|Protein (Protein)|5.3 g
FP048|Lemak (Fat)|2.2 g
FP048|Karbohidrat (CHO)|16.5 g
FP048|Abu (ASH)|2.4 g
FP048|Kalsium (Ca)|64 mg
FP048|Fosfor (P)|61 mg
FP048|Besi (Fe)|2.5 mg
FP048|Natrium (Na)|482 mg
FP048|Kalium (K)|406.0 mg
FP048|Tembaga (Cu)|0.20 mg
FP048|Seng (Zn)|0.8 mg
FP048|Thiamin (Vit. B1)|0.18 mg
FP048|Riboflavin (Vit. B2)|0.02 mg
FP048|Niasin (Niacin)|3.4 mg
FP049|Air (Water)|64.7 g
FP049|Energi (Energy)|203 Kal
FP049|Protein (Protein)|16.0 g
FP049|Lemak (Fat)|13.5 g
FP049|Karbohidrat (CHO)|4.4 g
FP049|Abu (ASH)|1.4 g
FP049|Kalsium (Ca)|278 mg
FP049|Fosfor (P)|177 mg
FP049|Besi (Fe)|4.2 mg
FP049|Natrium (Na)|534 mg
FP049|Retinol (Vit. A)|105 mcg
FP049|Karoten Total (Re)|3,780 mcg
FP049|Thiamin (Vit. B1)|0.35 mg
FP049|Vitamin C (Vit. C)|0 mg
FP050|Air (Water)|68.9 g
FP050|Energi (Energy)|163 Kal
FP050|Protein (Protein)|16.5 g
FP050|Lemak (Fat)|9.0 g
FP050|Karbohidrat (CHO)|4.1 g
FP050|Abu (ASH)|1.5 g
FP050|Kalsium (Ca)|102 mg
FP050|Fosfor (P)|268 mg
FP050|Besi (Fe)|7.1 mg
FP050|Natrium (Na)|570 mg
FP050|Retinol (Vit. A)|298 mcg
FP050|Karoten Total (Re)|1,960 mcg
FP050|Thiamin (Vit. B1)|0.70 mg
FP050|Vitamin C (Vit. C)|0 mg
FP051|Air (Water)|75.3 g
FP051|Energi (Energy)|122 Kal
FP051|Protein (Protein)|13.8 g
FP051|Lemak (Fat)|5.7 g
FP051|Karbohidrat (CHO)|3.9 g
FP051|Abu (ASH)|1.3 g
FP051|Kalsium (Ca)|154 mg
FP051|Fosfor (P)|59 mg
FP051|Besi (Fe)|3.4 mg
FP051|Natrium (Na)|519 mg
FP051|Retinol (Vit. A)|36 mcg
FP051|Karoten Total (Re)|1,440 mcg
FP051|Thiamin (Vit. B1)|0.38 mg
FP051|Vitamin C (Vit. C)|0 mg
FP052|Air (Water)|70.3 g
FP052|Energi (Energy)|157 Kal
FP052|Protein (Protein)|8.1 g
FP052|Lemak (Fat)|8.8 g
FP052|Karbohidrat (CHO)|11.4 g
FP052|Abu (ASH)|1.4 g
FP052|Kalsium (Ca)|212 mg
FP052|Fosfor (P)|69 mg
FP052|Besi (Fe)|3.3 mg
FP052|Natrium (Na)|604 mg
FP052|Retinol (Vit. A)|32 mcg
FP052|Karoten Total (Re)|1,040 mcg
FP052|Thiamin (Vit. B1)|0.45 mg
FP052|Vitamin C (Vit. C)|0 mg
FP053|Air (Water)|68.8 g
FP053|Energi (Energy)|174 Kal
FP053|Protein (Protein)|17.0 g
FP053|Lemak (Fat)|10.0 g
FP053|Karbohidrat (CHO)|3.0 g
FP053|Serat (Fibre)|0.0 g
FP053|Abu (ASH)|1.2 g
FP053|Kalsium (Ca)|61 mg
FP053|Fosfor (P)|141 mg
FP053|Besi (Fe)|3.0 mg
FP053|Seng (Zn)|0.0 mg
FP053|Beta-Karoten (Carotenes)|0 mcg
FP053|Thiamin (Vit. B1)|0.10 mg
FP053|Niasin (Niacin)|0.0 mg
FP054|Air (Water)|66.3 g
FP054|Energi (Energy)|141 Kal
FP054|Protein (Protein)|23.0 g
FP054|Lemak (Fat)|1.5 g
FP054|Karbohidrat (CHO)|7.6 g
FP054|Serat (Fibre)|0.0 g
FP054|Abu (ASH)|1.6 g
FP054|Kalsium (Ca)|69 mg
FP054|Fosfor (P)|141 mg
FP054|Besi (Fe)|6.0 mg
FP054|Seng (Zn)|0.0 mg
FP054|Beta-Karoten (Carotenes)|0 mcg
FP054|Thiamin (Vit. B1)|0.10 mg
FP054|Niasin (Niacin)|0.0 mg
FP055|Air (Water)|72.4 g
FP055|Energi (Energy)|159 Kal
FP055|Protein (Protein)|5.0 g
FP055|Lemak (Fat)|10.9 g
FP055|Karbohidrat (CHO)|10.1 g
FP055|Abu (ASH)|1.6 g
FP055|Kalsium (Ca)|57 mg
FP055|Fosfor (P)|107 mg
FP055|Besi (Fe)|1.5 mg
FP055|Natrium (Na)|400 mg
FP055|Kalium (K)|2,368.0 mg
FP055|Tembaga (Cu)|0.10 mg
FP055|Seng (Zn)|1.0 mg
FP055|Retinol (Vit. A)|14 mcg
FP055|Thiamin (Vit. B1)|0.25 mg
FP055|Riboflavin (Vit. B2)|0.16 mg
FP056|Air (Water)|14.8 g
FP056|Energi (Energy)|478 Kal
FP056|Protein (Protein)|38.3 g
FP056|Lemak (Fat)|33.9 g
FP056|Karbohidrat (CHO)|5.1 g
FP056|Abu (ASH)|7.9 g
FP056|Kalsium (Ca)|30 mg
FP056|Fosfor (P)|390 mg
FP056|Besi (Fe)|11.8 mg
FP056|Natrium (Na)|220 mg
FP056|Kalium (K)|320.0 mg
FP056|Tembaga (Cu)|0.60 mg
FP056|Seng (Zn)|3.9 mg
FP056|Retinol (Vit. A)|33 mcg
FP056|Niasin (Niacin)|0.2 mg
FP057|Air (Water)|59.0 g
FP057|Energi (Energy)|196 Kal
FP057|Protein (Protein)|14.5 g
FP057|Lemak (Fat)|8.3 g
FP057|Karbohidrat (CHO)|15.9 g
FP057|Abu (ASH)|2.3 g
FP057|Kalsium (Ca)|69 mg
FP057|Fosfor (P)|157 mg
FP057|Besi (Fe)|1.0 mg
FP057|Natrium (Na)|386 mg
FP057|Kalium (K)|470.0 mg
FP057|Tembaga (Cu)|0.30 mg
FP057|Seng (Zn)|2.0 mg
FP057|Thiamin (Vit. B1)|0.20 mg
FP057|Riboflavin (Vit. B2)|0.24 mg
FP057|Niasin (Niacin)|1.5 mg
FP058|Air (Water)|74.9 g
FP058|Energi (Energy)|117 Kal
FP058|Protein (Protein)|13.7 g
FP058|Lemak (Fat)|5.0 g
FP058|Karbohidrat (CHO)|4.3 g
FP058|Abu (ASH)|0.1 g
FP058|Kalsium (Ca)|964 mg
FP058|Fosfor (P)|804 mg
FP058|Besi (Fe)|2.0 mg
FP058|Kalium (K)|727.0 mg
FP058|Tembaga (Cu)|0.30 mg
FP058|Seng (Zn)|1.5 mg
FP058|Retinol (Vit. A)|4,095 mcg
FP058|Thiamin (Vit. B1)|0.77 mg
FP058|Riboflavin (Vit. B2)|0.04 mg
FP058|Niasin (Niacin)|1.7 mg
FP059|Air (Water)|25.4 g
FP059|Energi (Energy)|460 Kal
FP059|Protein (Protein)|28.5 g
FP059|Lemak (Fat)|35.2 g
FP059|Karbohidrat (CHO)|7.2 g
FP059|Abu (ASH)|3.7 g
FP059|Kalsium (Ca)|188 mg
FP059|Fosfor (P)|357 mg
FP059|Besi (Fe)|5.5 mg
FP059|Natrium (Na)|2,002 mg
FP059|Kalium (K)|532.0 mg
FP059|Tembaga (Cu)|0.40 mg
FP059|Seng (Zn)|2.5 mg
FP059|Retinol (Vit. A)|954 mcg
FP059|Thiamin (Vit. B1)|0.27 mg
FP059|Riboflavin (Vit. B2)|0.19 mg
FP060|Air (Water)|60.0 g
FP060|Energi (Energy)|219 Kal
FP060|Protein (Protein)|19.7 g
FP060|Lemak (Fat)|13.6 g
FP060|Karbohidrat (CHO)|4.4 g
FP060|Abu (ASH)|2.3 g
FP060|Kalsium (Ca)|33 mg
FP060|Fosfor (P)|160 mg
FP060|Besi (Fe)|1.6 mg
FP060|Natrium (Na)|577 mg
FP060|Retinol (Vit. A)|137 mcg
FP060|Karoten Total (Re)|1,940 mcg
FP060|Thiamin (Vit. B1)|0.42 mg
FP060|Vitamin C (Vit. C)|0 mg
FP061|Air (Water)|86.0 g
FP061|Energi (Energy)|60 Kal
FP061|Protein (Protein)|5.4 g
FP061|Lemak (Fat)|2.5 g
FP061|Karbohidrat (CHO)|4.0 g
FP061|Abu (ASH)|2.1 g
FP061|Kalsium (Ca)|272 mg
FP061|Fosfor (P)|153 mg
FP061|Besi (Fe)|3.3 mg
FP061|Retinol (Vit. A)|10 mcg
FP061|Karoten Total (Re)|1,235 mcg
FP061|Thiamin (Vit. B1)|0.09 mg
FP061|Vitamin C (Vit. C)|0 mg
FP062|Air (Water)|57.9 g
FP062|Energi (Energy)|193 Kal
FP062|Protein (Protein)|22.6 g
FP062|Lemak (Fat)|7.9 g
FP062|Karbohidrat (CHO)|7.8 g
FP062|Serat (Fibre)|0.0 g
FP062|Abu (ASH)|3.8 g
FP062|Kalsium (Ca)|474 mg
FP062|Fosfor (P)|211 mg
FP062|Besi (Fe)|14.9 mg
FP062|Retinol (Vit. A)|21 mcg
FP062|Karoten Total (Re)|534 mcg
FP062|Thiamin (Vit. B1)|0.12 mg
FP062|Niasin (Niacin)|0.0 mg
FP063|Air (Water)|60.8 g
FP063|Energi (Energy)|198 Kal
FP063|Protein (Protein)|24.6 g
FP063|Lemak (Fat)|10.7 g
FP063|Karbohidrat (CHO)|0.9 g
FP063|Abu (ASH)|3.0 g
FP063|Kalsium (Ca)|1,071 mg
FP063|Fosfor (P)|876 mg
FP063|Besi (Fe)|4.0 mg
FP063|Natrium (Na)|1,604 mg
FP063|Kalium (K)|226.0 mg
FP063|Tembaga (Cu)|0.10 mg
FP063|Seng (Zn)|2.8 mg
FP063|Retinol (Vit. A)|256 mcg
FP063|Thiamin (Vit. B1)|0.35 mg
FP063|Riboflavin (Vit. B2)|0.20 mg
FP064|Air (Water)|57.4 g
FP064|Energi (Energy)|179 Kal
FP064|Protein (Protein)|22.5 g
FP064|Lemak (Fat)|3.5 g
FP064|Karbohidrat (CHO)|13.3 g
FP064|Serat (Fibre)|0.0 g
FP064|Abu (ASH)|3.3 g
FP064|Kalsium (Ca)|187 mg
FP064|Fosfor (P)|238 mg
FP064|Besi (Fe)|14.4 mg
FP064|Seng (Zn)|0.0 mg
FP064|Beta-Karoten (Carotenes)|0 mcg
FP064|Thiamin (Vit. B1)|0.10 mg
FP064|Niasin (Niacin)|0.0 mg
FP065|Air (Water)|52.1 g
FP065|Energi (Energy)|274 Kal
FP065|Protein (Protein)|12.9 g
FP065|Lemak (Fat)|18.6 g
FP065|Karbohidrat (CHO)|13.6 g
FP065|Abu (ASH)|2.8 g
FP065|Kalsium (Ca)|63 mg
FP065|Fosfor (P)|190 mg
FP065|Besi (Fe)|2.7 mg
FP065|Natrium (Na)|609 mg
FP065|Retinol (Vit. A)|133 mcg
FP065|Beta-Karoten (Carotenes)|0 mcg
FP065|Thiamin (Vit. B1)|0.06 mg
FP065|Niasin (Niacin)|0.0 mg
FP066|Air (Water)|71.3 g
FP066|Energi (Energy)|174 Kal
FP066|Protein (Protein)|13.1 g
FP066|Lemak (Fat)|12.2 g
FP066|Karbohidrat (CHO)|2.2 g
FP066|Serat (Fibre)|0.0 g
FP066|Abu (ASH)|1.2 g
FP066|Kalsium (Ca)|72 mg
FP066|Fosfor (P)|186 mg
FP066|Besi (Fe)|9.5 mg
FP066|Kalium (K)|507.0 mg
FP066|Tembaga (Cu)|0.80 mg
FP066|Seng (Zn)|2.4 mg
FP066|Retinol (Vit. A)|1,302 mcg
FP067|Air (Water)|32.4 g
FP067|Energi (Energy)|474 Kal
FP067|Protein (Protein)|11.2 g
FP067|Lemak (Fat)|42.5 g
FP067|Karbohidrat (CHO)|11.7 g
FP067|Abu (ASH)|2.2 g
FP067|Kalsium (Ca)|26 mg
FP067|Fosfor (P)|62 mg
FP067|Besi (Fe)|1.3 mg
FP067|Natrium (Na)|677 mg
FP067|Kalium (K)|176.0 mg
FP067|Tembaga (Cu)|2.40 mg
FP067|Seng (Zn)|3.2 mg
FP067|Retinol (Vit. A)|141 mcg
FP067|Beta-Karoten (Carotenes)|9 mcg
FP067|Thiamin (Vit. B1)|0.46 mg
FP067|Riboflavin (Vit. B2)|0.26 mg
FP068|Air (Water)|86.1 g
FP068|Energi (Energy)|71 Kal
FP068|Protein (Protein)|7.5 g
FP068|Lemak (Fat)|3.6 g
FP068|Karbohidrat (CHO)|2.2 g
FP068|Abu (ASH)|0.6 g
FP068|Kalsium (Ca)|286 mg
FP068|Fosfor (P)|38 mg
FP068|Besi (Fe)|3.2 mg
FP068|Natrium (Na)|490 mg
FP068|Retinol (Vit. A)|119 mcg
FP068|Karoten Total (Re)|2,900 mcg
FP068|Thiamin (Vit. B1)|0.14 mg
FP068|Vitamin C (Vit. C)|0 mg
FP069|Air (Water)|87.5 g
FP069|Energi (Energy)|49 Kal
FP069|Protein (Protein)|5.8 g
FP069|Lemak (Fat)|0.5 g
FP069|Karbohidrat (CHO)|5.3 g
FP069|Abu (ASH)|0.9 g
FP069|Kalsium (Ca)|158 mg
FP069|Fosfor (P)|48 mg
FP069|Besi (Fe)|2.2 mg
FP069|Natrium (Na)|391 mg
FP069|Retinol (Vit. A)|101 mcg
FP069|Karoten Total (Re)|3,320 mcg
FP069|Thiamin (Vit. B1)|0.37 mg
FP069|Vitamin C (Vit. C)|0 mg
FP070|Air (Water)|84.5 g
FP070|Energi (Energy)|68 Kal
FP070|Protein (Protein)|9.0 g
FP070|Lemak (Fat)|1.9 g
FP070|Karbohidrat (CHO)|3.7 g
FP070|Abu (ASH)|0.9 g
FP070|Kalsium (Ca)|302 mg
FP070|Fosfor (P)|15 mg
FP070|Besi (Fe)|2.2 mg
FP070|Natrium (Na)|435 mg
FP070|Retinol (Vit. A)|48 mcg
FP070|Karoten Total (Re)|150 mcg
FP070|Thiamin (Vit. B1)|0.46 mg
FP070|Vitamin C (Vit. C)|0 mg
FP071|Air (Water)|91.6 g
FP071|Energi (Energy)|34 Kal
FP071|Protein (Protein)|5.5 g
FP071|Lemak (Fat)|0.8 g
FP071|Karbohidrat (CHO)|1.1 g
FP071|Abu (ASH)|1.0 g
FP071|Kalsium (Ca)|145 mg
FP071|Fosfor (P)|37 mg
FP071|Besi (Fe)|1.6 mg
FP071|Natrium (Na)|348 mg
FP071|Retinol (Vit. A)|48 mcg
FP071|Karoten Total (Re)|80 mcg
FP071|Thiamin (Vit. B1)|0.57 mg
FP071|Vitamin C (Vit. C)|0 mg
FP072|Air (Water)|85.0 g
FP072|Energi (Energy)|71 Kal
FP072|Protein (Protein)|7.4 g
FP072|Lemak (Fat)|2.6 g
FP072|Karbohidrat (CHO)|4.5 g
FP072|Abu (ASH)|0.5 g
FP072|Kalsium (Ca)|17 mg
FP072|Fosfor (P)|60 mg
FP072|Besi (Fe)|4.6 mg
FP072|Natrium (Na)|184 mg
FP072|Kalium (K)|25.0 mg
FP072|Tembaga (Cu)|0.30 mg
FP072|Seng (Zn)|1.3 mg
FP072|Thiamin (Vit. B1)|0.12 mg
FP072|Riboflavin (Vit. B2)|0.02 mg
FP072|Niasin (Niacin)|10.9 mg
FP072|Vitamin C (Vit. C)|0 mg
FP073|Air (Water)|82.4 g
FP073|Energi (Energy)|89 Kal
FP073|Protein (Protein)|7.2 g
FP073|Lemak (Fat)|5.0 g
FP073|Karbohidrat (CHO)|3.9 g
FP073|Abu (ASH)|1.5 g
FP073|Kalsium (Ca)|10 mg
FP073|Fosfor (P)|174 mg
FP073|Besi (Fe)|9.0 mg
FP073|Natrium (Na)|274 mg
FP073|Kalium (K)|50.0 mg
FP073|Tembaga (Cu)|0.20 mg
FP073|Seng (Zn)|1.1 mg
FP073|Thiamin (Vit. B1)|0.09 mg
FP073|Riboflavin (Vit. B2)|0.12 mg
FP073|Niasin (Niacin)|2.0 mg
FP073|Vitamin C (Vit. C)|0 mg
FP074|Air (Water)|89.9 g
FP074|Energi (Energy)|42 Kal
FP074|Protein (Protein)|3.9 g
FP074|Lemak (Fat)|1.7 g
FP074|Karbohidrat (CHO)|2.8 g
FP074|Serat (Fibre)|0.4 g
FP074|Abu (ASH)|1.8 g
FP074|Kalsium (Ca)|74 mg
FP074|Fosfor (P)|75 mg
FP074|Besi (Fe)|1.8 mg
FP074|Retinol (Vit. A)|6 mcg
FP074|Beta-Karoten (Carotenes)|20 mcg
FP074|Karoten Total (Re)|0 mcg
FP074|Niasin (Niacin)|0.0 mg
FP074|Vitamin C (Vit. C)|0 mg
FP075|Air (Water)|83.7 g
FP075|Energi (Energy)|110 Kal
FP075|Protein (Protein)|2.9 g
FP075|Lemak (Fat)|9.5 g
FP075|Karbohidrat (CHO)|3.2 g
FP075|Abu (ASH)|0.7 g
FP075|Kalsium (Ca)|28 mg
FP075|Fosfor (P)|28 mg
FP075|Besi (Fe)|0.3 mg
FP075|Natrium (Na)|36 mg
FP075|Kalium (K)|6.0 mg
FP075|Tembaga (Cu)|0.00 mg
FP075|Seng (Zn)|0.2 mg
FP075|Retinol (Vit. A)|12 mcg
FP075|Karoten Total (Re)|770 mcg
FP075|Thiamin (Vit. B1)|0.05 mg
FP075|Vitamin C (Vit. C)|0 mg
FP076|Air (Water)|75.9 g
FP076|Energi (Energy)|135 Kal
FP076|Protein (Protein)|2.5 g
FP076|Lemak (Fat)|8.8 g
FP076|Karbohidrat (CHO)|11.5 g
FP076|Serat (Fibre)|0.5 g
FP076|Abu (ASH)|1.3 g
FP076|Kalsium (Ca)|222 mg
FP076|Fosfor (P)|72 mg
FP076|Besi (Fe)|1.9 mg
FP076|Retinol (Vit. A)|6 mcg
FP076|Karoten Total (Re)|336 mcg
FP076|Thiamin (Vit. B1)|0.04 mg
FP076|Niasin (Niacin)|0.0 mg
FP076|Vitamin C (Vit. C)|0 mg
FP077|Air (Water)|81.4 g
FP077|Energi (Energy)|92 Kal
FP077|Protein (Protein)|11.8 g
FP077|Lemak (Fat)|4.3 g
FP077|Karbohidrat (CHO)|1.4 g
FP077|Abu (ASH)|1.1 g
FP077|Kalsium (Ca)|218 mg
FP077|Fosfor (P)|48 mg
FP077|Besi (Fe)|1.9 mg
FP077|Natrium (Na)|363 mg
FP077|Retinol (Vit. A)|85 mcg
FP077|Karoten Total (Re)|440 mcg
FP077|Thiamin (Vit. B1)|0.36 mg
FP077|Vitamin C (Vit. C)|0 mg
FP078|Air (Water)|91.6 g
FP078|Energi (Energy)|38 Kal
FP078|Protein (Protein)|2.6 g
FP078|Lemak (Fat)|2.3 g
FP078|Karbohidrat (CHO)|1.8 g
FP078|Serat (Fibre)|0.2 g
FP078|Abu (ASH)|1.7 g
FP078|Kalsium (Ca)|237 mg
FP078|Fosfor (P)|67 mg
FP078|Besi (Fe)|1.7 mg
FP078|Retinol (Vit. A)|23 mcg
FP078|Karoten Total (Re)|128 mcg
FP078|Thiamin (Vit. B1)|0.06 mg
FP078|Niasin (Niacin)|0.5 mg
FP078|Vitamin C (Vit. C)|0 mg
FP079|Air (Water)|89.8 g
FP079|Energi (Energy)|60 Kal
FP079|Protein (Protein)|3.5 g
FP079|Lemak (Fat)|4.5 g
FP079|Karbohidrat (CHO)|1.3 g
FP079|Serat (Fibre)|0.0 g
FP079|Abu (ASH)|0.9 g
FP079|Kalsium (Ca)|361 mg
FP079|Fosfor (P)|126 mg
FP079|Besi (Fe)|3.8 mg
FP079|Retinol (Vit. A)|26 mcg
FP079|Karoten Total (Re)|121 mcg
FP079|Thiamin (Vit. B1)|0.06 mg
FP079|Niasin (Niacin)|0.0 mg
FP079|Vitamin C (Vit. C)|0 mg
FP080|Air (Water)|75.0 g
FP080|Energi (Energy)|127 Kal
FP080|Protein (Protein)|5.9 g
FP080|Lemak (Fat)|6.6 g
FP080|Karbohidrat (CHO)|11.0 g
FP080|Serat (Fibre)|0.7 g
FP080|Abu (ASH)|2.0 g
FP080|Kalsium (Ca)|298 mg
FP080|Fosfor (P)|94 mg
FP080|Besi (Fe)|1.5 mg
FP080|Retinol (Vit. A)|12 mcg
FP080|Karoten Total (Re)|204 mcg
FP080|Thiamin (Vit. B1)|0.22 mg
FP080|Niasin (Niacin)|0.0 mg
FP080|Vitamin C (Vit. C)|0 mg
FP081|Air (Water)|83.8 g
FP081|Energi (Energy)|94 Kal
FP081|Protein (Protein)|3.0 g
FP081|Lemak (Fat)|6.8 g
FP081|Karbohidrat (CHO)|5.1 g
FP081|Serat (Fibre)|0.3 g
FP081|Abu (ASH)|1.3 g
FP081|Kalsium (Ca)|322 mg
FP081|Fosfor (P)|79 mg
FP081|Besi (Fe)|2.0 mg
FP081|Retinol (Vit. A)|14 mcg
FP081|Karoten Total (Re)|119 mcg
FP081|Thiamin (Vit. B1)|0.29 mg
FP081|Niasin (Niacin)|0.0 mg
FP081|Vitamin C (Vit. C)|0 mg
FP082|Air (Water)|86.0 g
FP082|Energi (Energy)|75 Kal
FP082|Protein (Protein)|3.6 g
FP082|Lemak (Fat)|5.2 g
FP082|Karbohidrat (CHO)|3.5 g
FP082|Serat (Fibre)|0.0 g
FP082|Abu (ASH)|1.7 g
FP082|Kalsium (Ca)|170 mg
FP082|Fosfor (P)|80 mg
FP082|Besi (Fe)|2.1 mg
FP082|Retinol (Vit. A)|16 mcg
FP082|Karoten Total (Re)|30 mcg
FP082|Thiamin (Vit. B1)|0.13 mg
FP082|Niasin (Niacin)|0.0 mg
FP082|Vitamin C (Vit. C)|0 mg
FP083|Air (Water)|75.9 g
FP083|Energi (Energy)|80 Kal
FP083|Protein (Protein)|3.2 g
FP083|Lemak (Fat)|3.5 g
FP083|Karbohidrat (CHO)|9.0 g
FP083|Serat (Fibre)|0.3 g
FP083|Abu (ASH)|1.1 g
FP083|Kalsium (Ca)|347 mg
FP083|Fosfor (P)|77 mg
FP083|Besi (Fe)|2.3 mg
FP083|Retinol (Vit. A)|12 mcg
FP083|Karoten Total (Re)|89 mcg
FP083|Thiamin (Vit. B1)|0.04 mg
FP083|Niasin (Niacin)|0.0 mg
FP083|Vitamin C (Vit. C)|0 mg
FP084|Air (Water)|88.1 g
FP084|Energi (Energy)|86 Kal
FP084|Protein (Protein)|2.3 g
FP084|Lemak (Fat)|8.5 g
FP084|Karbohidrat (CHO)|0.0 g
FP084|Serat (Fibre)|0.0 g
FP084|Abu (ASH)|1.1 g
FP084|Kalsium (Ca)|200 mg
FP084|Fosfor (P)|120 mg
FP084|Besi (Fe)|2.9 mg
FP084|Retinol (Vit. A)|20 mcg
FP084|Karoten Total (Re)|105 mcg
FP084|Thiamin (Vit. B1)|0.08 mg
FP084|Niasin (Niacin)|0.0 mg
FP084|Vitamin C (Vit. C)|0 mg
FP085|Air (Water)|81.0 g
FP085|Energi (Energy)|75 Kal
FP085|Protein (Protein)|5.6 g
FP085|Lemak (Fat)|0.4 g
FP085|Karbohidrat (CHO)|12.2 g
FP085|Serat (Fibre)|0.2 g
FP085|Abu (ASH)|0.8 g
FP085|Kalsium (Ca)|109 mg
FP085|Fosfor (P)|59 mg
FP085|Besi (Fe)|0.5 mg
FP085|Natrium (Na)|426 mg
FP085|Retinol (Vit. A)|41 mcg
FP085|Karoten Total (Re)|1,200 mcg
FP085|Thiamin (Vit. B1)|0.37 mg
FP085|Vitamin C (Vit. C)|0 mg
FP086|Air (Water)|81.7 g
FP086|Energi (Energy)|83 Kal
FP086|Protein (Protein)|10.4 g
FP086|Lemak (Fat)|3.4 g
FP086|Karbohidrat (CHO)|2.8 g
FP086|Abu (ASH)|1.7 g
FP086|Kalsium (Ca)|10 mg
FP086|Fosfor (P)|139 mg
FP086|Besi (Fe)|2.6 mg
FP086|Natrium (Na)|397 mg
FP086|Kalium (K)|34.0 mg
FP086|Tembaga (Cu)|0.60 mg
FP086|Seng (Zn)|1.3 mg
FP086|Thiamin (Vit. B1)|0.09 mg
FP086|Riboflavin (Vit. B2)|0.53 mg
FP086|Niasin (Niacin)|9.0 mg
FP086|Vitamin C (Vit. C)|0 mg
FP087|Air (Water)|54.9 g
FP087|Energi (Energy)|257 Kal
FP087|Protein (Protein)|18.8 g
FP087|Lemak (Fat)|18.5 g
FP087|Karbohidrat (CHO)|3.8 g
FP087|Abu (ASH)|4.0 g
FP087|Kalsium (Ca)|232 mg
FP087|Fosfor (P)|293 mg
FP087|Besi (Fe)|6.5 mg
FP087|Natrium (Na)|1,724 mg
FP087|Kalium (K)|308.0 mg
FP087|Tembaga (Cu)|0.50 mg
FP087|Seng (Zn)|2.3 mg
FP087|Retinol (Vit. A)|674 mcg
FP087|Thiamin (Vit. B1)|0.28 mg
FP087|Riboflavin (Vit. B2)|0.38 mg
FP088|Air (Water)|31.6 g
FP088|Energi (Energy)|516 Kal
FP088|Protein (Protein)|17.7 g
FP088|Lemak (Fat)|49.5 g
FP088|Karbohidrat (CHO)|0.0 g
FP088|Abu (ASH)|1.2 g
FP088|Kalsium (Ca)|698 mg
FP088|Fosfor (P)|648 mg
FP088|Besi (Fe)|3.5 mg
FP088|Natrium (Na)|1,307 mg
FP088|Kalium (K)|320.0 mg
FP088|Tembaga (Cu)|0.10 mg
FP088|Seng (Zn)|1.8 mg
FP088|Retinol (Vit. A)|710 mcg
FP088|Thiamin (Vit. B1)|0.29 mg
FP088|Riboflavin (Vit. B2)|0.17 mg
FR001|Air (Water)|62.0 g
FR001|Energi (Energy)|184 Kal
FR001|Protein (Protein)|18.8 g
FR001|Lemak (Fat)|14.0 g
FR001|Karbohidrat (CHO)|0.0 g
FR001|Serat (Fibre)|0.0 g
FR001|Abu (ASH)|5.2 g
FR001|Kalsium (Ca)|10 mg
FR001|Fosfor (P)|200 mg
FR001|Besi (Fe)|2.2 mg
FR001|Natrium (Na)|118 mg
FR001|Kalium (K)|490.1 mg
FR001|Tembaga (Cu)|0.17 mg
FR001|Seng (Zn)|3.3 mg
FR001|Retinol (Vit. A)|12 mcg
FR001|Beta-Karoten (Carotenes)|37 mcg
FR001|Thiamin (Vit. B1)|0.13 mg
FR001|Riboflavin (Vit. B2)|0.17 mg
FR001|Niasin (Niacin)|7.0 mg
FR002|Air (Water)|69.0 g
FR002|Energi (Energy)|174 Kal
FR002|Protein (Protein)|19.6 g
FR002|Lemak (Fat)|10.0 g
FR002|Karbohidrat (CHO)|0.0 g
FR002|Serat (Fibre)|0.0 g
FR002|Abu (ASH)|1.4 g
FR002|Kalsium (Ca)|11 mg
FR002|Fosfor (P)|201 mg
FR002|Besi (Fe)|2.9 mg
FR002|Natrium (Na)|96 mg
FR002|Kalium (K)|399.8 mg
FR002|Tembaga (Cu)|0.14 mg
FR002|Seng (Zn)|2.7 mg
FR002|Retinol (Vit. A)|6 mcg
FR002|Beta-Karoten (Carotenes)|30 mcg
FR002|Thiamin (Vit. B1)|0.08 mg
FR002|Riboflavin (Vit. B2)|0.14 mg
FR002|Niasin (Niacin)|5.7 mg
FR002|Vitamin C (Vit. C)|0 mg
FR003|Air (Water)|68.0 g
FR003|Energi (Energy)|190 Kal
FR003|Protein (Protein)|19.1 g
FR003|Lemak (Fat)|12.0 g
FR003|Karbohidrat (CHO)|0.0 g
FR003|Serat (Fibre)|0.0 g
FR003|Abu (ASH)|0.9 g
FR003|Kalsium (Ca)|11 mg
FR003|Fosfor (P)|193 mg
FR003|Besi (Fe)|2.9 mg
FR003|Natrium (Na)|99 mg
FR003|Kalium (K)|412.7 mg
FR003|Tembaga (Cu)|0.14 mg
FR003|Seng (Zn)|2.8 mg
FR003|Retinol (Vit. A)|12 mcg
FR003|Beta-Karoten (Carotenes)|83 mcg
FR003|Thiamin (Vit. B1)|0.14 mg
FR003|Riboflavin (Vit. B2)|0.15 mg
FR003|Niasin (Niacin)|5.9 mg
FR003|Vitamin C (Vit. C)|0 mg
FR004|Air (Water)|51.1 g
FR004|Energi (Energy)|349 Kal
FR004|Protein (Protein)|16.4 g
FR004|Lemak (Fat)|31.5 g
FR004|Karbohidrat (CHO)|0.0 g
FR004|Serat (Fibre)|0.0 g
FR004|Abu (ASH)|1.0 g
FR004|Kalsium (Ca)|15 mg
FR004|Fosfor (P)|188 mg
FR004|Besi (Fe)|1.8 mg
FR004|Natrium (Na)|71 mg
FR004|Kalium (K)|299.2 mg
FR004|Tembaga (Cu)|0.26 mg
FR004|Seng (Zn)|1.7 mg
FR004|Retinol (Vit. A)|273 mcg
FR004|Beta-Karoten (Carotenes)|0 mcg
FR004|Thiamin (Vit. B1)|0.10 mg
FR004|Riboflavin (Vit. B2)|0.24 mg
FR004|Niasin (Niacin)|7.1 mg
FR004|Vitamin C (Vit. C)|0 mg
FR005|Air (Water)|55.9 g
FR005|Energi (Energy)|298 Kal
FR005|Protein (Protein)|18.2 g
FR005|Lemak (Fat)|25.0 g
FR005|Karbohidrat (CHO)|0.0 g
FR005|Serat (Fibre)|0.0 g
FR005|Abu (ASH)|0.9 g
FR005|Kalsium (Ca)|14 mg
FR005|Fosfor (P)|200 mg
FR005|Besi (Fe)|1.5 mg
FR005|Natrium (Na)|109 mg
FR005|Kalium (K)|385.9 mg
FR005|Tembaga (Cu)|0.11 mg
FR005|Seng (Zn)|0.6 mg
FR005|Retinol (Vit. A)|245 mcg
FR005|Beta-Karoten (Carotenes)|0 mcg
FR005|Thiamin (Vit. B1)|0.08 mg
FR005|Riboflavin (Vit. B2)|0.14 mg
FR005|Niasin (Niacin)|10.4 mg
FR005|Vitamin C (Vit. C)|0 mg
FR006|Air (Water)|82.0 g
FR006|Energi (Energy)|75 Kal
FR006|Protein (Protein)|13.8 g
FR006|Lemak (Fat)|1.9 g
FR006|Karbohidrat (CHO)|0.7 g
FR006|Serat (Fibre)|0.0 g
FR006|Abu (ASH)|1.6 g
FR006|Kalsium (Ca)|15 mg
FR006|Fosfor (P)|9 mg
FR006|Besi (Fe)|1.3 mg
FR006|Natrium (Na)|337 mg
FR006|Kalium (K)|234.0 mg
FR006|Retinol (Vit. A)|15 mcg
FR006|Thiamin (Vit. B1)|0.02 mg
FR006|Niasin (Niacin)|0.6 mg
FR006|Vitamin C (Vit. C)|0 mg
FR007|Air (Water)|53.4 g
FR007|Energi (Energy)|261 Kal
FR007|Protein (Protein)|27.4 g
FR007|Lemak (Fat)|16.1 g
FR007|Karbohidrat (CHO)|1.6 g
FR007|Serat (Fibre)|0.0 g
FR007|Abu (ASH)|1.5 g
FR007|Kalsium (Ca)|118 mg
FR007|Fosfor (P)|373 mg
FR007|Besi (Fe)|15.8 mg
FR007|Natrium (Na)|1,068 mg
FR007|Kalium (K)|22.9 mg
FR007|Tembaga (Cu)|0.84 mg
FR007|Seng (Zn)|0.0 mg
FR007|Retinol (Vit. A)|4,957 mcg
FR007|Beta-Karoten (Carotenes)|169 mcg
FR007|Karoten Total (Re)|28,000 mcg
FR007|Thiamin (Vit. B1)|0.64 mg
FR007|Riboflavin (Vit. B2)|4.38 mg
FR007|Niasin (Niacin)|4.1 mg
FR007|Vitamin C (Vit. C)|0 mg
FR008|Air (Water)|42.0 g
FR008|Energi (Energy)|453 Kal
FR008|Protein (Protein)|11.9 g
FR008|Lemak (Fat)|45.0 g
FR008|Karbohidrat (CHO)|0.0 g
FR008|Serat (Fibre)|0.0 g
FR008|Abu (ASH)|1.1 g
FR008|Kalsium (Ca)|7 mg
FR008|Fosfor (P)|117 mg
FR008|Besi (Fe)|1.8 mg
FR008|Natrium (Na)|112 mg
FR008|Kalium (K)|819.3 mg
FR008|Tembaga (Cu)|0.22 mg
FR008|Seng (Zn)|0.4 mg
FR008|Retinol (Vit. A)|0 mcg
FR008|Beta-Karoten (Carotenes)|0 mcg
FR008|Thiamin (Vit. B1)|0.58 mg
FR008|Riboflavin (Vit. B2)|0.59 mg
FR008|Niasin (Niacin)|5.9 mg
FR008|Vitamin C (Vit. C)|0 mg
FR009|Air (Water)|50.0 g
FR009|Energi (Energy)|371 Kal
FR009|Protein (Protein)|14.1 g
FR009|Lemak (Fat)|35.0 g
FR009|Karbohidrat (CHO)|0.0 g
FR009|Serat (Fibre)|0.0 g
FR009|Abu (ASH)|0.9 g
FR009|Kalsium (Ca)|8 mg
FR009|Fosfor (P)|151 mg
FR009|Besi (Fe)|2.1 mg
FR009|Natrium (Na)|97 mg
FR009|Kalium (K)|706.3 mg
FR009|Tembaga (Cu)|0.19 mg
FR009|Seng (Zn)|0.4 mg
FR009|Retinol (Vit. A)|0 mcg
FR009|Beta-Karoten (Carotenes)|0 mcg
FR009|Thiamin (Vit. B1)|0.67 mg
FR009|Riboflavin (Vit. B2)|0.33 mg
FR009|Niasin (Niacin)|5.4 mg
FR009|Vitamin C (Vit. C)|0 mg
FR010|Air (Water)|77.1 g
FR010|Energi (Energy)|110 Kal
FR010|Protein (Protein)|16.3 g
FR010|Lemak (Fat)|4.6 g
FR010|Karbohidrat (CHO)|0.8 g
FR010|Serat (Fibre)|0.0 g
FR010|Abu (ASH)|1.2 g
FR010|Kalsium (Ca)|11 mg
FR010|Fosfor (P)|246 mg
FR010|Besi (Fe)|8.0 mg
FR010|Natrium (Na)|139 mg
FR010|Kalium (K)|390.0 mg
FR010|Tembaga (Cu)|0.71 mg
FR010|Seng (Zn)|3.2 mg
FR010|Retinol (Vit. A)|39 mcg
FR010|Beta-Karoten (Carotenes)|10 mcg
FR010|Thiamin (Vit. B1)|0.58 mg
FR010|Riboflavin (Vit. B2)|1.59 mg
FR010|Niasin (Niacin)|9.1 mg
FR010|Vitamin C (Vit. C)|13 mg
FR011|Air (Water)|72.3 g
FR011|Energi (Energy)|129 Kal
FR011|Protein (Protein)|19.7 g
FR011|Lemak (Fat)|4.8 g
FR011|Karbohidrat (CHO)|1.7 g
FR011|Serat (Fibre)|0.0 g
FR011|Abu (ASH)|1.5 g
FR011|Kalsium (Ca)|10 mg
FR011|Fosfor (P)|362 mg
FR011|Besi (Fe)|18.0 mg
FR011|Natrium (Na)|110 mg
FR011|Kalium (K)|447.0 mg
FR011|Tembaga (Cu)|0.58 mg
FR011|Seng (Zn)|0.1 mg
FR011|Retinol (Vit. A)|4,303 mcg
FR011|Beta-Karoten (Carotenes)|6 mcg
FR011|Thiamin (Vit. B1)|0.40 mg
FR011|Riboflavin (Vit. B2)|1.16 mg
FR011|Niasin (Niacin)|5.7 mg
FR011|Vitamin C (Vit. C)|23 mg
FR012|Air (Water)|54.3 g
FR012|Energi (Energy)|321 Kal
FR012|Protein (Protein)|16.0 g
FR012|Lemak (Fat)|28.6 g
FR012|Karbohidrat (CHO)|0.0 g
FR012|Serat (Fibre)|0.0 g
FR012|Abu (ASH)|1.1 g
FR012|Kalsium (Ca)|15 mg
FR012|Fosfor (P)|188 mg
FR012|Besi (Fe)|1.8 mg
FR012|Natrium (Na)|54 mg
FR012|Kalium (K)|199.0 mg
FR012|Tembaga (Cu)|0.21 mg
FR012|Seng (Zn)|1.2 mg
FR012|Retinol (Vit. A)|273 mcg
FR012|Beta-Karoten (Carotenes)|0 mcg
FR012|Thiamin (Vit. B1)|0.10 mg
FR012|Riboflavin (Vit. B2)|0.28 mg
FR012|Niasin (Niacin)|4.3 mg
FR012|Vitamin C (Vit. C)|0 mg
FR013|Air (Water)|57.0 g
FR013|Energi (Energy)|303 Kal
FR013|Protein (Protein)|11.3 g
FR013|Lemak (Fat)|27.0 g
FR013|Karbohidrat (CHO)|3.7 g
FR013|Serat (Fibre)|0.0 g
FR013|Abu (ASH)|1.0 g
FR013|Kalsium (Ca)|20 mg
FR013|Fosfor (P)|293 mg
FR013|Besi (Fe)|4.8 mg
FR013|Natrium (Na)|50 mg
FR013|Kalium (K)|260.0 mg
FR013|Tembaga (Cu)|0.70 mg
FR013|Seng (Zn)|2.0 mg
FR013|Beta-Karoten (Carotenes)|0 mcg
FR013|Thiamin (Vit. B1)|0.36 mg
FR013|Riboflavin (Vit. B2)|0.04 mg
FR013|Niasin (Niacin)|4.1 mg
FR014|Air (Water)|71.3 g
FR014|Energi (Energy)|131 Kal
FR014|Protein (Protein)|20.2 g
FR014|Lemak (Fat)|4.3 g
FR014|Karbohidrat (CHO)|2.8 g
FR014|Serat (Fibre)|0.0 g
FR014|Abu (ASH)|1.4 g
FR014|Kalsium (Ca)|8 mg
FR014|Fosfor (P)|192 mg
FR014|Besi (Fe)|9.6 mg
FR014|Natrium (Na)|46 mg
FR014|Kalium (K)|104.0 mg
FR014|Tembaga (Cu)|1.20 mg
FR014|Seng (Zn)|1.6 mg
FR014|Beta-Karoten (Carotenes)|0 mcg
FR014|Thiamin (Vit. B1)|0.37 mg
FR014|Riboflavin (Vit. B2)|0.08 mg
FR014|Niasin (Niacin)|2.7 mg
FR015|Air (Water)|24.8 g
FR015|Energi (Energy)|281 Kal
FR015|Protein (Protein)|37.5 g
FR015|Lemak (Fat)|0.3 g
FR015|Karbohidrat (CHO)|32.1 g
FR015|Abu (ASH)|5.3 g
FR015|Kalsium (Ca)|485 mg
FR015|Fosfor (P)|18 mg
FR015|Besi (Fe)|3.0 mg
FR015|Retinol (Vit. A)|0 mcg
FR015|Vitamin C (Vit. C)|0 mg
FR016|Air (Water)|55.8 g
FR016|Energi (Energy)|317 Kal
FR016|Protein (Protein)|15.7 g
FR016|Lemak (Fat)|27.7 g
FR016|Karbohidrat (CHO)|0.0 g
FR016|Serat (Fibre)|0.0 g
FR016|Abu (ASH)|0.8 g
FR016|Kalsium (Ca)|9 mg
FR016|Fosfor (P)|157 mg
FR016|Besi (Fe)|2.4 mg
FR016|Natrium (Na)|64 mg
FR016|Kalium (K)|242.1 mg
FR016|Tembaga (Cu)|0.11 mg
FR016|Seng (Zn)|3.7 mg
FR016|Retinol (Vit. A)|0 mcg
FR016|Beta-Karoten (Carotenes)|0 mcg
FR016|Thiamin (Vit. B1)|0.14 mg
FR016|Riboflavin (Vit. B2)|0.23 mg
FR016|Niasin (Niacin)|6.5 mg
FR016|Vitamin C (Vit. C)|0 mg
FR017|Air (Water)|66.3 g
FR017|Energi (Energy)|202 Kal
FR017|Protein (Protein)|17.1 g
FR017|Lemak (Fat)|14.8 g
FR017|Karbohidrat (CHO)|0.0 g
FR017|Serat (Fibre)|0.0 g
FR017|Abu (ASH)|1.8 g
FR017|Kalsium (Ca)|10 mg
FR017|Fosfor (P)|191 mg
FR017|Besi (Fe)|2.6 mg
FR017|Natrium (Na)|90 mg
FR017|Kalium (K)|355.0 mg
FR017|Tembaga (Cu)|0.08 mg
FR017|Seng (Zn)|2.8 mg
FR017|Retinol (Vit. A)|0 mcg
FR017|Beta-Karoten (Carotenes)|0 mcg
FR017|Thiamin (Vit. B1)|0.15 mg
FR017|Riboflavin (Vit. B2)|0.26 mg
FR017|Niasin (Niacin)|5.7 mg
FR017|Vitamin C (Vit. C)|0 mg
FR018|Air (Water)|77.8 g
FR018|Energi (Energy)|100 Kal
FR018|Protein (Protein)|16.6 g
FR018|Lemak (Fat)|3.3 g
FR018|Karbohidrat (CHO)|1.0 g
FR018|Serat (Fibre)|0.0 g
FR018|Abu (ASH)|1.3 g
FR018|Kalsium (Ca)|13 mg
FR018|Fosfor (P)|237 mg
FR018|Besi (Fe)|9.2 mg
FR018|Natrium (Na)|155 mg
FR018|Kalium (K)|276.0 mg
FR018|Tembaga (Cu)|0.48 mg
FR018|Seng (Zn)|2.4 mg
FR018|Retinol (Vit. A)|348 mcg
FR018|Beta-Karoten (Carotenes)|515 mcg
FR018|Thiamin (Vit. B1)|0.51 mg
FR018|Riboflavin (Vit. B2)|2.35 mg
FR018|Niasin (Niacin)|7.5 mg
FR018|Vitamin C (Vit. C)|13 mg
FR019|Air (Water)|70.3 g
FR019|Energi (Energy)|149 Kal
FR019|Protein (Protein)|16.6 g
FR019|Lemak (Fat)|9.2 g
FR019|Karbohidrat (CHO)|0.0 g
FR019|Serat (Fibre)|0.0 g
FR019|Abu (ASH)|3.9 g
FR019|Kalsium (Ca)|11 mg
FR019|Fosfor (P)|124 mg
FR019|Besi (Fe)|1.0 mg
FR019|Natrium (Na)|96 mg
FR019|Kalium (K)|268.7 mg
FR019|Tembaga (Cu)|0.31 mg
FR019|Seng (Zn)|4.9 mg
FR019|Retinol (Vit. A)|0 mcg
FR019|Beta-Karoten (Carotenes)|0 mcg
FR019|Thiamin (Vit. B1)|0.09 mg
FR019|Riboflavin (Vit. B2)|0.23 mg
FR019|Niasin (Niacin)|5.0 mg
FR019|Vitamin C (Vit. C)|0 mg
FR020|Air (Water)|74.3 g
FR020|Energi (Energy)|142 Kal
FR020|Protein (Protein)|16.9 g
FR020|Lemak (Fat)|7.8 g
FR020|Karbohidrat (CHO)|0.0 g
FR020|Serat (Fibre)|0.0 g
FR020|Abu (ASH)|1.0 g
FR020|Kalsium (Ca)|7 mg
FR020|Fosfor (P)|350 mg
FR020|Besi (Fe)|1.0 mg
FR020|Natrium (Na)|49 mg
FR020|Kalium (K)|371.1 mg
FR020|Retinol (Vit. A)|0 mcg
FR020|Beta-Karoten (Carotenes)|0 mcg
FR020|Karoten Total (Re)|0 mcg
FR020|Thiamin (Vit. B1)|0.11 mg
FR020|Riboflavin (Vit. B2)|0.11 mg
FR020|Niasin (Niacin)|6.8 mg
FR021|Air (Water)|80.0 g
FR021|Energi (Energy)|79 Kal
FR021|Protein (Protein)|18.7 g
FR021|Lemak (Fat)|0.5 g
FR021|Karbohidrat (CHO)|0.0 g
FR021|Serat (Fibre)|0.0 g
FR021|Abu (ASH)|0.8 g
FR021|Kalsium (Ca)|14 mg
FR021|Fosfor (P)|221 mg
FR021|Besi (Fe)|3.3 mg
FR021|Natrium (Na)|91 mg
FR021|Kalium (K)|273.0 mg
FR021|Tembaga (Cu)|0.13 mg
FR021|Seng (Zn)|1.6 mg
FR021|Thiamin (Vit. B1)|0.06 mg
FR021|Riboflavin (Vit. B2)|0.17 mg
FR021|Niasin (Niacin)|5.0 mg
FR021|Vitamin C (Vit. C)|0 mg
FR022|Air (Water)|76.0 g
FR022|Energi (Energy)|113 Kal
FR022|Protein (Protein)|18.1 g
FR022|Lemak (Fat)|4.1 g
FR022|Karbohidrat (CHO)|0.9 g
FR022|Serat (Fibre)|0.0 g
FR022|Abu (ASH)|0.9 g
FR022|Kalsium (Ca)|10 mg
FR022|Fosfor (P)|150 mg
FR022|Besi (Fe)|2.7 mg
FR022|Natrium (Na)|46 mg
FR022|Kalium (K)|315.7 mg
FR022|Tembaga (Cu)|0.13 mg
FR022|Seng (Zn)|2.5 mg
FR022|Retinol (Vit. A)|0 mcg
FR022|Thiamin (Vit. B1)|0.07 mg
FR022|Riboflavin (Vit. B2)|0.07 mg
FR022|Niasin (Niacin)|3.0 mg
FR022|Vitamin C (Vit. C)|0 mg
FR023|Air (Water)|76.7 g
FR023|Energi (Energy)|108 Kal
FR023|Protein (Protein)|17.6 g
FR023|Lemak (Fat)|4.2 g
FR023|Karbohidrat (CHO)|0.0 g
FR023|Serat (Fibre)|0.0 g
FR023|Abu (ASH)|1.5 g
FR023|Kalsium (Ca)|12 mg
FR023|Fosfor (P)|144 mg
FR023|Besi (Fe)|1.0 mg
FR023|Natrium (Na)|147 mg
FR023|Kalium (K)|101.4 mg
FR023|Tembaga (Cu)|0.11 mg
FR023|Seng (Zn)|2.2 mg
FR023|Retinol (Vit. A)|0 mcg
FR023|Beta-Karoten (Carotenes)|49 mcg
FR023|Thiamin (Vit. B1)|0.15 mg
FR023|Riboflavin (Vit. B2)|0.17 mg
FR023|Niasin (Niacin)|1.7 mg
FR023|Vitamin C (Vit. C)|0 mg
FR024|Air (Water)|60.0 g
FR024|Energi (Energy)|273 Kal
FR024|Protein (Protein)|17.5 g
FR024|Lemak (Fat)|22.0 g
FR024|Karbohidrat (CHO)|0.0 g
FR024|Serat (Fibre)|0.0 g
FR024|Abu (ASH)|0.5 g
FR024|Kalsium (Ca)|10 mg
FR024|Fosfor (P)|150 mg
FR024|Besi (Fe)|2.6 mg
FR024|Natrium (Na)|93 mg
FR024|Kalium (K)|267.0 mg
FR024|Tembaga (Cu)|0.17 mg
FR024|Seng (Zn)|6.4 mg
FR024|Retinol (Vit. A)|12 mcg
FR024|Beta-Karoten (Carotenes)|0 mcg
FR024|Thiamin (Vit. B1)|0.08 mg
FR024|Riboflavin (Vit. B2)|0.18 mg
FR024|Niasin (Niacin)|7.3 mg
FR024|Vitamin C (Vit. C)|0 mg
FR025|Air (Water)|69.0 g
FR025|Energi (Energy)|174 Kal
FR025|Protein (Protein)|19.6 g
FR025|Lemak (Fat)|10.0 g
FR025|Karbohidrat (CHO)|0.0 g
FR025|Serat (Fibre)|0.0 g
FR025|Abu (ASH)|1.4 g
FR025|Kalsium (Ca)|11 mg
FR025|Fosfor (P)|181 mg
FR025|Besi (Fe)|2.9 mg
FR025|Natrium (Na)|83 mg
FR025|Kalium (K)|489.0 mg
FR025|Tembaga (Cu)|0.07 mg
FR025|Seng (Zn)|4.9 mg
FR025|Retinol (Vit. A)|6 mcg
FR025|Beta-Karoten (Carotenes)|181 mcg
FR025|Thiamin (Vit. B1)|0.07 mg
FR025|Riboflavin (Vit. B2)|0.51 mg
FR025|Niasin (Niacin)|1.2 mg
FR025|Vitamin C (Vit. C)|0 mg
FR026|Air (Water)|66.0 g
FR026|Energi (Energy)|201 Kal
FR026|Protein (Protein)|18.8 g
FR026|Lemak (Fat)|14.0 g
FR026|Karbohidrat (CHO)|0.0 g
FR026|Serat (Fibre)|0.0 g
FR026|Abu (ASH)|1.2 g
FR026|Kalsium (Ca)|11 mg
FR026|Fosfor (P)|170 mg
FR026|Besi (Fe)|2.8 mg
FR026|Natrium (Na)|105 mg
FR026|Kalium (K)|378.0 mg
FR026|Tembaga (Cu)|4.58 mg
FR026|Seng (Zn)|5.2 mg
FR026|Retinol (Vit. A)|9 mcg
FR026|Beta-Karoten (Carotenes)|198 mcg
FR026|Thiamin (Vit. B1)|0.08 mg
FR026|Riboflavin (Vit. B2)|0.56 mg
FR026|Niasin (Niacin)|1.3 mg
FR026|Vitamin C (Vit. C)|0 mg
FR027|Air (Water)|70.1 g
FR027|Energi (Energy)|183 Kal
FR027|Protein (Protein)|12.0 g
FR027|Lemak (Fat)|14.4 g
FR027|Karbohidrat (CHO)|1.4 g
FR027|Serat (Fibre)|0.0 g
FR027|Abu (ASH)|2.1 g
FR027|Kalsium (Ca)|43 mg
FR027|Fosfor (P)|319 mg
FR027|Besi (Fe)|1.8 mg
FR027|Natrium (Na)|277 mg
FR027|Kalium (K)|160.0 mg
FR027|Tembaga (Cu)|0.10 mg
FR027|Seng (Zn)|0.8 mg
FR027|Beta-Karoten (Carotenes)|104 mcg
FR027|Thiamin (Vit. B1)|0.31 mg
FR027|Riboflavin (Vit. B2)|0.22 mg
FR027|Niasin (Niacin)|8.4 mg
FR028|Air (Water)|75.6 g
FR028|Energi (Energy)|98 Kal
FR028|Protein (Protein)|21.9 g
FR028|Lemak (Fat)|1.1 g
FR028|Karbohidrat (CHO)|0.0 g
FR028|Serat (Fibre)|0.0 g
FR028|Abu (ASH)|1.4 g
FR028|Kalsium (Ca)|7 mg
FR028|Fosfor (P)|24 mg
FR028|Besi (Fe)|1.3 mg
FR028|Natrium (Na)|150 mg
FR028|Kalium (K)|170.0 mg
FR028|Seng (Zn)|0.2 mg
FR028|Retinol (Vit. A)|15 mcg
FR028|Beta-Karoten (Carotenes)|214 mcg
FR028|Thiamin (Vit. B1)|0.01 mg
FR028|Riboflavin (Vit. B2)|0.03 mg
FR028|Niasin (Niacin)|0.9 mg
FR028|Vitamin C (Vit. C)|0 mg
FR029|Air (Water)|74.9 g
FR029|Energi (Energy)|137 Kal
FR029|Protein (Protein)|15.0 g
FR029|Lemak (Fat)|8.1 g
FR029|Karbohidrat (CHO)|0.9 g
FR029|Serat (Fibre)|0.0 g
FR029|Abu (ASH)|1.1 g
FR029|Kalsium (Ca)|9 mg
FR029|Fosfor (P)|221 mg
FR029|Besi (Fe)|7.9 mg
FR029|Natrium (Na)|200 mg
FR029|Kalium (K)|230.2 mg
FR029|Retinol (Vit. A)|348 mcg
FR029|Beta-Karoten (Carotenes)|583 mcg
FR029|Thiamin (Vit. B1)|0.37 mg
FR029|Riboflavin (Vit. B2)|1.22 mg
FR029|Niasin (Niacin)|6.1 mg
FR029|Vitamin C (Vit. C)|13 mg
FR030|Air (Water)|83.8 g
FR030|Energi (Energy)|84 Kal
FR030|Protein (Protein)|10.5 g
FR030|Lemak (Fat)|4.6 g
FR030|Karbohidrat (CHO)|0.2 g
FR030|Serat (Fibre)|0.0 g
FR030|Abu (ASH)|0.9 g
FR030|Kalsium (Ca)|20 mg
FR030|Fosfor (P)|13 mg
FR030|Besi (Fe)|2.1 mg
FR030|Natrium (Na)|73 mg
FR030|Kalium (K)|318.0 mg
FR030|Tembaga (Cu)|0.20 mg
FR030|Seng (Zn)|1.7 mg
FR030|Retinol (Vit. A)|857 mcg
FR030|Beta-Karoten (Carotenes)|34 mcg
FR030|Thiamin (Vit. B1)|0.10 mg
FR030|Riboflavin (Vit. B2)|0.14 mg
FR030|Niasin (Niacin)|0.3 mg
FR031|Air (Water)|69.7 g
FR031|Energi (Energy)|132 Kal
FR031|Protein (Protein)|19.7 g
FR031|Lemak (Fat)|3.2 g
FR031|Karbohidrat (CHO)|6.0 g
FR031|Serat (Fibre)|0.0 g
FR031|Abu (ASH)|1.4 g
FR031|Kalsium (Ca)|7 mg
FR031|Fosfor (P)|358 mg
FR031|Besi (Fe)|6.6 mg
FR031|Natrium (Na)|110 mg
FR031|Kalium (K)|213.0 mg
FR031|Tembaga (Cu)|0.51 mg
FR031|Seng (Zn)|2.3 mg
FR031|Retinol (Vit. A)|13,303 mcg
FR031|Beta-Karoten (Carotenes)|355 mcg
FR031|Thiamin (Vit. B1)|0.26 mg
FR031|Riboflavin (Vit. B2)|1.52 mg
FR031|Niasin (Niacin)|11.4 mg
FR031|Vitamin C (Vit. C)|31 mg
FR032|Air (Water)|78.9 g
FR032|Energi (Energy)|123 Kal
FR032|Protein (Protein)|10.4 g
FR032|Lemak (Fat)|8.6 g
FR032|Karbohidrat (CHO)|0.8 g
FR032|Serat (Fibre)|0.0 g
FR032|Abu (ASH)|1.3 g
FR032|Kalsium (Ca)|16 mg
FR032|Fosfor (P)|330 mg
FR032|Besi (Fe)|3.6 mg
FR032|Natrium (Na)|112 mg
FR032|Kalium (K)|243.8 mg
FR032|Tembaga (Cu)|0.26 mg
FR032|Seng (Zn)|0.9 mg
FR032|Retinol (Vit. A)|0 mcg
FR032|Beta-Karoten (Carotenes)|0 mcg
FR032|Thiamin (Vit. B1)|0.23 mg
FR032|Riboflavin (Vit. B2)|0.19 mg
FR032|Niasin (Niacin)|3.9 mg
FR032|Vitamin C (Vit. C)|18 mg
FR033|Air (Water)|76.7 g
FR033|Energi (Energy)|126 Kal
FR033|Protein (Protein)|14.0 g
FR033|Lemak (Fat)|7.2 g
FR033|Karbohidrat (CHO)|1.5 g
FR033|Serat (Fibre)|0.0 g
FR033|Abu (ASH)|0.6 g
FR033|Kalsium (Ca)|14 mg
FR033|Fosfor (P)|115 mg
FR033|Besi (Fe)|4.0 mg
FR033|Retinol (Vit. A)|61 mcg
FR033|Beta-Karoten (Carotenes)|0 mcg
FR033|Thiamin (Vit. B1)|0.08 mg
FR033|Riboflavin (Vit. B2)|0.33 mg
FR033|Niasin (Niacin)|0.2 mg
FR033|Vitamin C (Vit. C)|0 mg
FR034|Air (Water)|65.9 g
FR034|Energi (Energy)|241 Kal
FR034|Protein (Protein)|5.8 g
FR034|Lemak (Fat)|21.6 g
FR034|Karbohidrat (CHO)|5.8 g
FR034|Serat (Fibre)|2.8 g
FR034|Abu (ASH)|0.9 g
FR034|Kalsium (Ca)|20 mg
FR034|Fosfor (P)|70 mg
FR034|Besi (Fe)|0.5 mg
FR034|Natrium (Na)|210 mg
FR034|Kalium (K)|210.0 mg
FR034|Tembaga (Cu)|1.00 mg
FR034|Seng (Zn)|7.7 mg
FR034|Beta-Karoten (Carotenes)|0 mcg
FR034|Thiamin (Vit. B1)|0.17 mg
FR034|Riboflavin (Vit. B2)|1.45 mg
FR034|Niasin (Niacin)|0.1 mg
GP001|Air (Water)|6.7 g
GP001|Energi (Energy)|441 Kal
GP001|Protein (Protein)|48.7 g
GP001|Lemak (Fat)|20.3 g
GP001|Karbohidrat (CHO)|15.8 g
GP001|Serat (Fibre)|0.0 g
GP001|Abu (ASH)|8.4 g
GP001|Kalsium (Ca)|692 mg
GP001|Fosfor (P)|523 mg
GP001|Besi (Fe)|16.6 mg
GP001|Retinol (Vit. A)|6 mcg
GP001|Karoten Total (Re)|1,408 mcg
GP001|Thiamin (Vit. B1)|0.56 mg
GP001|Vitamin C (Vit. C)|69 mg
GP002|Air (Water)|11.2 g
GP002|Energi (Energy)|417 Kal
GP002|Protein (Protein)|25.9 g
GP002|Lemak (Fat)|19.4 g
GP002|Karbohidrat (CHO)|32.0 g
GP002|Serat (Fibre)|0.0 g
GP002|Abu (ASH)|11.5 g
GP002|Kalsium (Ca)|840 mg
GP002|Fosfor (P)|872 mg
GP002|Besi (Fe)|4.9 mg
GP002|Natrium (Na)|71 mg
GP002|Kalium (K)|217.7 mg
GP002|Tembaga (Cu)|0.30 mg
GP002|Seng (Zn)|1.8 mg
GP002|Retinol (Vit. A)|0 mcg
GP002|Karoten Total (Re)|0 mcg
GP002|Thiamin (Vit. B1)|0.00 mg
GP002|Riboflavin (Vit. B2)|0.20 mg
GP002|Niasin (Niacin)|10.5 mg
GP002|Vitamin C (Vit. C)|0 mg
GP003|Air (Water)|54.2 g
GP003|Energi (Energy)|265 Kal
GP003|Protein (Protein)|40.6 g
GP003|Lemak (Fat)|10.1 g
GP003|Karbohidrat (CHO)|0.0 g
GP003|Serat (Fibre)|0.0 g
GP003|Abu (ASH)|3.1 g
GP003|Kalsium (Ca)|62 mg
GP003|Fosfor (P)|270 mg
GP003|Besi (Fe)|2.7 mg
GP003|Natrium (Na)|86 mg
GP003|Kalium (K)|81.9 mg
GP003|Retinol (Vit. A)|0 mcg
GP003|Beta-Karoten (Carotenes)|56 mcg
GP003|Karoten Total (Re)|0 mcg
GP003|Thiamin (Vit. B1)|0.09 mg
GP003|Riboflavin (Vit. B2)|0.00 mg
GP003|Niasin (Niacin)|6.3 mg
GP003|Vitamin C (Vit. C)|0 mg
GP004|Air (Water)|40.0 g
GP004|Energi (Energy)|193 Kal
GP004|Protein (Protein)|42.0 g
GP004|Lemak (Fat)|1.5 g
GP004|Karbohidrat (CHO)|0.0 g
GP004|Serat (Fibre)|0.0 g
GP004|Abu (ASH)|16.5 g
GP004|Kalsium (Ca)|200 mg
GP004|Fosfor (P)|300 mg
GP004|Besi (Fe)|0.0 mg
GP004|Thiamin (Vit. B1)|0.01 mg
GP004|Vitamin C (Vit. C)|0 mg
GP005|Air (Water)|45.3 g
GP005|Energi (Energy)|296 Kal
GP005|Protein (Protein)|17.1 g
GP005|Lemak (Fat)|20.3 g
GP005|Karbohidrat (CHO)|11.3 g
GP005|Serat (Fibre)|0.0 g
GP005|Abu (ASH)|6.0 g
GP005|Kalsium (Ca)|1,422 mg
GP005|Fosfor (P)|659 mg
GP005|Besi (Fe)|1.9 mg
GP005|Retinol (Vit. A)|6 mcg
GP005|Beta-Karoten (Carotenes)|0 mcg
GP005|Karoten Total (Re)|400 mcg
GP005|Thiamin (Vit. B1)|0.14 mg
GP005|Vitamin C (Vit. C)|69 mg
GP006|Air (Water)|69.8 g
GP006|Energi (Energy)|144 Kal
GP006|Protein (Protein)|17.8 g
GP006|Lemak (Fat)|5.8 g
GP006|Karbohidrat (CHO)|5.2 g
GP006|Abu (ASH)|1.4 g
GP006|Kalsium (Ca)|18 mg
GP006|Fosfor (P)|169 mg
GP006|Besi (Fe)|0.0 mg
GP006|Natrium (Na)|168 mg
GP006|Kalium (K)|236.0 mg
GP006|Tembaga (Cu)|0.10 mg
GP006|Seng (Zn)|0.7 mg
GP006|Thiamin (Vit. B1)|0.00 mg
GP006|Riboflavin (Vit. B2)|0.00 mg
GP006|Niasin (Niacin)|1.3 mg
GP007|Air (Water)|68.2 g
GP007|Energi (Energy)|128 Kal
GP007|Protein (Protein)|18.0 g
GP007|Lemak (Fat)|3.0 g
GP007|Karbohidrat (CHO)|7.2 g
GP007|Serat (Fibre)|0.0 g
GP007|Abu (ASH)|3.6 g
GP007|Kalsium (Ca)|58 mg
GP007|Fosfor (P)|134 mg
GP007|Besi (Fe)|0.0 mg
GP007|Natrium (Na)|293 mg
GP007|Kalium (K)|198.0 mg
GP007|Tembaga (Cu)|0.10 mg
GP007|Seng (Zn)|0.4 mg
GP007|Beta-Karoten (Carotenes)|0 mcg
GP007|Thiamin (Vit. B1)|1.80 mg
GP007|Riboflavin (Vit. B2)|0.17 mg
GP007|Niasin (Niacin)|1.5 mg
GP008|Air (Water)|56.9 g
GP008|Energi (Energy)|204 Kal
GP008|Protein (Protein)|34.2 g
GP008|Lemak (Fat)|5.6 g
GP008|Karbohidrat (CHO)|1.9 g
GP008|Abu (ASH)|1.4 g
GP008|Kalsium (Ca)|14 mg
GP008|Fosfor (P)|399 mg
GP008|Besi (Fe)|1.3 mg
GP008|Natrium (Na)|176 mg
GP008|Kalium (K)|588.0 mg
GP008|Tembaga (Cu)|0.30 mg
GP008|Seng (Zn)|0.7 mg
GP008|Retinol (Vit. A)|1,546 mcg
GP008|Thiamin (Vit. B1)|0.53 mg
GP008|Riboflavin (Vit. B2)|0.07 mg
GP009|Air (Water)|41.7 g
GP009|Energi (Energy)|198 Kal
GP009|Protein (Protein)|36.5 g
GP009|Lemak (Fat)|2.2 g
GP009|Karbohidrat (CHO)|5.5 g
GP009|Serat (Fibre)|0.0 g
GP009|Abu (ASH)|14.1 g
GP009|Kalsium (Ca)|236 mg
GP009|Fosfor (P)|346 mg
GP009|Besi (Fe)|3.7 mg
GP009|Natrium (Na)|4,304 mg
GP009|Kalium (K)|302.1 mg
GP009|Retinol (Vit. A)|0 mcg
GP009|Karoten Total (Re)|0 mcg
GP009|Thiamin (Vit. B1)|0.06 mg
GP009|Vitamin C (Vit. C)|0 mg
GP010|Air (Water)|71.3 g
GP010|Energi (Energy)|81 Kal
GP010|Protein (Protein)|11.4 g
GP010|Lemak (Fat)|1.9 g
GP010|Karbohidrat (CHO)|3.8 g
GP010|Serat (Fibre)|0.0 g
GP010|Abu (ASH)|11.6 g
GP010|Kalsium (Ca)|743 mg
GP010|Fosfor (P)|174 mg
GP010|Besi (Fe)|22.6 mg
GP010|Retinol (Vit. A)|15 mcg
GP010|Karoten Total (Re)|0 mcg
GP010|Thiamin (Vit. B1)|0.00 mg
GP010|Vitamin C (Vit. C)|0 mg
GP011|Air (Water)|26.4 g
GP011|Energi (Energy)|261 Kal
GP011|Protein (Protein)|38.1 g
GP011|Lemak (Fat)|2.3 g
GP011|Karbohidrat (CHO)|21.9 g
GP011|Serat (Fibre)|0.0 g
GP011|Abu (ASH)|11.3 g
GP011|Kalsium (Ca)|2,510 mg
GP011|Fosfor (P)|1,840 mg
GP011|Besi (Fe)|2.9 mg
GP011|Natrium (Na)|320 mg
GP011|Kalium (K)|410.0 mg
GP011|Tembaga (Cu)|0.40 mg
GP011|Seng (Zn)|0.8 mg
GP011|Retinol (Vit. A)|114 mcg
GP011|Thiamin (Vit. B1)|0.10 mg
GP011|Riboflavin (Vit. B2)|0.10 mg
GP011|Niasin (Niacin)|14.5 mg
GP012|Air (Water)|24.0 g
GP012|Energi (Energy)|268 Kal
GP012|Protein (Protein)|58.0 g
GP012|Lemak (Fat)|4.0 g
GP012|Karbohidrat (CHO)|0.0 g
GP012|Serat (Fibre)|0.0 g
GP012|Abu (ASH)|14.0 g
GP012|Kalsium (Ca)|15 mg
GP012|Fosfor (P)|100 mg
GP012|Besi (Fe)|0.1 mg
GP012|Retinol (Vit. A)|30 mcg
GP012|Thiamin (Vit. B1)|0.10 mg
GP012|Vitamin C (Vit. C)|0 mg
GP013|Air (Water)|44.7 g
GP013|Energi (Energy)|267 Kal
GP013|Protein (Protein)|23.1 g
GP013|Lemak (Fat)|19.4 g
GP013|Karbohidrat (CHO)|0.2 g
GP013|Abu (ASH)|12.6 g
GP013|Kalsium (Ca)|2,340 mg
GP013|Fosfor (P)|1,240 mg
GP013|Besi (Fe)|0.8 mg
GP013|Natrium (Na)|590 mg
GP013|Kalium (K)|440.0 mg
GP013|Tembaga (Cu)|0.10 mg
GP013|Seng (Zn)|1.9 mg
GP013|Niasin (Niacin)|0.2 mg
GP014|Air (Water)|23.1 g
GP014|Energi (Energy)|298 Kal
GP014|Protein (Protein)|46.3 g
GP014|Lemak (Fat)|3.6 g
GP014|Karbohidrat (CHO)|20.2 g
GP014|Abu (ASH)|6.8 g
GP014|Kalsium (Ca)|335 mg
GP014|Fosfor (P)|846 mg
GP014|Besi (Fe)|2.5 mg
GP014|Natrium (Na)|957 mg
GP014|Kalium (K)|1,457.0 mg
GP014|Tembaga (Cu)|0.50 mg
GP014|Seng (Zn)|2.0 mg
GP014|Retinol (Vit. A)|661 mcg
GP014|Thiamin (Vit. B1)|0.84 mg
GP014|Riboflavin (Vit. B2)|0.11 mg
GP014|Niasin (Niacin)|22.5 mg
GP015|Air (Water)|44.7 g
GP015|Energi (Energy)|162 Kal
GP015|Protein (Protein)|31.7 g
GP015|Lemak (Fat)|2.8 g
GP015|Karbohidrat (CHO)|0.3 g
GP015|Serat (Fibre)|0.0 g
GP015|Abu (ASH)|15.5 g
GP015|Kalsium (Ca)|279 mg
GP015|Fosfor (P)|609 mg
GP015|Besi (Fe)|4.6 mg
GP015|Natrium (Na)|4,393 mg
GP015|Kalium (K)|342.2 mg
GP015|Tembaga (Cu)|2.80 mg
GP015|Retinol (Vit. A)|0 mcg
GP015|Karoten Total (Re)|0 mcg
GP015|Thiamin (Vit. B1)|0.09 mg
GP015|Vitamin C (Vit. C)|0 mg
GP016|Air (Water)|23.1 g
GP016|Energi (Energy)|302 Kal
GP016|Protein (Protein)|70.7 g
GP016|Lemak (Fat)|1.9 g
GP016|Karbohidrat (CHO)|0.4 g
GP016|Serat (Fibre)|0.0 g
GP016|Abu (ASH)|3.9 g
GP016|Kalsium (Ca)|313 mg
GP016|Fosfor (P)|22 mg
GP016|Besi (Fe)|4.1 mg
GP016|Natrium (Na)|345 mg
GP016|Kalium (K)|1,045.0 mg
GP016|Seng (Zn)|1.8 mg
GP016|Thiamin (Vit. B1)|1.40 mg
GP016|Riboflavin (Vit. B2)|0.04 mg
GP016|Niasin (Niacin)|20.0 mg
GP017|Air (Water)|69.4 g
GP017|Energi (Energy)|147 Kal
GP017|Protein (Protein)|17.5 g
GP017|Lemak (Fat)|6.5 g
GP017|Karbohidrat (CHO)|5.4 g
GP017|Abu (ASH)|1.2 g
GP017|Kalsium (Ca)|54 mg
GP017|Fosfor (P)|194 mg
GP017|Besi (Fe)|0.1 mg
GP017|Natrium (Na)|142 mg
GP017|Kalium (K)|209.0 mg
GP017|Seng (Zn)|0.5 mg
GP018|Air (Water)|21.6 g
GP018|Energi (Energy)|258 Kal
GP018|Protein (Protein)|40.3 g
GP018|Lemak (Fat)|2.3 g
GP018|Karbohidrat (CHO)|18.9 g
GP018|Serat (Fibre)|0.0 g
GP018|Abu (ASH)|16.9 g
GP018|Kalsium (Ca)|140 mg
GP018|Fosfor (P)|279 mg
GP018|Besi (Fe)|2.3 mg
GP018|Natrium (Na)|6,227 mg
GP018|Kalium (K)|485.1 mg
GP018|Tembaga (Cu)|2.30 mg
GP018|Thiamin (Vit. B1)|0.10 mg
GP018|Riboflavin (Vit. B2)|0.30 mg
GP018|Niasin (Niacin)|6.0 mg
GP019|Air (Water)|57.5 g
GP019|Energi (Energy)|209 Kal
GP019|Protein (Protein)|15.2 g
GP019|Lemak (Fat)|11.3 g
GP019|Karbohidrat (CHO)|11.8 g
GP019|Serat (Fibre)|0.5 g
GP019|Abu (ASH)|4.3 g
GP019|Kalsium (Ca)|686 mg
GP019|Fosfor (P)|530 mg
GP019|Besi (Fe)|6.1 mg
GP019|Natrium (Na)|74 mg
GP019|Kalium (K)|276.7 mg
GP019|Tembaga (Cu)|0.10 mg
GP019|Seng (Zn)|1.9 mg
GP019|Retinol (Vit. A)|3 mcg
GP019|Karoten Total (Re)|315 mcg
GP019|Thiamin (Vit. B1)|0.13 mg
GP019|Riboflavin (Vit. B2)|0.10 mg
GP019|Niasin (Niacin)|2.4 mg
GP019|Vitamin C (Vit. C)|0 mg
GP020|Air (Water)|44.7 g
GP020|Energi (Energy)|416 Kal
GP020|Protein (Protein)|46.9 g
GP020|Lemak (Fat)|23.9 g
GP020|Karbohidrat (CHO)|0.0 g
GP020|Serat (Fibre)|0.0 g
GP020|Abu (ASH)|2.2 g
GP020|Kalsium (Ca)|346 mg
GP020|Fosfor (P)|654 mg
GP020|Besi (Fe)|0.9 mg
GP020|Natrium (Na)|54 mg
GP020|Kalium (K)|278.9 mg
GP020|Tembaga (Cu)|0.00 mg
GP020|Seng (Zn)|0.2 mg
GP020|Retinol (Vit. A)|12 mcg
GP020|Beta-Karoten (Carotenes)|3 mcg
GP020|Karoten Total (Re)|8 mcg
GP020|Thiamin (Vit. B1)|0.12 mg
GP020|Riboflavin (Vit. B2)|0.10 mg
GP020|Niasin (Niacin)|2.2 mg
GP020|Vitamin C (Vit. C)|0 mg
GP021|Air (Water)|73.7 g
GP021|Energi (Energy)|121 Kal
GP021|Protein (Protein)|21.7 g
GP021|Lemak (Fat)|2.8 g
GP021|Karbohidrat (CHO)|0.8 g
GP021|Serat (Fibre)|0.0 g
GP021|Abu (ASH)|1.0 g
GP021|Kalsium (Ca)|83 mg
GP021|Fosfor (P)|248 mg
GP021|Besi (Fe)|1.6 mg
GP021|Natrium (Na)|58 mg
GP021|Kalium (K)|265.8 mg
GP021|Tembaga (Cu)|0.00 mg
GP021|Seng (Zn)|0.3 mg
GP021|Retinol (Vit. A)|8 mcg
GP021|Karoten Total (Re)|6 mcg
GP021|Thiamin (Vit. B1)|0.00 mg
GP021|Riboflavin (Vit. B2)|0.10 mg
GP021|Niasin (Niacin)|1.9 mg
GP021|Vitamin C (Vit. C)|0 mg
GP022|Air (Water)|15.2 g
GP022|Energi (Energy)|582 Kal
GP022|Protein (Protein)|68.3 g
GP022|Lemak (Fat)|15.2 g
GP022|Karbohidrat (CHO)|37.2 g
GP022|Serat (Fibre)|0.0 g
GP022|Abu (ASH)|14.1 g
GP022|Kalsium (Ca)|3,258 mg
GP022|Fosfor (P)|1,699 mg
GP022|Besi (Fe)|4.3 mg
GP022|Retinol (Vit. A)|15 mcg
GP022|Karoten Total (Re)|20 mcg
GP022|Thiamin (Vit. B1)|0.27 mg
GP022|Vitamin C (Vit. C)|0 mg
GP023|Air (Water)|66.6 g
GP023|Energi (Energy)|152 Kal
GP023|Protein (Protein)|17.6 g
GP023|Lemak (Fat)|6.1 g
GP023|Karbohidrat (CHO)|6.7 g
GP023|Serat (Fibre)|0.0 g
GP023|Abu (ASH)|3.0 g
GP023|Kalsium (Ca)|244 mg
GP023|Fosfor (P)|227 mg
GP023|Besi (Fe)|3.4 mg
GP023|Natrium (Na)|320 mg
GP023|Kalium (K)|224.0 mg
GP023|Tembaga (Cu)|0.20 mg
GP023|Seng (Zn)|1.0 mg
GP024|Air (Water)|70.3 g
GP024|Energi (Energy)|144 Kal
GP024|Protein (Protein)|17.5 g
GP024|Lemak (Fat)|6.3 g
GP024|Karbohidrat (CHO)|4.3 g
GP024|Abu (ASH)|1.6 g
GP024|Kalsium (Ca)|191 mg
GP024|Fosfor (P)|232 mg
GP024|Besi (Fe)|1.4 mg
GP024|Natrium (Na)|379 mg
GP024|Kalium (K)|230.0 mg
GP024|Tembaga (Cu)|0.10 mg
GP024|Seng (Zn)|0.7 mg
GP025|Air (Water)|46.0 g
GP025|Energi (Energy)|156 Kal
GP025|Protein (Protein)|28.0 g
GP025|Lemak (Fat)|4.0 g
GP025|Karbohidrat (CHO)|2.0 g
GP025|Serat (Fibre)|0.0 g
GP025|Abu (ASH)|20.0 g
GP025|Kalsium (Ca)|174 mg
GP025|Fosfor (P)|316 mg
GP025|Besi (Fe)|3.1 mg
GP025|Natrium (Na)|59 mg
GP025|Kalium (K)|368.8 mg
GP025|Tembaga (Cu)|0.00 mg
GP025|Seng (Zn)|0.5 mg
GP025|Retinol (Vit. A)|33 mcg
GP025|Beta-Karoten (Carotenes)|4 mcg
GP025|Thiamin (Vit. B1)|0.10 mg
GP025|Riboflavin (Vit. B2)|0.10 mg
GP025|Niasin (Niacin)|4.7 mg
GP026|Air (Water)|33.0 g
GP026|Energi (Energy)|176 Kal
GP026|Protein (Protein)|32.0 g
GP026|Lemak (Fat)|4.4 g
GP026|Karbohidrat (CHO)|2.0 g
GP026|Serat (Fibre)|0.0 g
GP026|Abu (ASH)|28.6 g
GP026|Kalsium (Ca)|120 mg
GP026|Fosfor (P)|200 mg
GP026|Besi (Fe)|1.0 mg
GP026|Natrium (Na)|79 mg
GP026|Kalium (K)|1.0 mg
GP026|Retinol (Vit. A)|15 mcg
GP026|Thiamin (Vit. B1)|0.05 mg
GP026|Riboflavin (Vit. B2)|0.10 mg
GP026|Niasin (Niacin)|2.4 mg
GP026|Vitamin C (Vit. C)|0 mg
GP027|Air (Water)|59.0 g
GP027|Energi (Energy)|157 Kal
GP027|Protein (Protein)|28.0 g
GP027|Lemak (Fat)|4.2 g
GP027|Karbohidrat (CHO)|1.8 g
GP027|Serat (Fibre)|0.0 g
GP027|Abu (ASH)|7.0 g
GP027|Kalsium (Ca)|50 mg
GP027|Fosfor (P)|100 mg
GP027|Besi (Fe)|1.0 mg
GP027|Retinol (Vit. A)|45 mcg
GP027|Thiamin (Vit. B1)|0.10 mg
GP027|Vitamin C (Vit. C)|0 mg
GP028|Air (Water)|57.0 g
GP028|Energi (Energy)|170 Kal
GP028|Protein (Protein)|31.0 g
GP028|Lemak (Fat)|4.2 g
GP028|Karbohidrat (CHO)|0.0 g
GP028|Serat (Fibre)|0.0 g
GP028|Abu (ASH)|7.8 g
GP028|Kalsium (Ca)|50 mg
GP028|Fosfor (P)|100 mg
GP028|Besi (Fe)|1.0 mg
GP028|Retinol (Vit. A)|45 mcg
GP028|Thiamin (Vit. B1)|0.10 mg
GP028|Vitamin C (Vit. C)|0 mg
GP029|Air (Water)|60.0 g
GP029|Energi (Energy)|153 Kal
GP029|Protein (Protein)|30.0 g
GP029|Lemak (Fat)|2.8 g
GP029|Karbohidrat (CHO)|0.0 g
GP029|Serat (Fibre)|0.0 g
GP029|Abu (ASH)|7.2 g
GP029|Kalsium (Ca)|60 mg
GP029|Fosfor (P)|200 mg
GP029|Besi (Fe)|3.0 mg
GP029|Retinol (Vit. A)|61 mcg
GP029|Thiamin (Vit. B1)|0.07 mg
GP029|Vitamin C (Vit. C)|0 mg
GP030|Air (Water)|60.0 g
GP030|Energi (Energy)|142 Kal
GP030|Protein (Protein)|27.0 g
GP030|Lemak (Fat)|3.0 g
GP030|Karbohidrat (CHO)|0.0 g
GP030|Serat (Fibre)|0.0 g
GP030|Abu (ASH)|10.0 g
GP030|Kalsium (Ca)|60 mg
GP030|Fosfor (P)|200 mg
GP030|Besi (Fe)|3.0 mg
GP030|Retinol (Vit. A)|61 mcg
GP030|Thiamin (Vit. B1)|0.07 mg
GP030|Vitamin C (Vit. C)|0 mg
GP031|Air (Water)|8.5 g
GP031|Energi (Energy)|534 Kal
GP031|Protein (Protein)|40.2 g
GP031|Lemak (Fat)|39.3 g
GP031|Karbohidrat (CHO)|4.9 g
GP031|Serat (Fibre)|2.0 g
GP031|Abu (ASH)|7.1 g
GP031|Kalsium (Ca)|199 mg
GP031|Fosfor (P)|1,244 mg
GP031|Besi (Fe)|2.7 mg
GP031|Natrium (Na)|673 mg
GP031|Kalium (K)|673.0 mg
GP031|Tembaga (Cu)|0.30 mg
GP031|Seng (Zn)|2.6 mg
GP031|Beta-Karoten (Carotenes)|410 mcg
GP031|Karoten Total (Re)|0 mcg
GP031|Thiamin (Vit. B1)|0.02 mg
GP031|Riboflavin (Vit. B2)|0.50 mg
GP031|Niasin (Niacin)|0.0 mg
GP031|Vitamin C (Vit. C)|0 mg
GP032|Air (Water)|12.4 g
GP032|Energi (Energy)|415 Kal
GP032|Protein (Protein)|61.3 g
GP032|Lemak (Fat)|17.6 g
GP032|Karbohidrat (CHO)|2.9 g
GP032|Serat (Fibre)|0.0 g
GP032|Abu (ASH)|5.8 g
GP032|Kalsium (Ca)|258 mg
GP032|Fosfor (P)|919 mg
GP032|Besi (Fe)|7.0 mg
GP032|Natrium (Na)|381 mg
GP032|Kalium (K)|488.0 mg
GP032|Tembaga (Cu)|17.60 mg
GP032|Seng (Zn)|1.0 mg
GP032|Retinol (Vit. A)|0 mcg
GP032|Karoten Total (Re)|0 mcg
GP032|Thiamin (Vit. B1)|0.03 mg
GP032|Riboflavin (Vit. B2)|0.10 mg
GP032|Niasin (Niacin)|17.3 mg
GP032|Vitamin C (Vit. C)|0 mg
GP033|Air (Water)|33.6 g
GP033|Energi (Energy)|284 Kal
GP033|Protein (Protein)|34.1 g
GP033|Lemak (Fat)|9.9 g
GP033|Karbohidrat (CHO)|14.6 g
GP033|Serat (Fibre)|0.0 g
GP033|Abu (ASH)|7.8 g
GP033|Kalsium (Ca)|1,426 mg
GP033|Fosfor (P)|1,103 mg
GP033|Besi (Fe)|9.5 mg
GP033|Natrium (Na)|1,767 mg
GP033|Kalium (K)|263.0 mg
GP033|Tembaga (Cu)|1.30 mg
GP033|Seng (Zn)|18.7 mg
GP033|Thiamin (Vit. B1)|0.49 mg
GP033|Riboflavin (Vit. B2)|0.03 mg
GP034|Air (Water)|42.6 g
GP034|Energi (Energy)|240 Kal
GP034|Protein (Protein)|21.7 g
GP034|Lemak (Fat)|7.7 g
GP034|Karbohidrat (CHO)|20.7 g
GP034|Abu (ASH)|7.3 g
GP034|Kalsium (Ca)|159 mg
GP034|Fosfor (P)|362 mg
GP034|Besi (Fe)|9.8 mg
GP034|Natrium (Na)|2,041 mg
GP034|Kalium (K)|159.0 mg
GP034|Tembaga (Cu)|1.50 mg
GP034|Seng (Zn)|8.8 mg
GP034|Thiamin (Vit. B1)|0.51 mg
GP034|Riboflavin (Vit. B2)|0.02 mg
GP035|Air (Water)|59.0 g
GP035|Energi (Energy)|138 Kal
GP035|Protein (Protein)|27.0 g
GP035|Lemak (Fat)|3.3 g
GP035|Karbohidrat (CHO)|0.0 g
GP035|Serat (Fibre)|0.0 g
GP035|Abu (ASH)|0.7 g
GP035|Kalsium (Ca)|50 mg
GP035|Fosfor (P)|100 mg
GP035|Besi (Fe)|2.0 mg
GP035|Retinol (Vit. A)|45 mcg
GP035|Thiamin (Vit. B1)|0.10 mg
GP035|Vitamin C (Vit. C)|0 mg
GP036|Air (Water)|43.0 g
GP036|Energi (Energy)|194 Kal
GP036|Protein (Protein)|38.0 g
GP036|Lemak (Fat)|3.5 g
GP036|Karbohidrat (CHO)|0.0 g
GP036|Serat (Fibre)|0.0 g
GP036|Abu (ASH)|15.5 g
GP036|Kalsium (Ca)|20 mg
GP036|Fosfor (P)|200 mg
GP036|Besi (Fe)|1.0 mg
GP036|Retinol (Vit. A)|0 mcg
GP036|Beta-Karoten (Carotenes)|0 mcg
GP036|Thiamin (Vit. B1)|0.01 mg
GP036|Vitamin C (Vit. C)|0 mg
GP037|Air (Water)|30.0 g
GP037|Energi (Energy)|289 Kal
GP037|Protein (Protein)|38.0 g
GP037|Lemak (Fat)|14.0 g
GP037|Karbohidrat (CHO)|0.0 g
GP037|Serat (Fibre)|0.0 g
GP037|Abu (ASH)|18.0 g
GP037|Kalsium (Ca)|40 mg
GP037|Fosfor (P)|100 mg
GP037|Besi (Fe)|0.7 mg
GP037|Retinol (Vit. A)|0 mcg
GP037|Beta-Karoten (Carotenes)|0 mcg
GP037|Thiamin (Vit. B1)|0.00 mg
GP037|Vitamin C (Vit. C)|0 mg
GP038|Air (Water)|34.7 g
GP038|Energi (Energy)|199 Kal
GP038|Protein (Protein)|34.1 g
GP038|Lemak (Fat)|3.8 g
GP038|Karbohidrat (CHO)|7.1 g
GP038|Abu (ASH)|20.3 g
GP038|Kalsium (Ca)|94 mg
GP038|Fosfor (P)|92 mg
GP038|Besi (Fe)|2.2 mg
GP038|Natrium (Na)|377 mg
GP038|Kalium (K)|57.0 mg
GP038|Tembaga (Cu)|0.10 mg
GP038|Seng (Zn)|3.2 mg
GP038|Retinol (Vit. A)|2,481 mcg
GP038|Thiamin (Vit. B1)|1.50 mg
GP038|Riboflavin (Vit. B2)|0.13 mg
GP038|Niasin (Niacin)|7.2 mg
GP039|Air (Water)|4.3 g
GP039|Energi (Energy)|316 Kal
GP039|Protein (Protein)|60.1 g
GP039|Lemak (Fat)|6.5 g
GP039|Karbohidrat (CHO)|22.4 g
GP039|Serat (Fibre)|0.0 g
GP039|Abu (ASH)|6.7 g
GP039|Kalsium (Ca)|3,196 mg
GP039|Fosfor (P)|1,976 mg
GP039|Besi (Fe)|16.6 mg
GP039|Retinol (Vit. A)|320 mcg
GP039|Beta-Karoten (Carotenes)|0 mcg
GP039|Karoten Total (Re)|0 mcg
GP039|Thiamin (Vit. B1)|0.00 mg
GP039|Vitamin C (Vit. C)|0 mg
GP040|Air (Water)|34.5 g
GP040|Energi (Energy)|144 Kal
GP040|Protein (Protein)|32.5 g
GP040|Lemak (Fat)|0.6 g
GP040|Karbohidrat (CHO)|0.0 g
GP040|Serat (Fibre)|0.0 g
GP040|Abu (ASH)|32.4 g
GP040|Kalsium (Ca)|1,000 mg
GP040|Fosfor (P)|1,000 mg
GP040|Besi (Fe)|3.0 mg
GP040|Natrium (Na)|312 mg
GP040|Retinol (Vit. A)|61 mcg
GP040|Thiamin (Vit. B1)|0.10 mg
GP040|Vitamin C (Vit. C)|0 mg
GP041|Air (Water)|15.0 g
GP041|Energi (Energy)|277 Kal
GP041|Protein (Protein)|60.0 g
GP041|Lemak (Fat)|2.3 g
GP041|Karbohidrat (CHO)|1.8 g
GP041|Serat (Fibre)|0.0 g
GP041|Abu (ASH)|20.9 g
GP041|Kalsium (Ca)|1,209 mg
GP041|Fosfor (P)|1,225 mg
GP041|Besi (Fe)|3.0 mg
GP041|Retinol (Vit. A)|90 mcg
GP041|Thiamin (Vit. B1)|0.10 mg
GP041|Vitamin C (Vit. C)|0 mg
GP042|Air (Water)|37.8 g
GP042|Energi (Energy)|170 Kal
GP042|Protein (Protein)|33.4 g
GP042|Lemak (Fat)|3.0 g
GP042|Karbohidrat (CHO)|0.0 g
GP042|Serat (Fibre)|0.0 g
GP042|Abu (ASH)|25.8 g
GP042|Kalsium (Ca)|1,200 mg
GP042|Fosfor (P)|1,500 mg
GP042|Besi (Fe)|3.6 mg
GP042|Retinol (Vit. A)|64 mcg
GP042|Thiamin (Vit. B1)|0.15 mg
GP042|Vitamin C (Vit. C)|0 mg
GP043|Air (Water)|16.7 g
GP043|Energi (Energy)|331 Kal
GP043|Protein (Protein)|68.7 g
GP043|Lemak (Fat)|4.2 g
GP043|Karbohidrat (CHO)|0.0 g
GP043|Serat (Fibre)|0.0 g
GP043|Abu (ASH)|10.4 g
GP043|Kalsium (Ca)|2,381 mg
GP043|Fosfor (P)|1,500 mg
GP043|Besi (Fe)|23.4 mg
GP043|Retinol (Vit. A)|61 mcg
GP043|Thiamin (Vit. B1)|0.10 mg
GP043|Vitamin C (Vit. C)|0 mg
GP044|Air (Water)|5.2 g
GP044|Energi (Energy)|347 Kal
GP044|Protein (Protein)|48.8 g
GP044|Lemak (Fat)|6.4 g
GP044|Karbohidrat (CHO)|19.6 g
GP044|Serat (Fibre)|0.0 g
GP044|Abu (ASH)|20.0 g
GP044|Kalsium (Ca)|4,608 mg
GP044|Fosfor (P)|1,200 mg
GP044|Besi (Fe)|18.6 mg
GP044|Retinol (Vit. A)|61 mcg
GP044|Beta-Karoten (Carotenes)|0 mcg
GP044|Karoten Total (Re)|130 mcg
GP044|Thiamin (Vit. B1)|1.12 mg
GP044|Vitamin C (Vit. C)|0 mg
GP045|Air (Water)|9.3 g
GP045|Energi (Energy)|393 Kal
GP045|Protein (Protein)|38.9 g
GP045|Lemak (Fat)|13.3 g
GP045|Karbohidrat (CHO)|29.4 g
GP045|Abu (ASH)|9.1 g
GP045|Kalsium (Ca)|420 mg
GP045|Fosfor (P)|410 mg
GP045|Besi (Fe)|8.5 mg
GP045|Natrium (Na)|160 mg
GP045|Kalium (K)|50.0 mg
GP045|Tembaga (Cu)|0.60 mg
GP045|Seng (Zn)|3.7 mg
GP045|Thiamin (Vit. B1)|0.30 mg
GP045|Riboflavin (Vit. B2)|1.70 mg
GP045|Niasin (Niacin)|0.2 mg
GP046|Air (Water)|18.3 g
GP046|Energi (Energy)|357 Kal
GP046|Protein (Protein)|41.1 g
GP046|Lemak (Fat)|10.0 g
GP046|Karbohidrat (CHO)|25.6 g
GP046|Serat (Fibre)|0.0 g
GP046|Abu (ASH)|5.0 g
GP046|Kalsium (Ca)|217 mg
GP046|Fosfor (P)|904 mg
GP046|Besi (Fe)|5.2 mg
GP046|Retinol (Vit. A)|0 mcg
GP046|Karoten Total (Re)|329 mcg
GP046|Thiamin (Vit. B1)|0.27 mg
GP046|Vitamin C (Vit. C)|0 mg
GP047|Air (Water)|21.6 g
GP047|Energi (Energy)|299 Kal
GP047|Protein (Protein)|59.4 g
GP047|Lemak (Fat)|3.6 g
GP047|Karbohidrat (CHO)|3.2 g
GP047|Serat (Fibre)|0.0 g
GP047|Abu (ASH)|12.2 g
GP047|Kalsium (Ca)|2,306 mg
GP047|Fosfor (P)|625 mg
GP047|Besi (Fe)|21.4 mg
GP047|Retinol (Vit. A)|0 mcg
GP047|Beta-Karoten (Carotenes)|0 mcg
GP047|Thiamin (Vit. B1)|0.06 mg
GP047|Vitamin C (Vit. C)|0 mg
GP048|Air (Water)|18.2 g
GP048|Energi (Energy)|320 Kal
GP048|Protein (Protein)|7.2 g
GP048|Lemak (Fat)|4.2 g
GP048|Karbohidrat (CHO)|63.3 g
GP048|Abu (ASH)|7.1 g
GP048|Kalsium (Ca)|240 mg
GP048|Fosfor (P)|570 mg
GP048|Besi (Fe)|6.6 mg
GP048|Natrium (Na)|20 mg
GP048|Kalium (K)|1,040.0 mg
GP048|Tembaga (Cu)|1.50 mg
GP048|Seng (Zn)|6.2 mg
GP048|Retinol (Vit. A)|917 mcg
GP048|Thiamin (Vit. B1)|0.00 mg
GP048|Riboflavin (Vit. B2)|0.00 mg
GP048|Niasin (Niacin)|4.9 mg
GP049|Air (Water)|47.1 g
GP049|Energi (Energy)|338 Kal
GP049|Protein (Protein)|21.1 g
GP049|Lemak (Fat)|27.0 g
GP049|Karbohidrat (CHO)|1.0 g
GP049|Serat (Fibre)|0.0 g
GP049|Abu (ASH)|3.8 g
GP049|Kalsium (Ca)|354 mg
GP049|Fosfor (P)|434 mg
GP049|Besi (Fe)|3.5 mg
GP049|Retinol (Vit. A)|76 mcg
GP049|Beta-Karoten (Carotenes)|0 mcg
GP049|Thiamin (Vit. B1)|0.10 mg
GP049|Vitamin C (Vit. C)|0 mg
GP050|Air (Water)|12.5 g
GP050|Energi (Energy)|462 Kal
GP050|Protein (Protein)|39.1 g
GP050|Lemak (Fat)|32.4 g
GP050|Karbohidrat (CHO)|3.5 g
GP050|Serat (Fibre)|0.0 g
GP050|Abu (ASH)|12.5 g
GP050|Kalsium (Ca)|499 mg
GP050|Fosfor (P)|616 mg
GP050|Besi (Fe)|96.4 mg
GP050|Natrium (Na)|315 mg
GP050|Kalium (K)|402.5 mg
GP050|Retinol (Vit. A)|2 mcg
GP050|Beta-Karoten (Carotenes)|0 mcg
GP050|Karoten Total (Re)|144 mcg
GP050|Thiamin (Vit. B1)|1.37 mg
GP050|Riboflavin (Vit. B2)|0.00 mg
GP050|Niasin (Niacin)|5.3 mg
GP050|Vitamin C (Vit. C)|0 mg
GP051|Air (Water)|14.9 g
GP051|Energi (Energy)|278 Kal
GP051|Protein (Protein)|62.6 g
GP051|Lemak (Fat)|4.1 g
GP051|Karbohidrat (CHO)|2.2 g
GP051|Abu (ASH)|16.2 g
GP051|Kalsium (Ca)|760 mg
GP051|Fosfor (P)|510 mg
GP051|Besi (Fe)|5.2 mg
GP051|Natrium (Na)|540 mg
GP051|Kalium (K)|360.0 mg
GP051|Tembaga (Cu)|2.40 mg
GP051|Seng (Zn)|3.2 mg
GP051|Retinol (Vit. A)|39 mcg
GP051|Niasin (Niacin)|0.1 mg
GP052|Air (Water)|24.5 g
GP052|Energi (Energy)|273 Kal
GP052|Protein (Protein)|47.8 g
GP052|Lemak (Fat)|3.8 g
GP052|Karbohidrat (CHO)|12.5 g
GP052|Abu (ASH)|11.5 g
GP052|Kalsium (Ca)|1,109 mg
GP052|Fosfor (P)|789 mg
GP052|Besi (Fe)|2.4 mg
GP052|Natrium (Na)|651 mg
GP052|Kalium (K)|802.0 mg
GP052|Tembaga (Cu)|2.60 mg
GP052|Seng (Zn)|10.8 mg
GP053|Air (Water)|11.6 g
GP053|Energi (Energy)|513 Kal
GP053|Protein (Protein)|23.7 g
GP053|Lemak (Fat)|37.0 g
GP053|Karbohidrat (CHO)|21.3 g
GP053|Abu (ASH)|6.4 g
GP053|Kalsium (Ca)|25 mg
GP053|Fosfor (P)|25 mg
GP053|Besi (Fe)|0.5 mg
GP053|Natrium (Na)|61 mg
GP053|Kalium (K)|15.0 mg
GP053|Tembaga (Cu)|0.00 mg
GP053|Seng (Zn)|0.2 mg
GP054|Air (Water)|6.4 g
GP054|Energi (Energy)|435 Kal
GP054|Protein (Protein)|27.2 g
GP054|Lemak (Fat)|20.2 g
GP054|Karbohidrat (CHO)|36.1 g
GP054|Abu (ASH)|10.1 g
GP054|Riboflavin (Vit. B2)|0.80 mg
GP054|Niasin (Niacin)|24.3 mg
GP055|Air (Water)|69.2 g
GP055|Energi (Energy)|145 Kal
GP055|Protein (Protein)|16.3 g
GP055|Lemak (Fat)|7.0 g
GP055|Karbohidrat (CHO)|4.1 g
GP055|Abu (ASH)|3.4 g
GP055|Kalsium (Ca)|405 mg
GP055|Fosfor (P)|523 mg
GP055|Besi (Fe)|1.8 mg
GP055|Natrium (Na)|69 mg
GP055|Kalium (K)|203.0 mg
GP055|Tembaga (Cu)|1.00 mg
GP055|Seng (Zn)|1.3 mg
GP055|Thiamin (Vit. B1)|0.22 mg
GP056|Air (Water)|79.5 g
GP056|Energi (Energy)|79 Kal
GP056|Protein (Protein)|6.3 g
GP056|Lemak (Fat)|1.0 g
GP056|Karbohidrat (CHO)|1.1 g
GP056|Abu (ASH)|2.1 g
GP056|Natrium (Na)|67 mg
GP056|Retinol (Vit. A)|691 mcg
GP056|Thiamin (Vit. B1)|0.10 mg
GP056|Riboflavin (Vit. B2)|0.00 mg
GP056|Niasin (Niacin)|0.1 mg
GP057|Air (Water)|73.9 g
GP057|Energi (Energy)|94 Kal
GP057|Protein (Protein)|7.8 g
GP057|Lemak (Fat)|2.2 g
GP057|Karbohidrat (CHO)|10.8 g
GP057|Abu (ASH)|5.3 g
GP057|Natrium (Na)|58 mg
GP057|Kalium (K)|179.4 mg
GP057|Seng (Zn)|1.5 mg
GP057|Thiamin (Vit. B1)|0.50 mg
GP057|Riboflavin (Vit. B2)|0.03 mg
GP057|Niasin (Niacin)|2.4 mg
GP058|Air (Water)|64.3 g
GP058|Energi (Energy)|155 Kal
GP058|Protein (Protein)|20.1 g
GP058|Lemak (Fat)|3.8 g
GP058|Karbohidrat (CHO)|10.2 g
GP058|Abu (ASH)|1.6 g
GP058|Kalsium (Ca)|20 mg
GP058|Fosfor (P)|240 mg
GP058|Besi (Fe)|2.1 mg
GP058|Natrium (Na)|90 mg
GP058|Kalium (K)|390.0 mg
GP058|Tembaga (Cu)|0.30 mg
GP058|Seng (Zn)|0.1 mg
GP058|Retinol (Vit. A)|86 mcg
GP058|Riboflavin (Vit. B2)|0.70 mg
GP058|Niasin (Niacin)|0.2 mg
GP059|Air (Water)|8.2 g
GP059|Energi (Energy)|382 Kal
GP059|Protein (Protein)|55.7 g
GP059|Lemak (Fat)|14.1 g
GP059|Karbohidrat (CHO)|8.0 g
GP059|Serat (Fibre)|0.0 g
GP059|Abu (ASH)|14.0 g
GP059|Kalsium (Ca)|1,069 mg
GP059|Fosfor (P)|654 mg
GP059|Besi (Fe)|15.4 mg
GP059|Retinol (Vit. A)|28 mcg
GP059|Karoten Total (Re)|1,480 mcg
GP059|Thiamin (Vit. B1)|0.48 mg
GP059|Vitamin C (Vit. C)|0 mg
GP060|Air (Water)|6.5 g
GP060|Energi (Energy)|598 Kal
GP060|Protein (Protein)|74.3 g
GP060|Lemak (Fat)|26.9 g
GP060|Karbohidrat (CHO)|9.2 g
GP060|Serat (Fibre)|0.0 g
GP060|Abu (ASH)|13.1 g
GP060|Kalsium (Ca)|1,957 mg
GP060|Fosfor (P)|1,447 mg
GP060|Besi (Fe)|7.4 mg
GP060|Retinol (Vit. A)|18 mcg
GP060|Karoten Total (Re)|25 mcg
GP060|Thiamin (Vit. B1)|0.19 mg
GP060|Vitamin C (Vit. C)|0 mg
GP061|Air (Water)|51.0 g
GP061|Energi (Energy)|270 Kal
GP061|Protein (Protein)|12.3 g
GP061|Lemak (Fat)|15.9 g
GP061|Karbohidrat (CHO)|19.3 g
GP061|Serat (Fibre)|0.2 g
GP061|Abu (ASH)|1.5 g
GP061|Kalsium (Ca)|239 mg
GP061|Fosfor (P)|272 mg
GP061|Besi (Fe)|1.8 mg
GP061|Natrium (Na)|439 mg
GP061|Retinol (Vit. A)|34 mcg
GP061|Karoten Total (Re)|580 mcg
GP061|Thiamin (Vit. B1)|0.59 mg
GP061|Vitamin C (Vit. C)|0 mg
GP062|Air (Water)|80.1 g
GP062|Energi (Energy)|75 Kal
GP062|Protein (Protein)|8.2 g
GP062|Lemak (Fat)|2.0 g
GP062|Karbohidrat (CHO)|6.0 g
GP062|Abu (ASH)|3.8 g
GP062|Kalsium (Ca)|1,620 mg
GP062|Fosfor (P)|880 mg
GP062|Besi (Fe)|0.8 mg
GP062|Natrium (Na)|260 mg
GP062|Kalium (K)|150.0 mg
GP062|Tembaga (Cu)|0.10 mg
GP062|Seng (Zn)|1.5 mg
GP062|Niasin (Niacin)|0.1 mg
GP063|Air (Water)|86.0 g
GP063|Energi (Energy)|52 Kal
GP063|Protein (Protein)|10.0 g
GP063|Lemak (Fat)|0.5 g
GP063|Karbohidrat (CHO)|1.8 g
GP063|Abu (ASH)|1.7 g
GP063|Kalsium (Ca)|62 mg
GP063|Fosfor (P)|102 mg
GP063|Besi (Fe)|0.3 mg
GP063|Natrium (Na)|332 mg
GP063|Kalium (K)|141.0 mg
GP063|Tembaga (Cu)|0.00 mg
GP063|Seng (Zn)|1.0 mg
GP063|Thiamin (Vit. B1)|0.18 mg
GP063|Riboflavin (Vit. B2)|0.34 mg
GP064|Air (Water)|72.1 g
GP064|Energi (Energy)|148 Kal
GP064|Protein (Protein)|10.0 g
GP064|Lemak (Fat)|9.8 g
GP064|Karbohidrat (CHO)|5.0 g
GP064|Abu (ASH)|3.1 g
GP064|Kalsium (Ca)|103 mg
GP064|Fosfor (P)|82 mg
GP064|Besi (Fe)|0.7 mg
GP064|Natrium (Na)|525 mg
GP064|Kalium (K)|256.0 mg
GP064|Tembaga (Cu)|0.10 mg
GP064|Seng (Zn)|0.9 mg
GP064|Thiamin (Vit. B1)|0.26 mg
GP064|Riboflavin (Vit. B2)|0.02 mg
GP065|Air (Water)|75.7 g
GP065|Energi (Energy)|106 Kal
GP065|Protein (Protein)|16.5 g
GP065|Lemak (Fat)|3.3 g
GP065|Karbohidrat (CHO)|2.5 g
GP065|Abu (ASH)|2.0 g
GP065|Kalsium (Ca)|306 mg
GP065|Fosfor (P)|196 mg
GP065|Besi (Fe)|4.8 mg
GP065|Natrium (Na)|743 mg
GP065|Retinol (Vit. A)|86 mcg
GP065|Karoten Total (Re)|2,760 mcg
GP065|Thiamin (Vit. B1)|0.32 mg
GP065|Vitamin C (Vit. C)|0 mg
GP066|Air (Water)|81.4 g
GP066|Energi (Energy)|110 Kal
GP066|Protein (Protein)|5.9 g
GP066|Lemak (Fat)|8.2 g
GP066|Karbohidrat (CHO)|3.2 g
GP066|Abu (ASH)|1.3 g
GP066|Kalsium (Ca)|32 mg
GP066|Fosfor (P)|96 mg
GP066|Besi (Fe)|1.0 mg
GP066|Natrium (Na)|335 mg
GP066|Kalium (K)|121.0 mg
GP066|Tembaga (Cu)|0.20 mg
GP066|Seng (Zn)|0.9 mg
GP066|Thiamin (Vit. B1)|0.33 mg
GP066|Riboflavin (Vit. B2)|0.04 mg
GP067|Air (Water)|73.1 g
GP067|Energi (Energy)|132 Kal
GP067|Protein (Protein)|9.0 g
GP067|Lemak (Fat)|7.2 g
GP067|Karbohidrat (CHO)|7.8 g
GP067|Abu (ASH)|2.9 g
GP067|Kalsium (Ca)|53 mg
GP067|Fosfor (P)|134 mg
GP067|Besi (Fe)|3.7 mg
GP067|Natrium (Na)|285 mg
GP067|Kalium (K)|133.0 mg
GP067|Tembaga (Cu)|1.10 mg
GP067|Seng (Zn)|0.7 mg
GP067|Retinol (Vit. A)|389 mcg
GP067|Thiamin (Vit. B1)|0.29 mg
GP067|Riboflavin (Vit. B2)|0.12 mg
GP068|Air (Water)|63.1 g
GP068|Energi (Energy)|192 Kal
GP068|Protein (Protein)|12.7 g
GP068|Lemak (Fat)|10.1 g
GP068|Karbohidrat (CHO)|12.7 g
GP068|Serat (Fibre)|0.0 g
GP068|Abu (ASH)|2.4 g
GP068|Kalsium (Ca)|283 mg
GP068|Fosfor (P)|169 mg
GP068|Besi (Fe)|1.1 mg
GP068|Retinol (Vit. A)|19 mcg
GP068|Karoten Total (Re)|1,440 mcg
GP068|Thiamin (Vit. B1)|0.10 mg
GP068|Vitamin C (Vit. C)|0 mg
GP069|Air (Water)|69.2 g
GP069|Energi (Energy)|146 Kal
GP069|Protein (Protein)|17.7 g
GP069|Lemak (Fat)|5.9 g
GP069|Karbohidrat (CHO)|5.6 g
GP069|Abu (ASH)|1.6 g
GP069|Kalsium (Ca)|100 mg
GP069|Fosfor (P)|240 mg
GP069|Besi (Fe)|4.0 mg
GP069|Natrium (Na)|170 mg
GP069|Kalium (K)|310.0 mg
GP069|Tembaga (Cu)|0.30 mg
GP069|Seng (Zn)|1.4 mg
GP069|Retinol (Vit. A)|224 mcg
GP069|Beta-Karoten (Carotenes)|0 mcg
GP070|Air (Water)|13.4 g
GP070|Energi (Energy)|286 Kal
GP070|Protein (Protein)|48.5 g
GP070|Lemak (Fat)|9.2 g
GP070|Karbohidrat (CHO)|2.3 g
GP070|Abu (ASH)|26.6 g
GP070|Kalsium (Ca)|207 mg
GP070|Fosfor (P)|457 mg
GP070|Besi (Fe)|3.3 mg
GP070|Retinol (Vit. A)|109 mcg
GP070|Karoten Total (Re)|160 mcg
GP070|Thiamin (Vit. B1)|0.40 mg
GP070|Niasin (Niacin)|3.1 mg
GP070|Vitamin C (Vit. C)|0 mg
GP071|Air (Water)|69.4 g
GP071|Energi (Energy)|15 Kal
GP071|Protein (Protein)|15.2 g
GP071|Lemak (Fat)|4.3 g
GP071|Karbohidrat (CHO)|8.8 g
GP071|Abu (ASH)|2.3 g
GP071|Kalsium (Ca)|40 mg
GP071|Fosfor (P)|170 mg
GP071|Besi (Fe)|1.1 mg
GP071|Natrium (Na)|605 mg
GP071|Kalium (K)|153.0 mg
GP071|Tembaga (Cu)|0.60 mg
GP071|Seng (Zn)|1.1 mg
GP071|Thiamin (Vit. B1)|0.30 mg
GP071|Riboflavin (Vit. B2)|0.14 mg
GP071|Niasin (Niacin)|7.5 mg
GP072|Air (Water)|11.2 g
GP072|Energi (Energy)|413 Kal
GP072|Protein (Protein)|28.7 g
GP072|Lemak (Fat)|19.8 g
GP072|Karbohidrat (CHO)|29.8 g
GP072|Abu (ASH)|10.5 g
GP072|Kalsium (Ca)|909 mg
GP072|Fosfor (P)|1,291 mg
GP072|Besi (Fe)|0.0 mg
GP072|Natrium (Na)|0 mg
GP072|Kalium (K)|1,171.0 mg
GP072|Tembaga (Cu)|0.10 mg
GP072|Seng (Zn)|3.1 mg
GP072|Retinol (Vit. A)|4,236 mcg
GP072|Thiamin (Vit. B1)|1.34 mg
GP072|Riboflavin (Vit. B2)|0.03 mg
GP072|Niasin (Niacin)|5.7 mg
GP073|Air (Water)|64.5 g
GP073|Energi (Energy)|207 Kal
GP073|Protein (Protein)|7.4 g
GP073|Lemak (Fat)|15.4 g
GP073|Karbohidrat (CHO)|9.6 g
GP073|Abu (ASH)|2.9 g
GP073|Kalsium (Ca)|114 mg
GP073|Fosfor (P)|219 mg
GP073|Besi (Fe)|5.9 mg
GP073|Natrium (Na)|683 mg
GP073|Kalium (K)|117.0 mg
GP073|Tembaga (Cu)|0.50 mg
GP073|Seng (Zn)|0.7 mg
GP073|Retinol (Vit. A)|0 mcg
GP073|Beta-Karoten (Carotenes)|38 mcg
GP073|Thiamin (Vit. B1)|0.19 mg
GP073|Riboflavin (Vit. B2)|0.04 mg
GP073|Vitamin C (Vit. C)|14 mg
GP074|Air (Water)|83.9 g
GP074|Energi (Energy)|79 Kal
GP074|Protein (Protein)|2.2 g
GP074|Lemak (Fat)|4.0 g
GP074|Karbohidrat (CHO)|8.6 g
GP074|Abu (ASH)|1.3 g
GP074|Kalsium (Ca)|8 mg
GP074|Fosfor (P)|33 mg
GP074|Besi (Fe)|0.8 mg
GP074|Natrium (Na)|147 mg
GP074|Kalium (K)|34.0 mg
GP074|Tembaga (Cu)|0.10 mg
GP074|Seng (Zn)|0.5 mg
GP074|Thiamin (Vit. B1)|0.16 mg
GP074|Riboflavin (Vit. B2)|0.02 mg
GP075|Air (Water)|43.1 g
GP075|Energi (Energy)|330 Kal
GP075|Protein (Protein)|17.8 g
GP075|Lemak (Fat)|23.4 g
GP075|Karbohidrat (CHO)|12.1 g
GP075|Serat (Fibre)|1.1 g
GP075|Abu (ASH)|4.6 g
GP075|Kalsium (Ca)|154 mg
GP075|Fosfor (P)|357 mg
GP075|Besi (Fe)|5.3 mg
GP075|Retinol (Vit. A)|24 mcg
GP075|Karoten Total (Re)|4,130 mcg
GP075|Thiamin (Vit. B1)|0.15 mg
GP075|Vitamin C (Vit. C)|0 mg
GP076|Air (Water)|80.0 g
GP076|Energi (Energy)|87 Kal
GP076|Protein (Protein)|10.5 g
GP076|Lemak (Fat)|2.5 g
GP076|Karbohidrat (CHO)|5.5 g
GP076|Abu (ASH)|1.5 g
GP076|Kalsium (Ca)|35 mg
GP076|Fosfor (P)|215 mg
GP076|Besi (Fe)|0.9 mg
GP076|Natrium (Na)|416 mg
GP076|Kalium (K)|59.0 mg
GP076|Tembaga (Cu)|0.10 mg
GP076|Seng (Zn)|0.2 mg
GP076|Thiamin (Vit. B1)|0.24 mg
GP076|Riboflavin (Vit. B2)|0.00 mg
GP076|Niasin (Niacin)|0.7 mg
GP077|Air (Water)|62.6 g
GP077|Energi (Energy)|162 Kal
GP077|Protein (Protein)|4.9 g
GP077|Lemak (Fat)|3.0 g
GP077|Karbohidrat (CHO)|27.8 g
GP077|Abu (ASH)|1.7 g
GP077|Kalsium (Ca)|26 mg
GP077|Fosfor (P)|116 mg
GP077|Besi (Fe)|1.0 mg
GP077|Natrium (Na)|488 mg
GP077|Kalium (K)|119.0 mg
GP077|Tembaga (Cu)|0.10 mg
GP077|Seng (Zn)|0.2 mg
GP077|Thiamin (Vit. B1)|0.30 mg
GP077|Riboflavin (Vit. B2)|0.03 mg
GP077|Niasin (Niacin)|1.0 mg
GP078|Air (Water)|61.4 g
GP078|Energi (Energy)|156 Kal
GP078|Protein (Protein)|4.2 g
GP078|Lemak (Fat)|1.4 g
GP078|Karbohidrat (CHO)|31.6 g
GP078|Serat (Fibre)|0.2 g
GP078|Abu (ASH)|1.4 g
GP078|Kalsium (Ca)|100 mg
GP078|Fosfor (P)|55 mg
GP078|Besi (Fe)|3.3 mg
GP078|Retinol (Vit. A)|0 mcg
GP078|Karoten Total (Re)|0 mcg
GP078|Thiamin (Vit. B1)|0.03 mg
GP078|Vitamin C (Vit. C)|0 mg
GP079|Air (Water)|63.4 g
GP079|Energi (Energy)|152 Kal
GP079|Protein (Protein)|4.5 g
GP079|Lemak (Fat)|2.3 g
GP079|Karbohidrat (CHO)|28.2 g
GP079|Abu (ASH)|1.6 g
GP079|Kalsium (Ca)|19 mg
GP079|Fosfor (P)|115 mg
GP079|Besi (Fe)|1.6 mg
GP079|Natrium (Na)|628 mg
GP079|Kalium (K)|91.0 mg
GP079|Tembaga (Cu)|0.10 mg
GP079|Seng (Zn)|0.2 mg
GP079|Thiamin (Vit. B1)|0.20 mg
GP079|Riboflavin (Vit. B2)|0.03 mg
GP079|Niasin (Niacin)|1.0 mg
GP080|Air (Water)|53.0 g
GP080|Energi (Energy)|211 Kal
GP080|Protein (Protein)|12.3 g
GP080|Lemak (Fat)|6.1 g
GP080|Karbohidrat (CHO)|26.6 g
GP080|Serat (Fibre)|0.4 g
GP080|Abu (ASH)|2.0 g
GP080|Kalsium (Ca)|840 mg
GP080|Fosfor (P)|176 mg
GP080|Besi (Fe)|1.8 mg
GP080|Retinol (Vit. A)|14 mcg
GP080|Karoten Total (Re)|888 mcg
GP080|Thiamin (Vit. B1)|0.25 mg
GP080|Vitamin C (Vit. C)|0 mg
GP081|Air (Water)|45.7 g
GP081|Energi (Energy)|243 Kal
GP081|Protein (Protein)|5.2 g
GP081|Lemak (Fat)|7.3 g
GP081|Karbohidrat (CHO)|39.1 g
GP081|Abu (ASH)|2.7 g
GP081|Kalsium (Ca)|16 mg
GP081|Fosfor (P)|96 mg
GP081|Besi (Fe)|2.0 mg
GP081|Natrium (Na)|555 mg
GP081|Kalium (K)|102.0 mg
GP081|Tembaga (Cu)|0.10 mg
GP081|Seng (Zn)|0.6 mg
GP081|Thiamin (Vit. B1)|0.20 mg
GP081|Riboflavin (Vit. B2)|0.02 mg
GP081|Niasin (Niacin)|0.9 mg
GP082|Air (Water)|62.4 g
GP082|Energi (Energy)|156 Kal
GP082|Protein (Protein)|4.7 g
GP082|Lemak (Fat)|2.7 g
GP082|Karbohidrat (CHO)|28.3 g
GP082|Abu (ASH)|1.9 g
GP082|Kalsium (Ca)|13 mg
GP082|Fosfor (P)|83 mg
GP082|Besi (Fe)|1.3 mg
GP082|Natrium (Na)|448 mg
GP082|Kalium (K)|48.0 mg
GP082|Tembaga (Cu)|0.10 mg
GP082|Seng (Zn)|0.6 mg
GP082|Thiamin (Vit. B1)|0.20 mg
GP082|Riboflavin (Vit. B2)|0.05 mg
GP082|Niasin (Niacin)|1.1 mg
GP083|Air (Water)|56.3 g
GP083|Energi (Energy)|173 Kal
GP083|Protein (Protein)|7.2 g
GP083|Lemak (Fat)|1.2 g
GP083|Karbohidrat (CHO)|33.4 g
GP083|Serat (Fibre)|0.2 g
GP083|Abu (ASH)|1.9 g
GP083|Kalsium (Ca)|164 mg
GP083|Fosfor (P)|80 mg
GP083|Besi (Fe)|3.1 mg
GP083|Retinol (Vit. A)|0 mcg
GP083|Karoten Total (Re)|0 mcg
GP083|Thiamin (Vit. B1)|0.02 mg
GP083|Vitamin C (Vit. C)|0 mg
GP084|Air (Water)|47.5 g
GP084|Energi (Energy)|372 Kal
GP084|Protein (Protein)|7.8 g
GP084|Lemak (Fat)|36.3 g
GP084|Karbohidrat (CHO)|3.5 g
GP084|Serat (Fibre)|0.0 g
GP084|Abu (ASH)|4.9 g
GP084|Kalsium (Ca)|289 mg
GP084|Fosfor (P)|295 mg
GP084|Besi (Fe)|5.3 mg
GP084|Retinol (Vit. A)|64 mcg
GP084|Beta-Karoten (Carotenes)|0 mcg
GP084|Karoten Total (Re)|12,070 mcg
GP084|Thiamin (Vit. B1)|0.12 mg
GP084|Vitamin C (Vit. C)|0 mg
GP085|Air (Water)|71.0 g
GP085|Energi (Energy)|107 Kal
GP085|Protein (Protein)|15.9 g
GP085|Lemak (Fat)|0.6 g
GP085|Karbohidrat (CHO)|0.4 g
GP085|Abu (ASH)|3.1 g
GP085|Kalsium (Ca)|375 mg
GP085|Fosfor (P)|336 mg
GP085|Besi (Fe)|1.9 mg
GP085|Natrium (Na)|526 mg
GP085|Kalium (K)|330.0 mg
GP085|Tembaga (Cu)|0.20 mg
GP085|Seng (Zn)|1.0 mg
GP085|Retinol (Vit. A)|896 mcg
GP085|Thiamin (Vit. B1)|0.89 mg
GP085|Riboflavin (Vit. B2)|0.05 mg
GP085|Niasin (Niacin)|0.5 mg
GP086|Air (Water)|80.1 g
GP086|Energi (Energy)|124 Kal
GP086|Protein (Protein)|9.5 g
GP086|Lemak (Fat)|9.6 g
GP086|Karbohidrat (CHO)|0.0 g
GP086|Abu (ASH)|2.8 g
GP086|Kalsium (Ca)|120 mg
GP086|Fosfor (P)|220 mg
GP086|Besi (Fe)|1.3 mg
GP086|Natrium (Na)|370 mg
GP086|Kalium (K)|270.0 mg
GP086|Tembaga (Cu)|0.30 mg
GP086|Seng (Zn)|1.2 mg
GP086|Retinol (Vit. A)|18 mcg
GP086|Beta-Karoten (Carotenes)|381 mcg
GP086|Niasin (Niacin)|0.1 mg
GP087|Air (Water)|76.2 g
GP087|Energi (Energy)|87 Kal
GP087|Protein (Protein)|15.7 g
GP087|Lemak (Fat)|1.5 g
GP087|Karbohidrat (CHO)|2.6 g
GP087|Abu (ASH)|4.1 g
GP087|Kalsium (Ca)|60 mg
GP087|Fosfor (P)|14 mg
GP087|Besi (Fe)|2.1 mg
GP087|Natrium (Na)|200 mg
GP087|Kalium (K)|180.0 mg
GP087|Tembaga (Cu)|0.90 mg
GP087|Seng (Zn)|4.0 mg
GP087|Retinol (Vit. A)|38 mcg
GP088|Air (Water)|76.0 g
GP088|Energi (Energy)|113 Kal
GP088|Protein (Protein)|17.1 g
GP088|Lemak (Fat)|3.6 g
GP088|Karbohidrat (CHO)|3.0 g
GP088|Abu (ASH)|0.3 g
GP088|Kalsium (Ca)|240 mg
GP088|Fosfor (P)|60 mg
GP088|Besi (Fe)|0.5 mg
GP088|Natrium (Na)|40 mg
GP088|Kalium (K)|350.0 mg
GP088|Tembaga (Cu)|0.20 mg
GP088|Seng (Zn)|0.6 mg
GP088|Retinol (Vit. A)|27 mcg
GP088|Niasin (Niacin)|0.1 mg
GP089|Air (Water)|70.0 g
GP089|Energi (Energy)|110 Kal
GP089|Protein (Protein)|12.9 g
GP089|Lemak (Fat)|4.3 g
GP089|Karbohidrat (CHO)|4.9 g
GP089|Abu (ASH)|7.9 g
GP089|Kalsium (Ca)|220 mg
GP089|Fosfor (P)|520 mg
GP089|Besi (Fe)|6.0 mg
GP089|Natrium (Na)|200 mg
GP089|Kalium (K)|280.0 mg
GP089|Tembaga (Cu)|0.20 mg
GP089|Seng (Zn)|3.9 mg
GP089|Retinol (Vit. A)|37 mcg
GP090|Air (Water)|47.1 g
GP090|Energi (Energy)|283 Kal
GP090|Protein (Protein)|12.1 g
GP090|Lemak (Fat)|16.8 g
GP090|Karbohidrat (CHO)|20.9 g
GP090|Serat (Fibre)|2.0 g
GP090|Abu (ASH)|3.1 g
GP090|Kalsium (Ca)|118 mg
GP090|Fosfor (P)|186 mg
GP090|Besi (Fe)|1.2 mg
GP090|Natrium (Na)|543 mg
GP090|Kalium (K)|199.0 mg
GP090|Tembaga (Cu)|0.20 mg
GP090|Seng (Zn)|0.9 mg
GP090|Beta-Karoten (Carotenes)|2 mcg
GP090|Karoten Total (Re)|0 mcg
GP090|Thiamin (Vit. B1)|0.02 mg
GP090|Riboflavin (Vit. B2)|0.02 mg
GP090|Niasin (Niacin)|0.0 mg
GP090|Vitamin C (Vit. C)|0 mg
GP091|Air (Water)|66.1 g
GP091|Energi (Energy)|88 Kal
GP091|Protein (Protein)|7.9 g
GP091|Lemak (Fat)|1.6 g
GP091|Karbohidrat (CHO)|10.6 g
GP091|Abu (ASH)|13.8 g
GP091|Kalsium (Ca)|924 mg
GP091|Fosfor (P)|350 mg
GP091|Besi (Fe)|2.3 mg
GP091|Natrium (Na)|873 mg
GP091|Kalium (K)|258.0 mg
GP091|Tembaga (Cu)|1.00 mg
GP091|Seng (Zn)|1.1 mg
GP091|Retinol (Vit. A)|783 mcg
GP092|Air (Water)|86.7 g
GP092|Energi (Energy)|53 Kal
GP092|Protein (Protein)|1.9 g
GP092|Lemak (Fat)|0.9 g
GP092|Karbohidrat (CHO)|9.4 g
GP092|Abu (ASH)|1.1 g
GP092|Kalsium (Ca)|9 mg
GP092|Fosfor (P)|41 mg
GP092|Besi (Fe)|1.0 mg
GP092|Natrium (Na)|174 mg
GP092|Kalium (K)|42.0 mg
GP092|Tembaga (Cu)|0.00 mg
GP092|Seng (Zn)|0.0 mg
GP092|Retinol (Vit. A)|99 mcg
GP092|Thiamin (Vit. B1)|0.10 mg
GP092|Riboflavin (Vit. B2)|0.02 mg
GP092|Niasin (Niacin)|0.4 mg
GP093|Air (Water)|25.8 g
GP093|Energi (Energy)|365 Kal
GP093|Protein (Protein)|23.7 g
GP093|Lemak (Fat)|22.3 g
GP093|Karbohidrat (CHO)|17.5 g
GP093|Serat (Fibre)|0.0 g
GP093|Abu (ASH)|10.9 g
GP093|Kalsium (Ca)|869 mg
GP093|Fosfor (P)|348 mg
GP093|Besi (Fe)|4.0 mg
GP093|Retinol (Vit. A)|27 mcg
GP093|Karoten Total (Re)|1,567 mcg
GP093|Thiamin (Vit. B1)|0.13 mg
GP093|Vitamin C (Vit. C)|0 mg
GP094|Air (Water)|70.5 g
GP094|Energi (Energy)|189 Kal
GP094|Protein (Protein)|11.3 g
GP094|Lemak (Fat)|15.7 g
GP094|Karbohidrat (CHO)|0.6 g
GP094|Abu (ASH)|1.9 g
GP094|Kalsium (Ca)|56 mg
GP094|Fosfor (P)|129 mg
GP094|Besi (Fe)|0.4 mg
GP094|Natrium (Na)|314 mg
GP094|Kalium (K)|280.0 mg
GP094|Tembaga (Cu)|0.10 mg
GP094|Seng (Zn)|0.7 mg
GP094|Retinol (Vit. A)|579 mcg
GP094|Thiamin (Vit. B1)|0.46 mg
GP094|Riboflavin (Vit. B2)|0.02 mg
GP095|Air (Water)|45.7 g
GP095|Energi (Energy)|300 Kal
GP095|Protein (Protein)|14.5 g
GP095|Lemak (Fat)|20.0 g
GP095|Karbohidrat (CHO)|15.5 g
GP095|Serat (Fibre)|4.5 g
GP095|Abu (ASH)|4.3 g
GP095|Beta-Karoten (Carotenes)|8 mcg
GP095|Thiamin (Vit. B1)|0.63 mg
GP095|Riboflavin (Vit. B2)|0.04 mg
GP095|Vitamin C (Vit. C)|7 mg
GR001|Air (Water)|81.5 g
GR001|Energi (Energy)|70 Kal
GR001|Protein (Protein)|14.6 g
GR001|Lemak (Fat)|0.8 g
GR001|Karbohidrat (CHO)|1.0 g
GR001|Serat (Fibre)|0.0 g
GR001|Abu (ASH)|2.1 g
GR001|Kalsium (Ca)|49 mg
GR001|Fosfor (P)|155 mg
GR001|Besi (Fe)|1.5 mg
GR001|Natrium (Na)|55 mg
GR001|Kalium (K)|169.0 mg
GR001|Tembaga (Cu)|0.20 mg
GR001|Seng (Zn)|1.2 mg
GR001|Beta-Karoten (Carotenes)|0 mcg
GR001|Thiamin (Vit. B1)|0.22 mg
GR001|Riboflavin (Vit. B2)|0.12 mg
GR001|Niasin (Niacin)|7.7 mg
GR002|Air (Water)|79.5 g
GR002|Energi (Energy)|93 Kal
GR002|Protein (Protein)|12.8 g
GR002|Lemak (Fat)|1.5 g
GR002|Karbohidrat (CHO)|6.1 g
GR002|Serat (Fibre)|0.0 g
GR002|Abu (ASH)|4.1 g
GR002|Kalsium (Ca)|60 mg
GR002|Fosfor (P)|199 mg
GR002|Besi (Fe)|3.0 mg
GR002|Natrium (Na)|33 mg
GR002|Kalium (K)|175.9 mg
GR002|Tembaga (Cu)|0.10 mg
GR002|Seng (Zn)|1.0 mg
GR002|Retinol (Vit. A)|51 mcg
GR002|Beta-Karoten (Carotenes)|3 mcg
GR002|Karoten Total (Re)|71 mcg
GR002|Thiamin (Vit. B1)|0.06 mg
GR002|Riboflavin (Vit. B2)|0.00 mg
GR002|Niasin (Niacin)|2.7 mg
GR003|Air (Water)|82.2 g
GR003|Energi (Energy)|75 Kal
GR003|Protein (Protein)|16.1 g
GR003|Lemak (Fat)|0.7 g
GR003|Karbohidrat (CHO)|0.1 g
GR003|Serat (Fibre)|0.0 g
GR003|Abu (ASH)|0.9 g
GR003|Kalsium (Ca)|32 mg
GR003|Fosfor (P)|200 mg
GR003|Besi (Fe)|1.8 mg
GR003|Natrium (Na)|37 mg
GR003|Kalium (K)|204.1 mg
GR003|Tembaga (Cu)|1.60 mg
GR003|Seng (Zn)|1.3 mg
GR003|Retinol (Vit. A)|0 mcg
GR003|Beta-Karoten (Carotenes)|20 mcg
GR003|Karoten Total (Re)|0 mcg
GR003|Thiamin (Vit. B1)|0.08 mg
GR003|Riboflavin (Vit. B2)|0.00 mg
GR003|Niasin (Niacin)|2.5 mg
GR003|Vitamin C (Vit. C)|0 mg
GR004|Air (Water)|66.0 g
GR004|Energi (Energy)|193 Kal
GR004|Protein (Protein)|19.0 g
GR004|Lemak (Fat)|13.0 g
GR004|Karbohidrat (CHO)|0.0 g
GR004|Serat (Fibre)|0.0 g
GR004|Abu (ASH)|2.0 g
GR004|Kalsium (Ca)|48 mg
GR004|Fosfor (P)|150 mg
GR004|Besi (Fe)|0.4 mg
GR004|Natrium (Na)|118 mg
GR004|Kalium (K)|264.9 mg
GR004|Tembaga (Cu)|0.10 mg
GR004|Seng (Zn)|0.2 mg
GR004|Retinol (Vit. A)|45 mcg
GR004|Beta-Karoten (Carotenes)|0 mcg
GR004|Thiamin (Vit. B1)|0.01 mg
GR004|Riboflavin (Vit. B2)|0.10 mg
GR004|Niasin (Niacin)|4.1 mg
GR004|Vitamin C (Vit. C)|0 mg
GR005|Air (Water)|76.5 g
GR005|Energi (Energy)|107 Kal
GR005|Protein (Protein)|16.5 g
GR005|Lemak (Fat)|3.9 g
GR005|Karbohidrat (CHO)|1.5 g
GR005|Serat (Fibre)|0.0 g
GR005|Abu (ASH)|1.5 g
GR005|Kalsium (Ca)|54 mg
GR005|Fosfor (P)|202 mg
GR005|Besi (Fe)|2.0 mg
GR005|Natrium (Na)|86 mg
GR005|Kalium (K)|253.4 mg
GR005|Tembaga (Cu)|0.50 mg
GR005|Seng (Zn)|1.0 mg
GR005|Retinol (Vit. A)|25 mcg
GR005|Beta-Karoten (Carotenes)|0 mcg
GR005|Karoten Total (Re)|0 mcg
GR005|Thiamin (Vit. B1)|0.05 mg
GR005|Riboflavin (Vit. B2)|0.10 mg
GR005|Niasin (Niacin)|2.5 mg
GR005|Vitamin C (Vit. C)|0 mg
GR006|Air (Water)|73.7 g
GR006|Energi (Energy)|112 Kal
GR006|Protein (Protein)|20.0 g
GR006|Lemak (Fat)|1.3 g
GR006|Karbohidrat (CHO)|3.7 g
GR006|Serat (Fibre)|0.0 g
GR006|Abu (ASH)|1.3 g
GR006|Kalsium (Ca)|98 mg
GR006|Fosfor (P)|120 mg
GR006|Besi (Fe)|3.0 mg
GR006|Natrium (Na)|148 mg
GR006|Kalium (K)|258.7 mg
GR006|Tembaga (Cu)|0.00 mg
GR006|Seng (Zn)|0.1 mg
GR006|Retinol (Vit. A)|0 mcg
GR006|Beta-Karoten (Carotenes)|0 mcg
GR006|Karoten Total (Re)|0 mcg
GR006|Thiamin (Vit. B1)|0.07 mg
GR006|Riboflavin (Vit. B2)|0.00 mg
GR006|Niasin (Niacin)|0.3 mg
GR006|Vitamin C (Vit. C)|0 mg
GR007|Air (Water)|74.0 g
GR007|Energi (Energy)|123 Kal
GR007|Protein (Protein)|20.0 g
GR007|Lemak (Fat)|4.8 g
GR007|Karbohidrat (CHO)|0.0 g
GR007|Serat (Fibre)|0.0 g
GR007|Abu (ASH)|1.2 g
GR007|Kalsium (Ca)|20 mg
GR007|Fosfor (P)|150 mg
GR007|Besi (Fe)|2.0 mg
GR007|Natrium (Na)|67 mg
GR007|Kalium (K)|271.1 mg
GR007|Tembaga (Cu)|0.00 mg
GR007|Seng (Zn)|0.9 mg
GR007|Retinol (Vit. A)|45 mcg
GR007|Beta-Karoten (Carotenes)|21 mcg
GR007|Thiamin (Vit. B1)|0.05 mg
GR007|Riboflavin (Vit. B2)|0.10 mg
GR007|Niasin (Niacin)|6.0 mg
GR007|Vitamin C (Vit. C)|0 mg
GR008|Air (Water)|73.5 g
GR008|Energi (Energy)|111 Kal
GR008|Protein (Protein)|19.4 g
GR008|Lemak (Fat)|0.9 g
GR008|Karbohidrat (CHO)|4.8 g
GR008|Serat (Fibre)|0.0 g
GR008|Abu (ASH)|1.4 g
GR008|Kalsium (Ca)|68 mg
GR008|Fosfor (P)|278 mg
GR008|Besi (Fe)|7.3 mg
GR008|Natrium (Na)|99 mg
GR008|Kalium (K)|338.7 mg
GR008|Tembaga (Cu)|0.20 mg
GR008|Seng (Zn)|0.6 mg
GR008|Retinol (Vit. A)|0 mcg
GR008|Beta-Karoten (Carotenes)|62 mcg
GR008|Karoten Total (Re)|0 mcg
GR008|Thiamin (Vit. B1)|0.03 mg
GR008|Riboflavin (Vit. B2)|0.20 mg
GR008|Niasin (Niacin)|7.3 mg
GR008|Vitamin C (Vit. C)|0 mg
GR009|Air (Water)|80.0 g
GR009|Energi (Energy)|78 Kal
GR009|Protein (Protein)|14.5 g
GR009|Lemak (Fat)|0.6 g
GR009|Karbohidrat (CHO)|3.7 g
GR009|Serat (Fibre)|0.0 g
GR009|Abu (ASH)|1.2 g
GR009|Kalsium (Ca)|26 mg
GR009|Fosfor (P)|521 mg
GR009|Besi (Fe)|3.8 mg
GR009|Natrium (Na)|26 mg
GR009|Kalium (K)|692.0 mg
GR009|Tembaga (Cu)|4.70 mg
GR009|Seng (Zn)|4.1 mg
GR009|Retinol (Vit. A)|732 mcg
GR009|Beta-Karoten (Carotenes)|0 mcg
GR009|Thiamin (Vit. B1)|0.20 mg
GR009|Riboflavin (Vit. B2)|0.04 mg
GR009|Niasin (Niacin)|3.0 mg
GR009|Vitamin C (Vit. C)|0 mg
GR010|Air (Water)|75.7 g
GR010|Energi (Energy)|115 Kal
GR010|Protein (Protein)|14.5 g
GR010|Lemak (Fat)|4.6 g
GR010|Karbohidrat (CHO)|4.2 g
GR010|Serat (Fibre)|0.0 g
GR010|Abu (ASH)|1.1 g
GR010|Fosfor (P)|207 mg
GR010|Besi (Fe)|0.0 mg
GR010|Natrium (Na)|42 mg
GR010|Kalium (K)|361.0 mg
GR010|Tembaga (Cu)|0.20 mg
GR010|Seng (Zn)|0.9 mg
GR010|Beta-Karoten (Carotenes)|0 mcg
GR010|Thiamin (Vit. B1)|1.20 mg
GR010|Riboflavin (Vit. B2)|0.04 mg
GR010|Niasin (Niacin)|1.1 mg
GR011|Air (Water)|74.9 g
GR011|Energi (Energy)|123 Kal
GR011|Protein (Protein)|15.1 g
GR011|Lemak (Fat)|5.5 g
GR011|Karbohidrat (CHO)|3.3 g
GR011|Serat (Fibre)|0.0 g
GR011|Abu (ASH)|1.2 g
GR011|Kalsium (Ca)|5 mg
GR011|Fosfor (P)|146 mg
GR011|Besi (Fe)|1.3 mg
GR011|Natrium (Na)|32 mg
GR011|Kalium (K)|349.0 mg
GR011|Tembaga (Cu)|0.10 mg
GR011|Seng (Zn)|0.7 mg
GR011|Beta-Karoten (Carotenes)|0 mcg
GR011|Thiamin (Vit. B1)|0.20 mg
GR011|Riboflavin (Vit. B2)|0.03 mg
GR011|Niasin (Niacin)|1.2 mg
GR012|Air (Water)|78.0 g
GR012|Energi (Energy)|91 Kal
GR012|Protein (Protein)|19.0 g
GR012|Lemak (Fat)|1.7 g
GR012|Karbohidrat (CHO)|0.0 g
GR012|Serat (Fibre)|0.0 g
GR012|Abu (ASH)|1.3 g
GR012|Kalsium (Ca)|20 mg
GR012|Fosfor (P)|150 mg
GR012|Besi (Fe)|2.0 mg
GR012|Natrium (Na)|129 mg
GR012|Kalium (K)|233.3 mg
GR012|Tembaga (Cu)|0.10 mg
GR012|Seng (Zn)|0.3 mg
GR012|Retinol (Vit. A)|45 mcg
GR012|Beta-Karoten (Carotenes)|0 mcg
GR012|Thiamin (Vit. B1)|0.05 mg
GR012|Riboflavin (Vit. B2)|0.10 mg
GR012|Niasin (Niacin)|1.8 mg
GR012|Vitamin C (Vit. C)|0 mg
GR013|Air (Water)|79.2 g
GR013|Energi (Energy)|80 Kal
GR013|Protein (Protein)|14.7 g
GR013|Lemak (Fat)|1.4 g
GR013|Karbohidrat (CHO)|2.2 g
GR013|Serat (Fibre)|0.0 g
GR013|Abu (ASH)|2.3 g
GR013|Kalsium (Ca)|303 mg
GR013|Fosfor (P)|315 mg
GR013|Besi (Fe)|1.3 mg
GR013|Natrium (Na)|41 mg
GR013|Kalium (K)|356.0 mg
GR013|Tembaga (Cu)|0.00 mg
GR013|Seng (Zn)|0.8 mg
GR013|Beta-Karoten (Carotenes)|0 mcg
GR013|Thiamin (Vit. B1)|1.20 mg
GR013|Riboflavin (Vit. B2)|0.14 mg
GR013|Niasin (Niacin)|1.4 mg
GR014|Air (Water)|70.0 g
GR014|Energi (Energy)|109 Kal
GR014|Protein (Protein)|17.0 g
GR014|Lemak (Fat)|4.0 g
GR014|Karbohidrat (CHO)|0.0 g
GR014|Serat (Fibre)|0.0 g
GR014|Abu (ASH)|9.0 g
GR014|Kalsium (Ca)|500 mg
GR014|Fosfor (P)|500 mg
GR014|Besi (Fe)|1.0 mg
GR014|Natrium (Na)|109 mg
GR014|Kalium (K)|323.5 mg
GR014|Tembaga (Cu)|0.60 mg
GR014|Seng (Zn)|1.3 mg
GR014|Retinol (Vit. A)|45 mcg
GR014|Thiamin (Vit. B1)|0.05 mg
GR014|Riboflavin (Vit. B2)|0.10 mg
GR014|Niasin (Niacin)|2.6 mg
GR014|Vitamin C (Vit. C)|0 mg
GR015|Air (Water)|79.1 g
GR015|Energi (Energy)|90 Kal
GR015|Protein (Protein)|14.9 g
GR015|Lemak (Fat)|2.5 g
GR015|Karbohidrat (CHO)|2.1 g
GR015|Serat (Fibre)|0.0 g
GR015|Abu (ASH)|1.4 g
GR015|Kalsium (Ca)|125 mg
GR015|Fosfor (P)|265 mg
GR015|Besi (Fe)|1.0 mg
GR015|Natrium (Na)|35 mg
GR015|Kalium (K)|207.0 mg
GR015|Tembaga (Cu)|0.40 mg
GR015|Seng (Zn)|0.6 mg
GR015|Thiamin (Vit. B1)|0.36 mg
GR015|Riboflavin (Vit. B2)|0.03 mg
GR015|Niasin (Niacin)|2.9 mg
GR016|Air (Water)|68.3 g
GR016|Energi (Energy)|88 Kal
GR016|Protein (Protein)|14.2 g
GR016|Lemak (Fat)|0.7 g
GR016|Karbohidrat (CHO)|6.2 g
GR016|Serat (Fibre)|0.0 g
GR016|Abu (ASH)|10.6 g
GR016|Kalsium (Ca)|27 mg
GR016|Fosfor (P)|1,760 mg
GR016|Besi (Fe)|1.5 mg
GR016|Natrium (Na)|217 mg
GR016|Kalium (K)|202.0 mg
GR016|Tembaga (Cu)|0.00 mg
GR016|Seng (Zn)|4.1 mg
GR016|Beta-Karoten (Carotenes)|0 mcg
GR016|Thiamin (Vit. B1)|0.72 mg
GR016|Riboflavin (Vit. B2)|0.09 mg
GR016|Niasin (Niacin)|2.7 mg
GR017|Air (Water)|75.5 g
GR017|Energi (Energy)|100 Kal
GR017|Protein (Protein)|14.7 g
GR017|Lemak (Fat)|2.4 g
GR017|Karbohidrat (CHO)|4.9 g
GR017|Abu (ASH)|1.6 g
GR017|Kalsium (Ca)|90 mg
GR017|Fosfor (P)|90 mg
GR017|Besi (Fe)|0.4 mg
GR017|Natrium (Na)|390 mg
GR017|Kalium (K)|390.0 mg
GR017|Tembaga (Cu)|0.70 mg
GR017|Seng (Zn)|0.8 mg
GR018|Air (Water)|66.7 g
GR018|Energi (Energy)|134 Kal
GR018|Protein (Protein)|25.5 g
GR018|Lemak (Fat)|1.3 g
GR018|Karbohidrat (CHO)|5.0 g
GR018|Abu (ASH)|1.5 g
GR018|Kalsium (Ca)|29 mg
GR018|Fosfor (P)|29 mg
GR018|Besi (Fe)|0.5 mg
GR018|Natrium (Na)|197 mg
GR018|Kalium (K)|489.0 mg
GR018|Tembaga (Cu)|0.10 mg
GR018|Seng (Zn)|0.5 mg
GR018|Thiamin (Vit. B1)|0.30 mg
GR018|Riboflavin (Vit. B2)|0.02 mg
GR018|Niasin (Niacin)|0.8 mg
GR019|Air (Water)|73.0 g
GR019|Energi (Energy)|107 Kal
GR019|Protein (Protein)|19.6 g
GR019|Lemak (Fat)|0.7 g
GR019|Karbohidrat (CHO)|5.5 g
GR019|Serat (Fibre)|0.0 g
GR019|Abu (ASH)|1.2 g
GR019|Kalsium (Ca)|23 mg
GR019|Fosfor (P)|242 mg
GR019|Besi (Fe)|2.9 mg
GR019|Natrium (Na)|66 mg
GR019|Kalium (K)|239.0 mg
GR019|Tembaga (Cu)|0.20 mg
GR019|Seng (Zn)|0.6 mg
GR019|Retinol (Vit. A)|386 mcg
GR019|Beta-Karoten (Carotenes)|0 mcg
GR019|Thiamin (Vit. B1)|0.17 mg
GR019|Riboflavin (Vit. B2)|0.05 mg
GR019|Niasin (Niacin)|21.7 mg
GR019|Vitamin C (Vit. C)|0 mg
GR020|Air (Water)|73.4 g
GR020|Energi (Energy)|120 Kal
GR020|Protein (Protein)|11.3 g
GR020|Lemak (Fat)|3.9 g
GR020|Karbohidrat (CHO)|10.0 g
GR020|Abu (ASH)|1.4 g
GR020|Kalsium (Ca)|30 mg
GR020|Fosfor (P)|30 mg
GR020|Besi (Fe)|0.9 mg
GR020|Natrium (Na)|420 mg
GR020|Kalium (K)|280.0 mg
GR020|Tembaga (Cu)|1.60 mg
GR020|Seng (Zn)|4.3 mg
GR020|Niasin (Niacin)|0.2 mg
GR021|Air (Water)|76.3 g
GR021|Energi (Energy)|116 Kal
GR021|Protein (Protein)|11.2 g
GR021|Lemak (Fat)|1.2 g
GR021|Karbohidrat (CHO)|10.2 g
GR021|Abu (ASH)|1.1 g
GR021|Kalsium (Ca)|10 mg
GR021|Fosfor (P)|40 mg
GR021|Besi (Fe)|3.4 mg
GR021|Natrium (Na)|360 mg
GR021|Kalium (K)|250.0 mg
GR021|Tembaga (Cu)|0.50 mg
GR021|Seng (Zn)|1.9 mg
GR021|Retinol (Vit. A)|908 mcg
GR021|Niasin (Niacin)|0.1 mg
GR021|Vitamin C (Vit. C)|0 mg
GR022|Air (Water)|79.1 g
GR022|Energi (Energy)|86 Kal
GR022|Protein (Protein)|10.2 g
GR022|Lemak (Fat)|1.1 g
GR022|Karbohidrat (CHO)|8.7 g
GR022|Abu (ASH)|0.9 g
GR022|Kalsium (Ca)|20 mg
GR022|Fosfor (P)|110 mg
GR022|Besi (Fe)|2.1 mg
GR022|Natrium (Na)|230 mg
GR022|Kalium (K)|210.0 mg
GR022|Tembaga (Cu)|0.30 mg
GR022|Seng (Zn)|9.3 mg
GR022|Thiamin (Vit. B1)|0.24 mg
GR022|Niasin (Niacin)|0.3 mg
GR023|Air (Water)|78.6 g
GR023|Energi (Energy)|101 Kal
GR023|Protein (Protein)|11.5 g
GR023|Lemak (Fat)|4.1 g
GR023|Karbohidrat (CHO)|4.6 g
GR023|Serat (Fibre)|0.0 g
GR023|Abu (ASH)|1.2 g
GR023|Kalsium (Ca)|80 mg
GR023|Fosfor (P)|210 mg
GR023|Besi (Fe)|0.8 mg
GR023|Natrium (Na)|120 mg
GR023|Kalium (K)|270.0 mg
GR023|Tembaga (Cu)|0.10 mg
GR023|Seng (Zn)|0.9 mg
GR023|Retinol (Vit. A)|0 mcg
GR023|Thiamin (Vit. B1)|0.08 mg
GR023|Riboflavin (Vit. B2)|0.07 mg
GR023|Niasin (Niacin)|0.1 mg
GR023|Vitamin C (Vit. C)|0 mg
GR024|Air (Water)|74.1 g
GR024|Energi (Energy)|108 Kal
GR024|Protein (Protein)|22.3 g
GR024|Lemak (Fat)|1.2 g
GR024|Karbohidrat (CHO)|2.1 g
GR024|Serat (Fibre)|0.0 g
GR024|Abu (ASH)|0.3 g
GR024|Kalsium (Ca)|30 mg
GR024|Fosfor (P)|220 mg
GR024|Besi (Fe)|0.5 mg
GR024|Natrium (Na)|50 mg
GR024|Kalium (K)|230.0 mg
GR024|Tembaga (Cu)|0.10 mg
GR024|Seng (Zn)|0.6 mg
GR024|Retinol (Vit. A)|40 mcg
GR024|Beta-Karoten (Carotenes)|29 mcg
GR024|Thiamin (Vit. B1)|0.00 mg
GR024|Riboflavin (Vit. B2)|0.10 mg
GR024|Niasin (Niacin)|0.2 mg
GR025|Air (Water)|79.6 g
GR025|Energi (Energy)|80 Kal
GR025|Protein (Protein)|16.2 g
GR025|Lemak (Fat)|0.5 g
GR025|Karbohidrat (CHO)|2.6 g
GR025|Serat (Fibre)|0.0 g
GR025|Abu (ASH)|1.1 g
GR025|Kalsium (Ca)|170 mg
GR025|Fosfor (P)|139 mg
GR025|Besi (Fe)|0.1 mg
GR025|Natrium (Na)|65 mg
GR025|Kalium (K)|254.0 mg
GR025|Tembaga (Cu)|0.30 mg
GR025|Seng (Zn)|0.4 mg
GR025|Retinol (Vit. A)|335 mcg
GR025|Thiamin (Vit. B1)|0.40 mg
GR025|Riboflavin (Vit. B2)|0.20 mg
GR025|Niasin (Niacin)|0.1 mg
GR026|Air (Water)|75.6 g
GR026|Energi (Energy)|81 Kal
GR026|Protein (Protein)|10.0 g
GR026|Lemak (Fat)|1.6 g
GR026|Karbohidrat (CHO)|6.6 g
GR026|Abu (ASH)|6.2 g
GR026|Kalsium (Ca)|1,910 mg
GR026|Fosfor (P)|990 mg
GR026|Besi (Fe)|2.1 mg
GR026|Natrium (Na)|240 mg
GR026|Kalium (K)|210.0 mg
GR026|Tembaga (Cu)|0.10 mg
GR026|Seng (Zn)|2.7 mg
GR026|Thiamin (Vit. B1)|0.87 mg
GR026|Niasin (Niacin)|0.2 mg
GR027|Air (Water)|78.2 g
GR027|Energi (Energy)|101 Kal
GR027|Protein (Protein)|10.3 g
GR027|Lemak (Fat)|3.7 g
GR027|Karbohidrat (CHO)|6.7 g
GR027|Serat (Fibre)|0.0 g
GR027|Abu (ASH)|1.1 g
GR027|Kalsium (Ca)|50 mg
GR027|Fosfor (P)|140 mg
GR027|Besi (Fe)|0.4 mg
GR027|Natrium (Na)|70 mg
GR027|Kalium (K)|210.0 mg
GR027|Seng (Zn)|0.4 mg
GR027|Retinol (Vit. A)|67 mcg
GR027|Thiamin (Vit. B1)|0.00 mg
GR027|Riboflavin (Vit. B2)|0.10 mg
GR027|Niasin (Niacin)|0.1 mg
GR028|Air (Water)|85.7 g
GR028|Energi (Energy)|57 Kal
GR028|Protein (Protein)|10.7 g
GR028|Lemak (Fat)|0.3 g
GR028|Karbohidrat (CHO)|2.2 g
GR028|Serat (Fibre)|0.0 g
GR028|Abu (ASH)|1.1 g
GR028|Kalsium (Ca)|75 mg
GR028|Fosfor (P)|206 mg
GR028|Besi (Fe)|2.0 mg
GR028|Tembaga (Cu)|0.02 mg
GR028|Karoten Total (Re)|0 mcg
GR028|Thiamin (Vit. B1)|0.05 mg
GR028|Vitamin C (Vit. C)|0 mg
GR029|Air (Water)|80.7 g
GR029|Energi (Energy)|77 Kal
GR029|Protein (Protein)|15.6 g
GR029|Lemak (Fat)|0.9 g
GR029|Karbohidrat (CHO)|1.6 g
GR029|Serat (Fibre)|0.0 g
GR029|Abu (ASH)|1.2 g
GR029|Kalsium (Ca)|94 mg
GR029|Fosfor (P)|170 mg
GR029|Besi (Fe)|1.7 mg
GR029|Retinol (Vit. A)|18 mcg
GR029|Karoten Total (Re)|0 mcg
GR029|Thiamin (Vit. B1)|0.07 mg
GR029|Vitamin C (Vit. C)|0 mg
GR030|Air (Water)|77.0 g
GR030|Energi (Energy)|92 Kal
GR030|Protein (Protein)|20.0 g
GR030|Lemak (Fat)|0.7 g
GR030|Karbohidrat (CHO)|0.0 g
GR030|Serat (Fibre)|0.0 g
GR030|Abu (ASH)|2.3 g
GR030|Kalsium (Ca)|20 mg
GR030|Fosfor (P)|200 mg
GR030|Besi (Fe)|1.0 mg
GR030|Retinol (Vit. A)|9 mcg
GR030|Thiamin (Vit. B1)|0.05 mg
GR030|Vitamin C (Vit. C)|0 mg
GR031|Air (Water)|79.7 g
GR031|Energi (Energy)|82 Kal
GR031|Protein (Protein)|11.4 g
GR031|Lemak (Fat)|1.2 g
GR031|Karbohidrat (CHO)|6.4 g
GR031|Abu (ASH)|1.3 g
GR031|Kalsium (Ca)|20 mg
GR031|Fosfor (P)|160 mg
GR031|Besi (Fe)|0.4 mg
GR031|Natrium (Na)|90 mg
GR031|Kalium (K)|300.0 mg
GR031|Tembaga (Cu)|0.10 mg
GR031|Seng (Zn)|0.3 mg
GR031|Retinol (Vit. A)|18 mcg
GR031|Niasin (Niacin)|0.2 mg
GR032|Air (Water)|80.3 g
GR032|Energi (Energy)|77 Kal
GR032|Protein (Protein)|16.4 g
GR032|Lemak (Fat)|0.7 g
GR032|Karbohidrat (CHO)|1.3 g
GR032|Serat (Fibre)|0.0 g
GR032|Abu (ASH)|1.3 g
GR032|Kalsium (Ca)|182 mg
GR032|Fosfor (P)|248 mg
GR032|Besi (Fe)|0.9 mg
GR032|Natrium (Na)|40 mg
GR032|Kalium (K)|334.0 mg
GR032|Tembaga (Cu)|0.70 mg
GR032|Seng (Zn)|0.8 mg
GR032|Thiamin (Vit. B1)|0.16 mg
GR032|Riboflavin (Vit. B2)|0.15 mg
GR032|Niasin (Niacin)|1.9 mg
GR033|Air (Water)|78.5 g
GR033|Energi (Energy)|86 Kal
GR033|Protein (Protein)|19.7 g
GR033|Lemak (Fat)|0.8 g
GR033|Karbohidrat (CHO)|0.0 g
GR033|Serat (Fibre)|0.0 g
GR033|Abu (ASH)|1.3 g
GR033|Kalsium (Ca)|50 mg
GR033|Fosfor (P)|170 mg
GR033|Besi (Fe)|0.3 mg
GR033|Natrium (Na)|90 mg
GR033|Kalium (K)|290.0 mg
GR033|Tembaga (Cu)|0.30 mg
GR033|Seng (Zn)|0.1 mg
GR033|Retinol (Vit. A)|26 mcg
GR033|Riboflavin (Vit. B2)|0.08 mg
GR033|Niasin (Niacin)|0.1 mg
GR034|Air (Water)|74.2 g
GR034|Energi (Energy)|132 Kal
GR034|Protein (Protein)|17.0 g
GR034|Lemak (Fat)|6.7 g
GR034|Karbohidrat (CHO)|0.8 g
GR034|Serat (Fibre)|0.0 g
GR034|Abu (ASH)|1.3 g
GR034|Kalsium (Ca)|151 mg
GR034|Fosfor (P)|272 mg
GR034|Besi (Fe)|1.2 mg
GR034|Natrium (Na)|78 mg
GR034|Kalium (K)|229.0 mg
GR034|Tembaga (Cu)|0.90 mg
GR034|Seng (Zn)|0.7 mg
GR034|Thiamin (Vit. B1)|0.07 mg
GR034|Riboflavin (Vit. B2)|0.03 mg
GR035|Air (Water)|76.1 g
GR035|Energi (Energy)|110 Kal
GR035|Protein (Protein)|12.6 g
GR035|Lemak (Fat)|4.2 g
GR035|Karbohidrat (CHO)|5.4 g
GR035|Abu (ASH)|1.7 g
GR035|Kalsium (Ca)|80 mg
GR035|Fosfor (P)|300 mg
GR035|Besi (Fe)|1.5 mg
GR035|Natrium (Na)|340 mg
GR035|Kalium (K)|300.0 mg
GR035|Tembaga (Cu)|0.20 mg
GR035|Seng (Zn)|1.4 mg
GR035|Retinol (Vit. A)|146 mcg
GR035|Niasin (Niacin)|0.2 mg
GR036|Air (Water)|77.2 g
GR036|Energi (Energy)|93 Kal
GR036|Protein (Protein)|16.5 g
GR036|Lemak (Fat)|2.1 g
GR036|Karbohidrat (CHO)|0.8 g
GR036|Serat (Fibre)|0.0 g
GR036|Abu (ASH)|3.4 g
GR036|Kalsium (Ca)|65 mg
GR036|Fosfor (P)|217 mg
GR036|Besi (Fe)|2.4 mg
GR036|Natrium (Na)|137 mg
GR036|Kalium (K)|255.3 mg
GR036|Tembaga (Cu)|0.34 mg
GR036|Seng (Zn)|0.7 mg
GR036|Retinol (Vit. A)|0 mcg
GR036|Karoten Total (Re)|0 mcg
GR036|Thiamin (Vit. B1)|0.01 mg
GR036|Riboflavin (Vit. B2)|0.09 mg
GR036|Niasin (Niacin)|1.6 mg
GR036|Vitamin C (Vit. C)|0 mg
GR037|Air (Water)|82.1 g
GR037|Energi (Energy)|70 Kal
GR037|Protein (Protein)|10.8 g
GR037|Lemak (Fat)|0.7 g
GR037|Karbohidrat (CHO)|5.2 g
GR037|Abu (ASH)|1.2 g
GR037|Kalsium (Ca)|53 mg
GR037|Fosfor (P)|72 mg
GR037|Besi (Fe)|2.0 mg
GR037|Natrium (Na)|342 mg
GR037|Kalium (K)|101.0 mg
GR037|Tembaga (Cu)|0.50 mg
GR037|Seng (Zn)|0.5 mg
GR037|Retinol (Vit. A)|401 mcg
GR037|Thiamin (Vit. B1)|0.22 mg
GR037|Riboflavin (Vit. B2)|0.05 mg
GR037|Niasin (Niacin)|5.8 mg
GR038|Air (Water)|65.0 g
GR038|Energi (Energy)|161 Kal
GR038|Protein (Protein)|11.9 g
GR038|Lemak (Fat)|11.5 g
GR038|Karbohidrat (CHO)|2.4 g
GR038|Serat (Fibre)|0.0 g
GR038|Abu (ASH)|9.2 g
GR038|Kalsium (Ca)|70 mg
GR038|Fosfor (P)|237 mg
GR038|Besi (Fe)|0.0 mg
GR038|Retinol (Vit. A)|0 mcg
GR038|Karoten Total (Re)|0 mcg
GR038|Thiamin (Vit. B1)|0.05 mg
GR038|Vitamin C (Vit. C)|0 mg
GR039|Air (Water)|74.0 g
GR039|Energi (Energy)|109 Kal
GR039|Protein (Protein)|22.0 g
GR039|Lemak (Fat)|1.7 g
GR039|Karbohidrat (CHO)|0.0 g
GR039|Serat (Fibre)|0.0 g
GR039|Abu (ASH)|2.3 g
GR039|Kalsium (Ca)|50 mg
GR039|Fosfor (P)|150 mg
GR039|Besi (Fe)|2.0 mg
GR039|Retinol (Vit. A)|45 mcg
GR039|Beta-Karoten (Carotenes)|0 mcg
GR039|Thiamin (Vit. B1)|0.05 mg
GR039|Vitamin C (Vit. C)|0 mg
GR040|Air (Water)|80.1 g
GR040|Energi (Energy)|82 Kal
GR040|Protein (Protein)|18.0 g
GR040|Lemak (Fat)|1.0 g
GR040|Karbohidrat (CHO)|0.4 g
GR040|Serat (Fibre)|0.0 g
GR040|Abu (ASH)|0.5 g
GR040|Kalsium (Ca)|48 mg
GR040|Fosfor (P)|229 mg
GR040|Besi (Fe)|2.2 mg
GR040|Retinol (Vit. A)|4 mcg
GR040|Karoten Total (Re)|0 mcg
GR040|Thiamin (Vit. B1)|0.04 mg
GR040|Vitamin C (Vit. C)|0 mg
GR041|Air (Water)|77.6 g
GR041|Energi (Energy)|90 Kal
GR041|Protein (Protein)|20.4 g
GR041|Lemak (Fat)|0.9 g
GR041|Karbohidrat (CHO)|0.0 g
GR041|Abu (ASH)|1.1 g
GR041|Kalsium (Ca)|88 mg
GR041|Fosfor (P)|270 mg
GR041|Besi (Fe)|0.7 mg
GR041|Natrium (Na)|56 mg
GR041|Kalium (K)|281.0 mg
GR041|Tembaga (Cu)|0.30 mg
GR041|Seng (Zn)|0.9 mg
GR041|Retinol (Vit. A)|1,047 mcg
GR041|Thiamin (Vit. B1)|0.32 mg
GR041|Riboflavin (Vit. B2)|0.03 mg
GR041|Niasin (Niacin)|0.2 mg
GR042|Air (Water)|76.0 g
GR042|Energi (Energy)|112 Kal
GR042|Protein (Protein)|20.0 g
GR042|Lemak (Fat)|3.0 g
GR042|Karbohidrat (CHO)|0.0 g
GR042|Serat (Fibre)|0.0 g
GR042|Abu (ASH)|1.0 g
GR042|Kalsium (Ca)|20 mg
GR042|Fosfor (P)|100 mg
GR042|Besi (Fe)|1.0 mg
GR042|Retinol (Vit. A)|30 mcg
GR042|Beta-Karoten (Carotenes)|0 mcg
GR042|Thiamin (Vit. B1)|0.05 mg
GR042|Vitamin C (Vit. C)|0 mg
GR043|Air (Water)|78.3 g
GR043|Energi (Energy)|104 Kal
GR043|Protein (Protein)|15.6 g
GR043|Lemak (Fat)|3.2 g
GR043|Karbohidrat (CHO)|2.0 g
GR043|Serat (Fibre)|0.0 g
GR043|Abu (ASH)|0.9 g
GR043|Kalsium (Ca)|30 mg
GR043|Fosfor (P)|143 mg
GR043|Besi (Fe)|2.0 mg
GR043|Retinol (Vit. A)|33 mcg
GR043|Karoten Total (Re)|0 mcg
GR043|Thiamin (Vit. B1)|0.03 mg
GR043|Vitamin C (Vit. C)|0 mg
GR044|Air (Water)|75.6 g
GR044|Energi (Energy)|99 Kal
GR044|Protein (Protein)|20.6 g
GR044|Lemak (Fat)|1.4 g
GR044|Karbohidrat (CHO)|0.9 g
GR044|Abu (ASH)|1.5 g
GR044|Kalsium (Ca)|164 mg
GR044|Fosfor (P)|330 mg
GR044|Besi (Fe)|0.5 mg
GR044|Natrium (Na)|76 mg
GR044|Kalium (K)|282.0 mg
GR044|Tembaga (Cu)|0.20 mg
GR044|Seng (Zn)|0.9 mg
GR044|Retinol (Vit. A)|661 mcg
GR044|Thiamin (Vit. B1)|0.30 mg
GR044|Riboflavin (Vit. B2)|0.02 mg
GR044|Niasin (Niacin)|0.5 mg
GR045|Air (Water)|75.0 g
GR045|Energi (Energy)|115 Kal
GR045|Protein (Protein)|15.3 g
GR045|Lemak (Fat)|4.0 g
GR045|Karbohidrat (CHO)|4.4 g
GR045|Serat (Fibre)|0.0 g
GR045|Abu (ASH)|1.3 g
GR045|Kalsium (Ca)|60 mg
GR045|Fosfor (P)|190 mg
GR045|Besi (Fe)|1.6 mg
GR045|Natrium (Na)|120 mg
GR045|Kalium (K)|240.0 mg
GR045|Tembaga (Cu)|0.20 mg
GR045|Seng (Zn)|1.0 mg
GR045|Thiamin (Vit. B1)|0.20 mg
GR045|Riboflavin (Vit. B2)|0.10 mg
GR045|Niasin (Niacin)|0.1 mg
GR046|Air (Water)|80.0 g
GR046|Energi (Energy)|86 Kal
GR046|Protein (Protein)|16.0 g
GR046|Lemak (Fat)|2.0 g
GR046|Karbohidrat (CHO)|0.0 g
GR046|Serat (Fibre)|0.0 g
GR046|Abu (ASH)|2.0 g
GR046|Kalsium (Ca)|20 mg
GR046|Fosfor (P)|150 mg
GR046|Besi (Fe)|2.0 mg
GR046|Natrium (Na)|65 mg
GR046|Kalium (K)|276.7 mg
GR046|Tembaga (Cu)|0.10 mg
GR046|Seng (Zn)|1.1 mg
GR046|Retinol (Vit. A)|45 mcg
GR046|Beta-Karoten (Carotenes)|8 mcg
GR046|Thiamin (Vit. B1)|0.05 mg
GR046|Riboflavin (Vit. B2)|0.10 mg
GR046|Niasin (Niacin)|2.6 mg
GR046|Vitamin C (Vit. C)|0 mg
GR047|Air (Water)|78.2 g
GR047|Energi (Energy)|97 Kal
GR047|Protein (Protein)|17.9 g
GR047|Lemak (Fat)|2.0 g
GR047|Karbohidrat (CHO)|0.4 g
GR047|Serat (Fibre)|0.0 g
GR047|Abu (ASH)|1.5 g
GR047|Kalsium (Ca)|40 mg
GR047|Fosfor (P)|100 mg
GR047|Besi (Fe)|2.5 mg
GR047|Retinol (Vit. A)|21 mcg
GR047|Karoten Total (Re)|0 mcg
GR047|Thiamin (Vit. B1)|0.10 mg
GR047|Vitamin C (Vit. C)|0 mg
GR048|Air (Water)|79.7 g
GR048|Energi (Energy)|89 Kal
GR048|Protein (Protein)|18.7 g
GR048|Lemak (Fat)|1.0 g
GR048|Karbohidrat (CHO)|0.0 g
GR048|Serat (Fibre)|0.0 g
GR048|Abu (ASH)|1.1 g
GR048|Kalsium (Ca)|96 mg
GR048|Fosfor (P)|209 mg
GR048|Besi (Fe)|1.5 mg
GR048|Natrium (Na)|51 mg
GR048|Kalium (K)|265.8 mg
GR048|Tembaga (Cu)|0.00 mg
GR048|Seng (Zn)|0.2 mg
GR048|Retinol (Vit. A)|6 mcg
GR048|Beta-Karoten (Carotenes)|3 mcg
GR048|Karoten Total (Re)|5 mcg
GR048|Thiamin (Vit. B1)|0.03 mg
GR048|Riboflavin (Vit. B2)|0.10 mg
GR048|Niasin (Niacin)|2.0 mg
GR048|Vitamin C (Vit. C)|0 mg
GR049|Air (Water)|65.3 g
GR049|Energi (Energy)|154 Kal
GR049|Protein (Protein)|16.8 g
GR049|Lemak (Fat)|5.0 g
GR049|Karbohidrat (CHO)|10.5 g
GR049|Abu (ASH)|2.4 g
GR049|Kalsium (Ca)|80 mg
GR049|Fosfor (P)|244 mg
GR049|Besi (Fe)|1.6 mg
GR049|Natrium (Na)|421 mg
GR049|Kalium (K)|488.0 mg
GR049|Tembaga (Cu)|0.20 mg
GR049|Seng (Zn)|1.2 mg
GR049|Thiamin (Vit. B1)|0.47 mg
GR049|Riboflavin (Vit. B2)|0.15 mg
GR049|Niasin (Niacin)|9.6 mg
GR050|Air (Water)|71.4 g
GR050|Energi (Energy)|125 Kal
GR050|Protein (Protein)|21.3 g
GR050|Lemak (Fat)|3.4 g
GR050|Karbohidrat (CHO)|2.2 g
GR050|Abu (ASH)|1.7 g
GR050|Kalsium (Ca)|136 mg
GR050|Fosfor (P)|69 mg
GR050|Besi (Fe)|0.8 mg
GR050|Natrium (Na)|214 mg
GR050|Kalium (K)|245.0 mg
GR050|Tembaga (Cu)|0.20 mg
GR050|Seng (Zn)|1.1 mg
GR050|Thiamin (Vit. B1)|0.26 mg
GR050|Riboflavin (Vit. B2)|0.03 mg
GR050|Niasin (Niacin)|0.2 mg
GR051|Air (Water)|58.0 g
GR051|Energi (Energy)|303 Kal
GR051|Protein (Protein)|14.0 g
GR051|Lemak (Fat)|27.0 g
GR051|Karbohidrat (CHO)|0.0 g
GR051|Serat (Fibre)|0.0 g
GR051|Abu (ASH)|1.0 g
GR051|Kalsium (Ca)|20 mg
GR051|Fosfor (P)|200 mg
GR051|Besi (Fe)|1.0 mg
GR051|Natrium (Na)|43 mg
GR051|Retinol (Vit. A)|485 mcg
GR051|Beta-Karoten (Carotenes)|0 mcg
GR051|Thiamin (Vit. B1)|0.10 mg
GR051|Vitamin C (Vit. C)|2 mg
GR052|Air (Water)|75.0 g
GR052|Energi (Energy)|120 Kal
GR052|Protein (Protein)|14.3 g
GR052|Lemak (Fat)|4.9 g
GR052|Karbohidrat (CHO)|4.6 g
GR052|Serat (Fibre)|0.0 g
GR052|Abu (ASH)|1.2 g
GR052|Kalsium (Ca)|329 mg
GR052|Fosfor (P)|436 mg
GR052|Besi (Fe)|1.5 mg
GR052|Natrium (Na)|240 mg
GR052|Kalium (K)|169.0 mg
GR052|Tembaga (Cu)|0.80 mg
GR052|Seng (Zn)|1.1 mg
GR052|Beta-Karoten (Carotenes)|0 mcg
GR052|Thiamin (Vit. B1)|0.00 mg
GR052|Riboflavin (Vit. B2)|0.05 mg
GR052|Niasin (Niacin)|3.1 mg
GR053|Air (Water)|74.4 g
GR053|Energi (Energy)|132 Kal
GR053|Protein (Protein)|17.0 g
GR053|Lemak (Fat)|6.6 g
GR053|Karbohidrat (CHO)|1.1 g
GR053|Serat (Fibre)|0.0 g
GR053|Abu (ASH)|0.9 g
GR053|Kalsium (Ca)|31 mg
GR053|Fosfor (P)|173 mg
GR053|Besi (Fe)|1.6 mg
GR053|Natrium (Na)|77 mg
GR053|Kalium (K)|346.0 mg
GR053|Tembaga (Cu)|0.70 mg
GR053|Seng (Zn)|0.8 mg
GR053|Beta-Karoten (Carotenes)|7 mcg
GR053|Thiamin (Vit. B1)|0.20 mg
GR053|Riboflavin (Vit. B2)|0.03 mg
GR053|Niasin (Niacin)|1.7 mg
GR054|Air (Water)|68.3 g
GR054|Energi (Energy)|147 Kal
GR054|Protein (Protein)|22.5 g
GR054|Lemak (Fat)|5.2 g
GR054|Karbohidrat (CHO)|2.6 g
GR054|Abu (ASH)|1.4 g
GR054|Kalsium (Ca)|80 mg
GR054|Fosfor (P)|230 mg
GR054|Besi (Fe)|1.3 mg
GR054|Kalium (K)|380.0 mg
GR054|Tembaga (Cu)|0.20 mg
GR054|Seng (Zn)|0.7 mg
GR054|Retinol (Vit. A)|89 mcg
GR055|Air (Water)|81.1 g
GR055|Energi (Energy)|76 Kal
GR055|Protein (Protein)|14.4 g
GR055|Lemak (Fat)|1.1 g
GR055|Karbohidrat (CHO)|2.2 g
GR055|Abu (ASH)|1.2 g
GR055|Kalsium (Ca)|28 mg
GR055|Fosfor (P)|166 mg
GR055|Besi (Fe)|0.0 mg
GR055|Kalium (K)|325.0 mg
GR055|Tembaga (Cu)|0.10 mg
GR055|Seng (Zn)|0.6 mg
GR055|Thiamin (Vit. B1)|0.31 mg
GR055|Riboflavin (Vit. B2)|0.11 mg
GR056|Air (Water)|74.8 g
GR056|Energi (Energy)|113 Kal
GR056|Protein (Protein)|13.9 g
GR056|Lemak (Fat)|4.9 g
GR056|Karbohidrat (CHO)|3.4 g
GR056|Serat (Fibre)|0.0 g
GR056|Abu (ASH)|3.0 g
GR056|Kalsium (Ca)|642 mg
GR056|Fosfor (P)|646 mg
GR056|Besi (Fe)|1.9 mg
GR056|Natrium (Na)|51 mg
GR056|Kalium (K)|182.0 mg
GR056|Tembaga (Cu)|0.80 mg
GR056|Seng (Zn)|3.6 mg
GR056|Thiamin (Vit. B1)|0.21 mg
GR056|Riboflavin (Vit. B2)|0.02 mg
GR056|Niasin (Niacin)|1.8 mg
GR057|Air (Water)|72.7 g
GR057|Energi (Energy)|109 Kal
GR057|Protein (Protein)|19.9 g
GR057|Lemak (Fat)|1.8 g
GR057|Karbohidrat (CHO)|3.4 g
GR057|Serat (Fibre)|0.0 g
GR057|Abu (ASH)|2.2 g
GR057|Kalsium (Ca)|95 mg
GR057|Fosfor (P)|597 mg
GR057|Besi (Fe)|1.3 mg
GR057|Natrium (Na)|266 mg
GR057|Kalium (K)|227.0 mg
GR057|Tembaga (Cu)|0.30 mg
GR057|Seng (Zn)|2.0 mg
GR057|Retinol (Vit. A)|195 mcg
GR057|Beta-Karoten (Carotenes)|0 mcg
GR057|Thiamin (Vit. B1)|0.26 mg
GR057|Riboflavin (Vit. B2)|0.03 mg
GR057|Niasin (Niacin)|4.4 mg
GR058|Air (Water)|75.4 g
GR058|Energi (Energy)|100 Kal
GR058|Protein (Protein)|18.8 g
GR058|Lemak (Fat)|2.2 g
GR058|Karbohidrat (CHO)|0.0 g
GR058|Serat (Fibre)|0.0 g
GR058|Abu (ASH)|3.6 g
GR058|Kalsium (Ca)|40 mg
GR058|Fosfor (P)|179 mg
GR058|Besi (Fe)|0.5 mg
GR058|Natrium (Na)|43 mg
GR058|Kalium (K)|392.6 mg
GR058|Tembaga (Cu)|0.10 mg
GR058|Seng (Zn)|0.3 mg
GR058|Retinol (Vit. A)|45 mcg
GR058|Beta-Karoten (Carotenes)|0 mcg
GR058|Thiamin (Vit. B1)|0.37 mg
GR058|Riboflavin (Vit. B2)|0.20 mg
GR058|Niasin (Niacin)|3.4 mg
GR058|Vitamin C (Vit. C)|0 mg
GR059|Air (Water)|78.8 g
GR059|Energi (Energy)|84 Kal
GR059|Protein (Protein)|15.2 g
GR059|Lemak (Fat)|0.6 g
GR059|Karbohidrat (CHO)|4.7 g
GR059|Serat (Fibre)|0.0 g
GR059|Abu (ASH)|0.8 g
GR059|Kalsium (Ca)|68 mg
GR059|Fosfor (P)|171 mg
GR059|Besi (Fe)|2.1 mg
GR059|Natrium (Na)|211 mg
GR059|Kalium (K)|198.0 mg
GR059|Tembaga (Cu)|0.70 mg
GR059|Seng (Zn)|0.6 mg
GR059|Beta-Karoten (Carotenes)|0 mcg
GR059|Thiamin (Vit. B1)|0.16 mg
GR059|Riboflavin (Vit. B2)|0.03 mg
GR059|Niasin (Niacin)|1.9 mg
GR060|Air (Water)|71.3 g
GR060|Energi (Energy)|81 Kal
GR060|Protein (Protein)|11.4 g
GR060|Lemak (Fat)|1.9 g
GR060|Karbohidrat (CHO)|3.8 g
GR060|Serat (Fibre)|0.0 g
GR060|Abu (ASH)|11.6 g
GR060|Kalsium (Ca)|118 mg
GR060|Fosfor (P)|174 mg
GR060|Besi (Fe)|3.0 mg
GR060|Natrium (Na)|46 mg
GR060|Kalium (K)|245.9 mg
GR060|Tembaga (Cu)|0.00 mg
GR060|Seng (Zn)|1.5 mg
GR060|Retinol (Vit. A)|15 mcg
GR060|Beta-Karoten (Carotenes)|0 mcg
GR060|Karoten Total (Re)|0 mcg
GR060|Thiamin (Vit. B1)|0.00 mg
GR060|Riboflavin (Vit. B2)|0.40 mg
GR060|Niasin (Niacin)|3.2 mg
GR060|Vitamin C (Vit. C)|0 mg
GR061|Air (Water)|75.5 g
GR061|Energi (Energy)|111 Kal
GR061|Protein (Protein)|13.3 g
GR061|Lemak (Fat)|3.4 g
GR061|Karbohidrat (CHO)|6.7 g
GR061|Abu (ASH)|1.1 g
GR061|Kalsium (Ca)|86 mg
GR061|Fosfor (P)|174 mg
GR061|Besi (Fe)|1.2 mg
GR061|Natrium (Na)|91 mg
GR061|Kalium (K)|197.0 mg
GR061|Tembaga (Cu)|0.00 mg
GR061|Seng (Zn)|0.6 mg
GR061|Retinol (Vit. A)|309 mcg
GR061|Thiamin (Vit. B1)|1.03 mg
GR061|Riboflavin (Vit. B2)|0.10 mg
GR061|Niasin (Niacin)|0.2 mg
GR062|Air (Water)|77.4 g
GR062|Energi (Energy)|88 Kal
GR062|Protein (Protein)|15.9 g
GR062|Lemak (Fat)|0.9 g
GR062|Karbohidrat (CHO)|4.1 g
GR062|Serat (Fibre)|0.0 g
GR062|Abu (ASH)|1.8 g
GR062|Kalsium (Ca)|221 mg
GR062|Fosfor (P)|223 mg
GR062|Besi (Fe)|0.0 mg
GR062|Natrium (Na)|24 mg
GR062|Kalium (K)|364.0 mg
GR062|Tembaga (Cu)|0.40 mg
GR062|Seng (Zn)|0.7 mg
GR062|Thiamin (Vit. B1)|0.20 mg
GR062|Riboflavin (Vit. B2)|0.25 mg
GR062|Niasin (Niacin)|1.6 mg
GR063|Air (Water)|76.7 g
GR063|Energi (Energy)|96 Kal
GR063|Protein (Protein)|19.5 g
GR063|Lemak (Fat)|1.1 g
GR063|Karbohidrat (CHO)|2.0 g
GR063|Serat (Fibre)|0.0 g
GR063|Abu (ASH)|0.8 g
GR063|Kalsium (Ca)|9 mg
GR063|Fosfor (P)|129 mg
GR063|Besi (Fe)|0.3 mg
GR063|Natrium (Na)|43 mg
GR063|Kalium (K)|154.0 mg
GR063|Tembaga (Cu)|0.10 mg
GR063|Seng (Zn)|0.5 mg
GR063|Thiamin (Vit. B1)|0.15 mg
GR063|Riboflavin (Vit. B2)|0.02 mg
GR063|Niasin (Niacin)|1.7 mg
GR064|Air (Water)|75.3 g
GR064|Energi (Energy)|95 Kal
GR064|Protein (Protein)|15.8 g
GR064|Lemak (Fat)|0.7 g
GR064|Karbohidrat (CHO)|6.5 g
GR064|Serat (Fibre)|0.0 g
GR064|Abu (ASH)|1.7 g
GR064|Kalsium (Ca)|503 mg
GR064|Fosfor (P)|354 mg
GR064|Besi (Fe)|0.2 mg
GR064|Natrium (Na)|58 mg
GR064|Kalium (K)|294.0 mg
GR064|Tembaga (Cu)|1.60 mg
GR064|Seng (Zn)|1.2 mg
GR064|Thiamin (Vit. B1)|0.18 mg
GR064|Riboflavin (Vit. B2)|0.02 mg
GR064|Niasin (Niacin)|1.9 mg
GR065|Air (Water)|65.0 g
GR065|Energi (Energy)|204 Kal
GR065|Protein (Protein)|16.0 g
GR065|Lemak (Fat)|15.0 g
GR065|Karbohidrat (CHO)|0.0 g
GR065|Serat (Fibre)|0.0 g
GR065|Abu (ASH)|4.0 g
GR065|Kalsium (Ca)|20 mg
GR065|Fosfor (P)|200 mg
GR065|Besi (Fe)|2.0 mg
GR065|Natrium (Na)|341 mg
GR065|Kalium (K)|291.0 mg
GR065|Tembaga (Cu)|0.40 mg
GR065|Seng (Zn)|2.6 mg
GR065|Retinol (Vit. A)|30 mcg
GR065|Beta-Karoten (Carotenes)|0 mcg
GR065|Thiamin (Vit. B1)|0.05 mg
GR065|Riboflavin (Vit. B2)|0.00 mg
GR065|Niasin (Niacin)|5.6 mg
GR065|Vitamin C (Vit. C)|0 mg
GR066|Air (Water)|78.9 g
GR066|Energi (Energy)|101 Kal
GR066|Protein (Protein)|15.1 g
GR066|Lemak (Fat)|4.1 g
GR066|Karbohidrat (CHO)|1.0 g
GR066|Serat (Fibre)|0.0 g
GR066|Abu (ASH)|0.9 g
GR066|Kalsium (Ca)|32 mg
GR066|Fosfor (P)|163 mg
GR066|Besi (Fe)|0.0 mg
GR066|Natrium (Na)|50 mg
GR066|Kalium (K)|320.0 mg
GR066|Tembaga (Cu)|0.70 mg
GR066|Seng (Zn)|0.6 mg
GR066|Thiamin (Vit. B1)|0.02 mg
GR066|Riboflavin (Vit. B2)|0.05 mg
GR066|Niasin (Niacin)|1.5 mg
GR067|Air (Water)|76.1 g
GR067|Energi (Energy)|98 Kal
GR067|Protein (Protein)|19.6 g
GR067|Lemak (Fat)|1.7 g
GR067|Karbohidrat (CHO)|1.0 g
GR067|Serat (Fibre)|0.0 g
GR067|Abu (ASH)|1.6 g
GR067|Kalsium (Ca)|90 mg
GR067|Fosfor (P)|190 mg
GR067|Besi (Fe)|0.6 mg
GR067|Natrium (Na)|90 mg
GR067|Kalium (K)|320.0 mg
GR067|Tembaga (Cu)|0.10 mg
GR067|Seng (Zn)|0.5 mg
GR067|Retinol (Vit. A)|39 mcg
GR067|Beta-Karoten (Carotenes)|0 mcg
GR067|Thiamin (Vit. B1)|0.00 mg
GR067|Riboflavin (Vit. B2)|0.10 mg
GR067|Niasin (Niacin)|0.1 mg
GR068|Air (Water)|80.0 g
GR068|Energi (Energy)|74 Kal
GR068|Protein (Protein)|10.3 g
GR068|Lemak (Fat)|1.4 g
GR068|Karbohidrat (CHO)|4.1 g
GR068|Serat (Fibre)|0.0 g
GR068|Abu (ASH)|4.2 g
GR068|Kalsium (Ca)|972 mg
GR068|Fosfor (P)|253 mg
GR068|Besi (Fe)|3.9 mg
GR068|Natrium (Na)|554 mg
GR068|Kalium (K)|126.1 mg
GR068|Tembaga (Cu)|305.20 mg
GR068|Seng (Zn)|0.2 mg
GR068|Retinol (Vit. A)|13 mcg
GR068|Beta-Karoten (Carotenes)|0 mcg
GR068|Karoten Total (Re)|28 mcg
GR068|Thiamin (Vit. B1)|0.24 mg
GR068|Riboflavin (Vit. B2)|0.10 mg
GR068|Niasin (Niacin)|1.9 mg
GR068|Vitamin C (Vit. C)|0 mg
GR069|Air (Water)|78.8 g
GR069|Energi (Energy)|82 Kal
GR069|Protein (Protein)|17.4 g
GR069|Lemak (Fat)|0.4 g
GR069|Karbohidrat (CHO)|2.3 g
GR069|Serat (Fibre)|0.0 g
GR069|Abu (ASH)|1.1 g
GR069|Kalsium (Ca)|145 mg
GR069|Fosfor (P)|130 mg
GR069|Besi (Fe)|1.8 mg
GR069|Natrium (Na)|110 mg
GR069|Kalium (K)|275.0 mg
GR069|Tembaga (Cu)|0.10 mg
GR069|Seng (Zn)|0.8 mg
GR069|Retinol (Vit. A)|581 mcg
GR069|Thiamin (Vit. B1)|0.64 mg
GR069|Riboflavin (Vit. B2)|0.03 mg
GR069|Niasin (Niacin)|1.5 mg
GR070|Air (Water)|74.7 g
GR070|Energi (Energy)|100 Kal
GR070|Protein (Protein)|13.7 g
GR070|Lemak (Fat)|1.5 g
GR070|Karbohidrat (CHO)|8.0 g
GR070|Serat (Fibre)|0.0 g
GR070|Abu (ASH)|2.1 g
GR070|Kalsium (Ca)|92 mg
GR070|Fosfor (P)|606 mg
GR070|Besi (Fe)|1.7 mg
GR070|Natrium (Na)|202 mg
GR070|Kalium (K)|227.0 mg
GR070|Tembaga (Cu)|0.20 mg
GR070|Seng (Zn)|1.6 mg
GR070|Retinol (Vit. A)|181 mcg
GR070|Beta-Karoten (Carotenes)|0 mcg
GR070|Thiamin (Vit. B1)|0.35 mg
GR070|Riboflavin (Vit. B2)|0.03 mg
GR070|Niasin (Niacin)|6.6 mg
GR071|Air (Water)|76.9 g
GR071|Energi (Energy)|96 Kal
GR071|Protein (Protein)|19.2 g
GR071|Lemak (Fat)|2.0 g
GR071|Karbohidrat (CHO)|0.2 g
GR071|Abu (ASH)|2.1 g
GR071|Kalsium (Ca)|340 mg
GR071|Fosfor (P)|340 mg
GR071|Besi (Fe)|0.8 mg
GR071|Natrium (Na)|370 mg
GR071|Kalium (K)|300.0 mg
GR071|Tembaga (Cu)|0.10 mg
GR071|Seng (Zn)|2.0 mg
GR071|Retinol (Vit. A)|26 mcg
GR072|Air (Water)|81.0 g
GR072|Energi (Energy)|64 Kal
GR072|Protein (Protein)|12.0 g
GR072|Lemak (Fat)|1.0 g
GR072|Karbohidrat (CHO)|2.0 g
GR072|Serat (Fibre)|0.0 g
GR072|Abu (ASH)|4.0 g
GR072|Kalsium (Ca)|217 mg
GR072|Fosfor (P)|78 mg
GR072|Besi (Fe)|1.7 mg
GR072|Natrium (Na)|231 mg
GR072|Tembaga (Cu)|0.37 mg
GR072|Seng (Zn)|0.1 mg
GR072|Retinol (Vit. A)|0 mcg
GR072|Beta-Karoten (Carotenes)|244 mcg
GR073|Air (Water)|68.1 g
GR073|Energi (Energy)|151 Kal
GR073|Protein (Protein)|13.8 g
GR073|Lemak (Fat)|3.8 g
GR073|Karbohidrat (CHO)|14.1 g
GR073|Serat (Fibre)|0.0 g
GR073|Abu (ASH)|0.2 g
GR073|Kalsium (Ca)|210 mg
GR073|Fosfor (P)|250 mg
GR073|Besi (Fe)|1.1 mg
GR073|Retinol (Vit. A)|61 mcg
GR073|Thiamin (Vit. B1)|0.05 mg
GR073|Vitamin C (Vit. C)|0 mg
GR074|Air (Water)|78.2 g
GR074|Energi (Energy)|101 Kal
GR074|Protein (Protein)|14.4 g
GR074|Lemak (Fat)|2.6 g
GR074|Karbohidrat (CHO)|3.9 g
GR074|Serat (Fibre)|0.0 g
GR074|Abu (ASH)|0.9 g
GR074|Kalsium (Ca)|321 mg
GR074|Fosfor (P)|270 mg
GR074|Besi (Fe)|15.6 mg
GR074|Retinol (Vit. A)|0 mcg
GR074|Karoten Total (Re)|0 mcg
GR074|Thiamin (Vit. B1)|0.01 mg
GR074|Vitamin C (Vit. C)|0 mg
GR075|Air (Water)|81.9 g
GR075|Energi (Energy)|73 Kal
GR075|Protein (Protein)|16.4 g
GR075|Lemak (Fat)|0.3 g
GR075|Karbohidrat (CHO)|0.0 g
GR075|Serat (Fibre)|0.0 g
GR075|Abu (ASH)|1.4 g
GR075|Kalsium (Ca)|18 mg
GR075|Fosfor (P)|147 mg
GR075|Besi (Fe)|1.1 mg
GR075|Retinol (Vit. A)|0 mcg
GR075|Thiamin (Vit. B1)|0.14 mg
GR075|Vitamin C (Vit. C)|0 mg
GR076|Air (Water)|80.0 g
GR076|Energi (Energy)|83 Kal
GR076|Protein (Protein)|19.1 g
GR076|Lemak (Fat)|0.2 g
GR076|Karbohidrat (CHO)|0.0 g
GR076|Serat (Fibre)|0.0 g
GR076|Abu (ASH)|0.7 g
GR076|Kalsium (Ca)|27 mg
GR076|Fosfor (P)|87 mg
GR076|Besi (Fe)|0.7 mg
GR076|Retinol (Vit. A)|0 mcg
GR076|Thiamin (Vit. B1)|0.20 mg
GR076|Vitamin C (Vit. C)|0 mg
GR077|Air (Water)|79.9 g
GR077|Energi (Energy)|87 Kal
GR077|Protein (Protein)|16.0 g
GR077|Lemak (Fat)|2.2 g
GR077|Karbohidrat (CHO)|1.0 g
GR077|Serat (Fibre)|0.0 g
GR077|Abu (ASH)|0.9 g
GR077|Kalsium (Ca)|75 mg
GR077|Fosfor (P)|136 mg
GR077|Besi (Fe)|1.0 mg
GR077|Retinol (Vit. A)|6 mcg
GR077|Karoten Total (Re)|0 mcg
GR077|Thiamin (Vit. B1)|0.04 mg
GR077|Vitamin C (Vit. C)|0 mg
GR078|Air (Water)|80.9 g
GR078|Energi (Energy)|217 Kal
GR078|Protein (Protein)|11.0 g
GR078|Lemak (Fat)|1.7 g
GR078|Karbohidrat (CHO)|5.1 g
GR078|Abu (ASH)|1.3 g
GR078|Kalsium (Ca)|20 mg
GR078|Fosfor (P)|390 mg
GR078|Besi (Fe)|10.9 mg
GR078|Natrium (Na)|3 mg
GR078|Kalium (K)|7.0 mg
GR078|Tembaga (Cu)|0.20 mg
GR078|Seng (Zn)|2.7 mg
GR078|Thiamin (Vit. B1)|0.45 mg
GR078|Riboflavin (Vit. B2)|0.07 mg
GR079|Air (Water)|80.2 g
GR079|Energi (Energy)|76 Kal
GR079|Protein (Protein)|12.1 g
GR079|Lemak (Fat)|2.0 g
GR079|Karbohidrat (CHO)|2.4 g
GR079|Serat (Fibre)|0.0 g
GR079|Abu (ASH)|2.7 g
GR079|Kalsium (Ca)|721 mg
GR079|Fosfor (P)|214 mg
GR079|Besi (Fe)|2.2 mg
GR079|Natrium (Na)|69 mg
GR079|Kalium (K)|192.0 mg
GR079|Tembaga (Cu)|1.70 mg
GR079|Seng (Zn)|2.9 mg
GR079|Retinol (Vit. A)|599 mcg
GR079|Beta-Karoten (Carotenes)|40 mcg
GR079|Thiamin (Vit. B1)|0.20 mg
GR079|Riboflavin (Vit. B2)|0.25 mg
GR079|Niasin (Niacin)|0.2 mg
GR080|Air (Water)|79.0 g
GR080|Energi (Energy)|81 Kal
GR080|Protein (Protein)|16.2 g
GR080|Lemak (Fat)|1.2 g
GR080|Karbohidrat (CHO)|0.7 g
GR080|Serat (Fibre)|0.0 g
GR080|Abu (ASH)|2.9 g
GR080|Kalsium (Ca)|757 mg
GR080|Fosfor (P)|292 mg
GR080|Besi (Fe)|2.2 mg
GR080|Natrium (Na)|169 mg
GR080|Kalium (K)|202.9 mg
GR080|Tembaga (Cu)|0.70 mg
GR080|Seng (Zn)|1.2 mg
GR080|Retinol (Vit. A)|18 mcg
GR080|Beta-Karoten (Carotenes)|0 mcg
GR080|Thiamin (Vit. B1)|0.04 mg
GR080|Riboflavin (Vit. B2)|0.10 mg
GR080|Niasin (Niacin)|2.4 mg
GR080|Vitamin C (Vit. C)|0 mg
GR081|Air (Water)|58.5 g
GR081|Energi (Energy)|110 Kal
GR081|Protein (Protein)|11.5 g
GR081|Lemak (Fat)|2.0 g
GR081|Karbohidrat (CHO)|11.7 g
GR081|Serat (Fibre)|0.0 g
GR081|Abu (ASH)|16.3 g
GR081|Kalsium (Ca)|479 mg
GR081|Fosfor (P)|348 mg
GR081|Besi (Fe)|7.1 mg
GR081|Retinol (Vit. A)|0 mcg
GR081|Karoten Total (Re)|0 mcg
GR081|Thiamin (Vit. B1)|0.04 mg
GR081|Vitamin C (Vit. C)|0 mg
GR082|Air (Water)|79.0 g
GR082|Energi (Energy)|81 Kal
GR082|Protein (Protein)|16.5 g
GR082|Lemak (Fat)|0.3 g
GR082|Karbohidrat (CHO)|3.0 g
GR082|Serat (Fibre)|0.0 g
GR082|Abu (ASH)|1.2 g
GR082|Kalsium (Ca)|87 mg
GR082|Fosfor (P)|167 mg
GR082|Besi (Fe)|0.7 mg
GR082|Natrium (Na)|95 mg
GR082|Kalium (K)|132.0 mg
GR082|Tembaga (Cu)|0.70 mg
GR082|Seng (Zn)|1.2 mg
GR082|Beta-Karoten (Carotenes)|3 mcg
GR082|Thiamin (Vit. B1)|0.24 mg
GR082|Riboflavin (Vit. B2)|0.03 mg
GR082|Niasin (Niacin)|2.9 mg
GR083|Air (Water)|85.5 g
GR083|Energi (Energy)|56 Kal
GR083|Protein (Protein)|11.4 g
GR083|Lemak (Fat)|0.6 g
GR083|Karbohidrat (CHO)|1.2 g
GR083|Serat (Fibre)|0.0 g
GR083|Abu (ASH)|1.3 g
GR083|Kalsium (Ca)|30 mg
GR083|Fosfor (P)|20 mg
GR083|Besi (Fe)|0.3 mg
GR083|Natrium (Na)|190 mg
GR083|Kalium (K)|210.0 mg
GR083|Tembaga (Cu)|0.40 mg
GR083|Seng (Zn)|0.8 mg
GR083|Beta-Karoten (Carotenes)|0 mcg
GR083|Thiamin (Vit. B1)|0.14 mg
GR083|Riboflavin (Vit. B2)|0.00 mg
GR083|Niasin (Niacin)|0.1 mg
GR084|Air (Water)|75.0 g
GR084|Energi (Energy)|91 Kal
GR084|Protein (Protein)|21.0 g
GR084|Lemak (Fat)|0.2 g
GR084|Karbohidrat (CHO)|0.1 g
GR084|Serat (Fibre)|0.0 g
GR084|Abu (ASH)|3.7 g
GR084|Kalsium (Ca)|136 mg
GR084|Fosfor (P)|170 mg
GR084|Besi (Fe)|8.0 mg
GR084|Natrium (Na)|178 mg
GR084|Kalium (K)|222.4 mg
GR084|Tembaga (Cu)|0.30 mg
GR084|Seng (Zn)|1.3 mg
GR084|Retinol (Vit. A)|18 mcg
GR084|Beta-Karoten (Carotenes)|4 mcg
GR084|Thiamin (Vit. B1)|0.01 mg
GR084|Riboflavin (Vit. B2)|0.40 mg
GR084|Niasin (Niacin)|3.7 mg
GR084|Vitamin C (Vit. C)|0 mg
HP001|Air (Water)|61.9 g
HP001|Energi (Energy)|251 Kal
HP001|Protein (Protein)|16.3 g
HP001|Lemak (Fat)|19.4 g
HP001|Karbohidrat (CHO)|1.4 g
HP001|Serat (Fibre)|0.0 g
HP001|Abu (ASH)|1.0 g
HP001|Kalsium (Ca)|62 mg
HP001|Fosfor (P)|250 mg
HP001|Besi (Fe)|2.5 mg
HP001|Retinol (Vit. A)|36 mcg
HP001|Karoten Total (Re)|221 mcg
HP001|Thiamin (Vit. B1)|0.21 mg
HP001|Riboflavin (Vit. B2)|0.00 mg
HP001|Vitamin C (Vit. C)|0 mg
HP002|Air (Water)|66.5 g
HP002|Energi (Energy)|179 Kal
HP002|Protein (Protein)|13.6 g
HP002|Lemak (Fat)|13.3 g
HP002|Karbohidrat (CHO)|4.4 g
HP002|Serat (Fibre)|0.0 g
HP002|Abu (ASH)|2.2 g
HP002|Kalsium (Ca)|120 mg
HP002|Fosfor (P)|157 mg
HP002|Besi (Fe)|1.8 mg
HP002|Natrium (Na)|483 mg
HP002|Kalium (K)|140.1 mg
HP002|Retinol (Vit. A)|253 mcg
HP002|Beta-Karoten (Carotenes)|13 mcg
HP002|Thiamin (Vit. B1)|0.28 mg
HP002|Riboflavin (Vit. B2)|0.98 mg
HP002|Niasin (Niacin)|0.6 mg
HP002|Vitamin C (Vit. C)|0 mg
HP003|Air (Water)|55.1 g
HP003|Energi (Energy)|301 Kal
HP003|Protein (Protein)|20.0 g
HP003|Lemak (Fat)|23.7 g
HP003|Karbohidrat (CHO)|0.0 g
HP003|Serat (Fibre)|0.0 g
HP003|Abu (ASH)|1.2 g
HP003|Kalsium (Ca)|71 mg
HP003|Fosfor (P)|600 mg
HP003|Besi (Fe)|9.2 mg
HP003|Retinol (Vit. A)|122 mcg
HP003|Karoten Total (Re)|613 mcg
HP003|Thiamin (Vit. B1)|0.35 mg
HP003|Vitamin C (Vit. C)|0 mg
HP004|Air (Water)|37.8 g
HP004|Energi (Energy)|358 Kal
HP004|Protein (Protein)|20.7 g
HP004|Lemak (Fat)|26.4 g
HP004|Karbohidrat (CHO)|9.4 g
HP004|Serat (Fibre)|0.0 g
HP004|Abu (ASH)|5.7 g
HP004|Kalsium (Ca)|48 mg
HP004|Fosfor (P)|311 mg
HP004|Besi (Fe)|15.1 mg
HP004|Natrium (Na)|2,684 mg
HP004|Kalium (K)|59.0 mg
HP004|Tembaga (Cu)|0.40 mg
HP004|Seng (Zn)|3.0 mg
HP004|Retinol (Vit. A)|1,866 mcg
HP004|Beta-Karoten (Carotenes)|0 mcg
HP004|Thiamin (Vit. B1)|0.21 mg
HP004|Riboflavin (Vit. B2)|0.54 mg
HP004|Niasin (Niacin)|2.1 mg
HP005|Air (Water)|36.1 g
HP005|Energi (Energy)|313 Kal
HP005|Protein (Protein)|6.0 g
HP005|Lemak (Fat)|12.2 g
HP005|Karbohidrat (CHO)|44.8 g
HP005|Abu (ASH)|0.9 g
HP005|Retinol (Vit. A)|783 mcg
HP005|Beta-Karoten (Carotenes)|89 mcg
HP005|Thiamin (Vit. B1)|0.14 mg
HP005|Riboflavin (Vit. B2)|0.27 mg
HP005|Niasin (Niacin)|9.7 mg
HP006|Air (Water)|35.0 g
HP006|Energi (Energy)|349 Kal
HP006|Protein (Protein)|6.8 g
HP006|Lemak (Fat)|18.7 g
HP006|Karbohidrat (CHO)|38.3 g
HP006|Abu (ASH)|1.2 g
HP006|Beta-Karoten (Carotenes)|123 mcg
HP006|Thiamin (Vit. B1)|0.06 mg
HP006|Riboflavin (Vit. B2)|0.25 mg
HP006|Niasin (Niacin)|0.0 mg
HP007|Air (Water)|79.0 g
HP007|Energi (Energy)|193 Kal
HP007|Protein (Protein)|10.6 g
HP007|Lemak (Fat)|12.4 g
HP007|Karbohidrat (CHO)|9.7 g
HP007|Abu (ASH)|1.4 g
HP007|Kalsium (Ca)|148 mg
HP007|Fosfor (P)|246 mg
HP007|Besi (Fe)|3.8 mg
HP007|Natrium (Na)|540 mg
HP007|Retinol (Vit. A)|160 mcg
HP007|Karoten Total (Re)|3,600 mcg
HP007|Thiamin (Vit. B1)|0.44 mg
HP007|Vitamin C (Vit. C)|0 mg
HR001|Air (Water)|73.1 g
HR001|Energi (Energy)|174 Kal
HR001|Protein (Protein)|10.8 g
HR001|Lemak (Fat)|14.0 g
HR001|Karbohidrat (CHO)|1.2 g
HR001|Serat (Fibre)|0.0 g
HR001|Abu (ASH)|0.9 g
HR001|Kalsium (Ca)|68 mg
HR001|Fosfor (P)|268 mg
HR001|Besi (Fe)|4.9 mg
HR001|Natrium (Na)|190 mg
HR001|Kalium (K)|141.0 mg
HR001|Tembaga (Cu)|0.60 mg
HR001|Seng (Zn)|1.5 mg
HR001|Retinol (Vit. A)|203 mcg
HR001|Beta-Karoten (Carotenes)|23 mcg
HR001|Karoten Total (Re)|125 mcg
HR001|Thiamin (Vit. B1)|0.78 mg
HR001|Riboflavin (Vit. B2)|0.62 mg
HR001|Niasin (Niacin)|0.2 mg
HR002|Air (Water)|74.3 g
HR002|Energi (Energy)|154 Kal
HR002|Protein (Protein)|12.4 g
HR002|Lemak (Fat)|10.8 g
HR002|Karbohidrat (CHO)|0.7 g
HR002|Serat (Fibre)|0.0 g
HR002|Abu (ASH)|0.8 g
HR002|Kalsium (Ca)|86 mg
HR002|Fosfor (P)|258 mg
HR002|Besi (Fe)|3.0 mg
HR002|Natrium (Na)|142 mg
HR002|Kalium (K)|118.5 mg
HR002|Tembaga (Cu)|0.16 mg
HR002|Seng (Zn)|1.0 mg
HR002|Retinol (Vit. A)|61 mcg
HR002|Beta-Karoten (Carotenes)|22 mcg
HR002|Karoten Total (Re)|104 mcg
HR002|Thiamin (Vit. B1)|0.12 mg
HR002|Riboflavin (Vit. B2)|0.38 mg
HR002|Niasin (Niacin)|0.2 mg
HR002|Vitamin C (Vit. C)|0 mg
HR003|Air (Water)|49.4 g
HR003|Energi (Energy)|355 Kal
HR003|Protein (Protein)|16.3 g
HR003|Lemak (Fat)|31.9 g
HR003|Karbohidrat (CHO)|0.7 g
HR003|Serat (Fibre)|0.0 g
HR003|Abu (ASH)|1.7 g
HR003|Kalsium (Ca)|147 mg
HR003|Fosfor (P)|586 mg
HR003|Besi (Fe)|7.2 mg
HR003|Natrium (Na)|111 mg
HR003|Kalium (K)|107.5 mg
HR003|Tembaga (Cu)|0.20 mg
HR003|Seng (Zn)|2.5 mg
HR003|Retinol (Vit. A)|606 mcg
HR003|Beta-Karoten (Carotenes)|63 mcg
HR003|Thiamin (Vit. B1)|0.27 mg
HR003|Riboflavin (Vit. B2)|0.51 mg
HR003|Niasin (Niacin)|0.2 mg
HR003|Vitamin C (Vit. C)|0 mg
HR004|Air (Water)|87.8 g
HR004|Energi (Energy)|50 Kal
HR004|Protein (Protein)|10.8 g
HR004|Lemak (Fat)|0.0 g
HR004|Karbohidrat (CHO)|0.8 g
HR004|Serat (Fibre)|0.0 g
HR004|Abu (ASH)|0.6 g
HR004|Kalsium (Ca)|6 mg
HR004|Fosfor (P)|17 mg
HR004|Besi (Fe)|0.2 mg
HR004|Natrium (Na)|164 mg
HR004|Kalium (K)|138.5 mg
HR004|Tembaga (Cu)|0.03 mg
HR004|Seng (Zn)|0.4 mg
HR004|Retinol (Vit. A)|0 mcg
HR004|Beta-Karoten (Carotenes)|0 mcg
HR004|Thiamin (Vit. B1)|0.00 mg
HR004|Riboflavin (Vit. B2)|0.26 mg
HR004|Niasin (Niacin)|0.4 mg
HR004|Vitamin C (Vit. C)|0 mg
HR005|Air (Water)|70.0 g
HR005|Energi (Energy)|187 Kal
HR005|Protein (Protein)|11.8 g
HR005|Lemak (Fat)|14.2 g
HR005|Karbohidrat (CHO)|3.0 g
HR005|Serat (Fibre)|0.0 g
HR005|Abu (ASH)|1.0 g
HR005|Kalsium (Ca)|60 mg
HR005|Fosfor (P)|268 mg
HR005|Besi (Fe)|6.0 mg
HR005|Natrium (Na)|115 mg
HR005|Kalium (K)|80.0 mg
HR005|Tembaga (Cu)|0.60 mg
HR005|Seng (Zn)|1.7 mg
HR005|Retinol (Vit. A)|180 mcg
HR005|Beta-Karoten (Carotenes)|437 mcg
HR005|Thiamin (Vit. B1)|1.55 mg
HR005|Riboflavin (Vit. B2)|0.37 mg
HR005|Niasin (Niacin)|0.1 mg
HR006|Air (Water)|47.0 g
HR006|Energi (Energy)|386 Kal
HR006|Protein (Protein)|17.0 g
HR006|Lemak (Fat)|35.0 g
HR006|Karbohidrat (CHO)|0.8 g
HR006|Serat (Fibre)|0.0 g
HR006|Abu (ASH)|0.2 g
HR006|Kalsium (Ca)|150 mg
HR006|Fosfor (P)|400 mg
HR006|Besi (Fe)|7.0 mg
HR006|Natrium (Na)|106 mg
HR006|Kalium (K)|90.7 mg
HR006|Tembaga (Cu)|0.09 mg
HR006|Seng (Zn)|2.5 mg
HR006|Retinol (Vit. A)|870 mcg
HR006|Beta-Karoten (Carotenes)|747 mcg
HR006|Thiamin (Vit. B1)|0.60 mg
HR006|Riboflavin (Vit. B2)|0.68 mg
HR006|Niasin (Niacin)|1.4 mg
HR006|Vitamin C (Vit. C)|0 mg
HR007|Air (Water)|88.0 g
HR007|Energi (Energy)|54 Kal
HR007|Protein (Protein)|11.0 g
HR007|Lemak (Fat)|0.0 g
HR007|Karbohidrat (CHO)|0.8 g
HR007|Serat (Fibre)|0.0 g
HR007|Abu (ASH)|0.2 g
HR007|Kalsium (Ca)|21 mg
HR007|Fosfor (P)|20 mg
HR007|Besi (Fe)|0.1 mg
HR007|Natrium (Na)|184 mg
HR007|Kalium (K)|150.2 mg
HR007|Tembaga (Cu)|0.13 mg
HR007|Seng (Zn)|0.1 mg
HR007|Retinol (Vit. A)|0 mcg
HR007|Beta-Karoten (Carotenes)|0 mcg
HR007|Thiamin (Vit. B1)|0.01 mg
HR007|Riboflavin (Vit. B2)|0.02 mg
HR007|Niasin (Niacin)|0.1 mg
HR007|Vitamin C (Vit. C)|0 mg
HR008|Air (Water)|67.7 g
HR008|Energi (Energy)|187 Kal
HR008|Protein (Protein)|10.9 g
HR008|Lemak (Fat)|12.4 g
HR008|Karbohidrat (CHO)|7.9 g
HR008|Serat (Fibre)|0.0 g
HR008|Abu (ASH)|1.1 g
HR008|Kalsium (Ca)|64 mg
HR008|Fosfor (P)|295 mg
HR008|Besi (Fe)|5.4 mg
HR008|Natrium (Na)|209 mg
HR008|Kalium (K)|146.0 mg
HR008|Tembaga (Cu)|0.40 mg
HR008|Seng (Zn)|1.8 mg
HR008|Retinol (Vit. A)|378 mcg
HR008|Beta-Karoten (Carotenes)|471 mcg
HR008|Karoten Total (Re)|375 mcg
HR008|Thiamin (Vit. B1)|1.62 mg
HR008|Riboflavin (Vit. B2)|0.03 mg
HR008|Niasin (Niacin)|0.1 mg
HR009|Air (Water)|36.0 g
HR009|Energi (Energy)|436 Kal
HR009|Protein (Protein)|26.5 g
HR009|Lemak (Fat)|36.3 g
HR009|Karbohidrat (CHO)|0.4 g
HR009|Abu (ASH)|0.8 g
HR009|Kalsium (Ca)|154 mg
HR009|Fosfor (P)|120 mg
HR009|Besi (Fe)|4.3 mg
HR009|Natrium (Na)|77 mg
HR009|Kalium (K)|333.0 mg
HR009|Tembaga (Cu)|0.40 mg
HR009|Seng (Zn)|2.9 mg
HR009|Retinol (Vit. A)|3,987 mcg
HR009|Riboflavin (Vit. B2)|1.00 mg
HR009|Niasin (Niacin)|0.2 mg
HR010|Air (Water)|7.4 g
HR010|Energi (Energy)|136 Kal
HR010|Protein (Protein)|8.6 g
HR010|Lemak (Fat)|10.1 g
HR010|Karbohidrat (CHO)|2.7 g
HR010|Serat (Fibre)|0.0 g
HR010|Abu (ASH)|1.2 g
HR010|Kalsium (Ca)|66 mg
HR010|Fosfor (P)|282 mg
HR010|Besi (Fe)|3.4 mg
HR010|Natrium (Na)|478 mg
HR010|Kalium (K)|115.0 mg
HR010|Tembaga (Cu)|0.50 mg
HR010|Seng (Zn)|1.4 mg
HR010|Retinol (Vit. A)|82 mcg
HR010|Beta-Karoten (Carotenes)|17 mcg
HR010|Thiamin (Vit. B1)|0.21 mg
HR010|Riboflavin (Vit. B2)|0.02 mg
HR010|Niasin (Niacin)|0.0 mg
HR010|Vitamin C (Vit. C)|0 mg
HR011|Air (Water)|79.8 g
HR011|Energi (Energy)|116 Kal
HR011|Protein (Protein)|10.7 g
HR011|Lemak (Fat)|7.0 g
HR011|Karbohidrat (CHO)|1.6 g
HR011|Serat (Fibre)|0.0 g
HR011|Abu (ASH)|0.9 g
HR011|Kalsium (Ca)|65 mg
HR011|Fosfor (P)|191 mg
HR011|Besi (Fe)|3.5 mg
HR011|Natrium (Na)|111 mg
HR011|Kalium (K)|11.0 mg
HR011|Tembaga (Cu)|0.05 mg
HR011|Seng (Zn)|1.2 mg
HR011|Retinol (Vit. A)|95 mcg
HR011|Beta-Karoten (Carotenes)|80 mcg
HR011|Thiamin (Vit. B1)|0.13 mg
HR011|Riboflavin (Vit. B2)|0.65 mg
HR011|Niasin (Niacin)|0.1 mg
HR011|Vitamin C (Vit. C)|0 mg
JP001|Air (Water)|62.1 g
JP001|Energi (Energy)|210 Kal
JP001|Protein (Protein)|4.0 g
JP001|Lemak (Fat)|12.5 g
JP001|Karbohidrat (CHO)|20.6 g
JP001|Serat (Fibre)|0.0 g
JP001|Abu (ASH)|0.8 g
JP001|Kalsium (Ca)|123 mg
JP001|Fosfor (P)|99 mg
JP001|Besi (Fe)|0.1 mg
JP001|Natrium (Na)|78 mg
JP001|Kalium (K)|193.4 mg
JP001|Tembaga (Cu)|0.00 mg
JP001|Seng (Zn)|0.7 mg
JP001|Retinol (Vit. A)|158 mcg
JP001|Beta-Karoten (Carotenes)|0 mcg
JP001|Thiamin (Vit. B1)|0.04 mg
JP001|Riboflavin (Vit. B2)|0.23 mg
JP001|Niasin (Niacin)|0.1 mg
JP001|Vitamin C (Vit. C)|1 mg
JP002|Air (Water)|84.0 g
JP002|Energi (Energy)|65 Kal
JP002|Protein (Protein)|10.0 g
JP002|Lemak (Fat)|1.0 g
JP002|Karbohidrat (CHO)|3.5 g
JP002|Serat (Fibre)|0.0 g
JP002|Abu (ASH)|1.5 g
JP002|Kalsium (Ca)|180 mg
JP002|Fosfor (P)|190 mg
JP002|Besi (Fe)|0.2 mg
JP002|Natrium (Na)|126 mg
JP002|Kalium (K)|374.4 mg
JP002|Tembaga (Cu)|0.00 mg
JP002|Beta-Karoten (Carotenes)|22 mcg
JP002|Thiamin (Vit. B1)|0.03 mg
JP002|Riboflavin (Vit. B2)|0.43 mg
JP002|Niasin (Niacin)|0.2 mg
JP003|Air (Water)|38.5 g
JP003|Energi (Energy)|326 Kal
JP003|Protein (Protein)|22.8 g
JP003|Lemak (Fat)|20.3 g
JP003|Karbohidrat (CHO)|13.1 g
JP003|Serat (Fibre)|0.0 g
JP003|Abu (ASH)|5.3 g
JP003|Kalsium (Ca)|777 mg
JP003|Fosfor (P)|338 mg
JP003|Besi (Fe)|1.5 mg
JP003|Natrium (Na)|1,410 mg
JP003|Kalium (K)|82.7 mg
JP003|Tembaga (Cu)|0.03 mg
JP003|Seng (Zn)|3.1 mg
JP003|Retinol (Vit. A)|227 mcg
JP003|Beta-Karoten (Carotenes)|128 mcg
JP003|Thiamin (Vit. B1)|0.01 mg
JP003|Riboflavin (Vit. B2)|0.37 mg
JP003|Niasin (Niacin)|0.1 mg
JP003|Vitamin C (Vit. C)|1 mg
JP004|Air (Water)|59.0 g
JP004|Energi (Energy)|242 Kal
JP004|Protein (Protein)|19.0 g
JP004|Lemak (Fat)|17.0 g
JP004|Karbohidrat (CHO)|3.0 g
JP004|Serat (Fibre)|0.0 g
JP004|Abu (ASH)|2.0 g
JP004|Kalsium (Ca)|300 mg
JP004|Fosfor (P)|350 mg
JP004|Besi (Fe)|0.5 mg
JP004|Natrium (Na)|37 mg
JP004|Kalium (K)|72.7 mg
JP004|Tembaga (Cu)|0.01 mg
JP004|Seng (Zn)|0.2 mg
JP004|Retinol (Vit. A)|173 mcg
JP004|Beta-Karoten (Carotenes)|0 mcg
JP004|Thiamin (Vit. B1)|0.03 mg
JP004|Riboflavin (Vit. B2)|0.38 mg
JP004|Niasin (Niacin)|0.0 mg
JP005|Air (Water)|2.5 g
JP005|Energi (Energy)|418 Kal
JP005|Protein (Protein)|19.0 g
JP005|Lemak (Fat)|9.0 g
JP005|Karbohidrat (CHO)|65.5 g
JP005|Serat (Fibre)|0.0 g
JP005|Abu (ASH)|4.0 g
JP005|Kalsium (Ca)|800 mg
JP005|Fosfor (P)|600 mg
JP005|Besi (Fe)|7.0 mg
JP005|Natrium (Na)|188 mg
JP005|Kalium (K)|486.5 mg
JP005|Tembaga (Cu)|0.00 mg
JP005|Seng (Zn)|0.0 mg
JP005|Retinol (Vit. A)|303 mcg
JP005|Beta-Karoten (Carotenes)|83 mcg
JP005|Thiamin (Vit. B1)|1.00 mg
JP005|Riboflavin (Vit. B2)|1.31 mg
JP005|Niasin (Niacin)|0.7 mg
JP005|Vitamin C (Vit. C)|30 mg
JP006|Air (Water)|3.5 g
JP006|Energi (Energy)|513 Kal
JP006|Protein (Protein)|24.6 g
JP006|Lemak (Fat)|30.0 g
JP006|Karbohidrat (CHO)|36.2 g
JP006|Serat (Fibre)|0.0 g
JP006|Abu (ASH)|5.7 g
JP006|Kalsium (Ca)|904 mg
JP006|Fosfor (P)|694 mg
JP006|Besi (Fe)|0.6 mg
JP006|Natrium (Na)|380 mg
JP006|Kalium (K)|1,330.0 mg
JP006|Tembaga (Cu)|0.02 mg
JP006|Seng (Zn)|4.1 mg
JP006|Retinol (Vit. A)|476 mcg
JP006|Beta-Karoten (Carotenes)|118 mcg
JP006|Thiamin (Vit. B1)|0.29 mg
JP006|Riboflavin (Vit. B2)|1.39 mg
JP006|Niasin (Niacin)|1.6 mg
JP006|Vitamin C (Vit. C)|6 mg
JP007|Air (Water)|25.0 g
JP007|Energi (Energy)|343 Kal
JP007|Protein (Protein)|8.2 g
JP007|Lemak (Fat)|10.0 g
JP007|Karbohidrat (CHO)|55.0 g
JP007|Serat (Fibre)|0.0 g
JP007|Abu (ASH)|1.8 g
JP007|Kalsium (Ca)|275 mg
JP007|Fosfor (P)|209 mg
JP007|Besi (Fe)|0.2 mg
JP007|Natrium (Na)|150 mg
JP007|Kalium (K)|320.0 mg
JP007|Tembaga (Cu)|0.02 mg
JP007|Seng (Zn)|1.0 mg
JP007|Retinol (Vit. A)|155 mcg
JP007|Beta-Karoten (Carotenes)|46 mcg
JP007|Thiamin (Vit. B1)|0.05 mg
JP007|Riboflavin (Vit. B2)|0.43 mg
JP007|Niasin (Niacin)|0.4 mg
JP007|Vitamin C (Vit. C)|1 mg
JP008|Air (Water)|73.7 g
JP008|Energi (Energy)|138 Kal
JP008|Protein (Protein)|7.0 g
JP008|Lemak (Fat)|7.9 g
JP008|Karbohidrat (CHO)|9.9 g
JP008|Abu (ASH)|1.5 g
JP008|Kalsium (Ca)|243 mg
JP008|Fosfor (P)|195 mg
JP008|Besi (Fe)|0.2 mg
JP008|Natrium (Na)|140 mg
JP008|Kalium (K)|303.0 mg
JP008|Retinol (Vit. A)|121 mcg
JP008|Thiamin (Vit. B1)|0.05 mg
JP008|Niasin (Niacin)|0.0 mg
JP008|Vitamin C (Vit. C)|1 mg
JP009|Air (Water)|3.5 g
JP009|Energi (Energy)|359 Kal
JP009|Protein (Protein)|35.6 g
JP009|Lemak (Fat)|1.0 g
JP009|Karbohidrat (CHO)|52.0 g
JP009|Serat (Fibre)|0.0 g
JP009|Abu (ASH)|7.9 g
JP009|Kalsium (Ca)|1,300 mg
JP009|Fosfor (P)|1,030 mg
JP009|Besi (Fe)|0.6 mg
JP009|Natrium (Na)|470 mg
JP009|Kalium (K)|1,745.0 mg
JP009|Tembaga (Cu)|0.04 mg
JP009|Seng (Zn)|4.1 mg
JP009|Beta-Karoten (Carotenes)|10 mcg
JP009|Thiamin (Vit. B1)|0.35 mg
JP009|Riboflavin (Vit. B2)|1.05 mg
JP009|Niasin (Niacin)|1.2 mg
JP009|Vitamin C (Vit. C)|7 mg
JP010|Air (Water)|90.5 g
JP010|Energi (Energy)|36 Kal
JP010|Protein (Protein)|3.5 g
JP010|Lemak (Fat)|0.1 g
JP010|Karbohidrat (CHO)|5.1 g
JP010|Abu (ASH)|0.8 g
JP010|Kalsium (Ca)|123 mg
JP010|Fosfor (P)|97 mg
JP010|Besi (Fe)|0.1 mg
JP010|Natrium (Na)|38 mg
JP010|Retinol (Vit. A)|0 mcg
JP010|Thiamin (Vit. B1)|0.04 mg
JP010|Vitamin C (Vit. C)|1 mg
JP011|Air (Water)|88.0 g
JP011|Energi (Energy)|52 Kal
JP011|Protein (Protein)|3.3 g
JP011|Lemak (Fat)|2.5 g
JP011|Karbohidrat (CHO)|4.0 g
JP011|Serat (Fibre)|0.0 g
JP011|Abu (ASH)|2.2 g
JP011|Kalsium (Ca)|120 mg
JP011|Fosfor (P)|90 mg
JP011|Besi (Fe)|0.1 mg
JP011|Natrium (Na)|40 mg
JP011|Kalium (K)|299.0 mg
JP011|Tembaga (Cu)|0.01 mg
JP011|Seng (Zn)|0.6 mg
JP011|Retinol (Vit. A)|22 mcg
JP011|Beta-Karoten (Carotenes)|10 mcg
JP011|Thiamin (Vit. B1)|0.04 mg
JP011|Riboflavin (Vit. B2)|0.10 mg
JP011|Niasin (Niacin)|0.2 mg
JP011|Vitamin C (Vit. C)|0 mg
JR001|Air (Water)|72.5 g
JR001|Energi (Energy)|204 Kal
JR001|Protein (Protein)|2.6 g
JR001|Lemak (Fat)|20.0 g
JR001|Karbohidrat (CHO)|4.0 g
JR001|Serat (Fibre)|0.0 g
JR001|Abu (ASH)|0.9 g
JR001|Kalsium (Ca)|97 mg
JR001|Fosfor (P)|77 mg
JR001|Besi (Fe)|0.1 mg
JR001|Retinol (Vit. A)|252 mcg
JR001|Beta-Karoten (Carotenes)|191 mcg
JR001|Thiamin (Vit. B1)|0.03 mg
JR001|Riboflavin (Vit. B2)|0.20 mg
JR001|Niasin (Niacin)|0.1 mg
JR001|Vitamin C (Vit. C)|1 mg
JR002|Air (Water)|88.1 g
JR002|Energi (Energy)|62 Kal
JR002|Protein (Protein)|1.5 g
JR002|Lemak (Fat)|3.2 g
JR002|Karbohidrat (CHO)|7.0 g
JR002|Serat (Fibre)|0.0 g
JR002|Abu (ASH)|0.2 g
JR002|Kalsium (Ca)|34 mg
JR002|Fosfor (P)|20 mg
JR002|Besi (Fe)|0.2 mg
JR002|Natrium (Na)|15 mg
JR002|Kalium (K)|41.0 mg
JR002|Tembaga (Cu)|0.01 mg
JR002|Seng (Zn)|0.4 mg
JR002|Beta-Karoten (Carotenes)|7 mcg
JR002|Thiamin (Vit. B1)|0.01 mg
JR002|Riboflavin (Vit. B2)|0.03 mg
JR002|Niasin (Niacin)|0.2 mg
JR003|Air (Water)|85.9 g
JR003|Energi (Energy)|64 Kal
JR003|Protein (Protein)|4.3 g
JR003|Lemak (Fat)|2.3 g
JR003|Karbohidrat (CHO)|6.6 g
JR003|Serat (Fibre)|0.0 g
JR003|Abu (ASH)|0.9 g
JR003|Kalsium (Ca)|98 mg
JR003|Fosfor (P)|78 mg
JR003|Besi (Fe)|2.7 mg
JR003|Natrium (Na)|35 mg
JR003|Kalium (K)|160.0 mg
JR003|Tembaga (Cu)|0.33 mg
JR003|Seng (Zn)|0.1 mg
JR003|Retinol (Vit. A)|38 mcg
JR003|Beta-Karoten (Carotenes)|0 mcg
JR003|Thiamin (Vit. B1)|0.06 mg
JR003|Riboflavin (Vit. B2)|0.45 mg
JR003|Niasin (Niacin)|0.3 mg
JR003|Vitamin C (Vit. C)|1 mg
JR004|Air (Water)|73.8 g
JR004|Energi (Energy)|160 Kal
JR004|Protein (Protein)|6.3 g
JR004|Lemak (Fat)|12.0 g
JR004|Karbohidrat (CHO)|7.1 g
JR004|Abu (ASH)|0.8 g
JR004|Kalsium (Ca)|216 mg
JR004|Fosfor (P)|101 mg
JR004|Besi (Fe)|0.2 mg
JR004|Natrium (Na)|82 mg
JR004|Seng (Zn)|0.3 mg
JR004|Retinol (Vit. A)|24 mcg
JR004|Thiamin (Vit. B1)|0.04 mg
JR004|Riboflavin (Vit. B2)|0.07 mg
JR004|Vitamin C (Vit. C)|1 mg
JR005|Air (Water)|91.0 g
JR005|Energi (Energy)|40 Kal
JR005|Protein (Protein)|2.0 g
JR005|Lemak (Fat)|1.1 g
JR005|Karbohidrat (CHO)|5.4 g
JR005|Serat (Fibre)|0.0 g
JR005|Abu (ASH)|0.4 g
JR005|Kalium (K)|37.4 mg
JR005|Tembaga (Cu)|0.00 mg
JR005|Seng (Zn)|0.0 mg
JR005|Beta-Karoten (Carotenes)|1 mcg
JR005|Thiamin (Vit. B1)|0.00 mg
JR005|Riboflavin (Vit. B2)|0.20 mg
JR005|Niasin (Niacin)|0.2 mg
JR006|Air (Water)|88.3 g
JR006|Energi (Energy)|61 Kal
JR006|Protein (Protein)|3.2 g
JR006|Lemak (Fat)|3.5 g
JR006|Karbohidrat (CHO)|4.3 g
JR006|Serat (Fibre)|0.0 g
JR006|Abu (ASH)|0.7 g
JR006|Kalsium (Ca)|143 mg
JR006|Fosfor (P)|60 mg
JR006|Besi (Fe)|1.7 mg
JR006|Natrium (Na)|36 mg
JR006|Kalium (K)|149.0 mg
JR006|Tembaga (Cu)|0.02 mg
JR006|Seng (Zn)|0.3 mg
JR006|Retinol (Vit. A)|39 mcg
JR006|Beta-Karoten (Carotenes)|12 mcg
JR006|Thiamin (Vit. B1)|0.03 mg
JR006|Riboflavin (Vit. B2)|0.18 mg
JR006|Niasin (Niacin)|0.2 mg
JR006|Vitamin C (Vit. C)|1 mg
KP001|Air (Water)|15.5 g
KP001|Energi (Energy)|720 Kal
KP001|Protein (Protein)|0.6 g
KP001|Lemak (Fat)|81.0 g
KP001|Karbohidrat (CHO)|0.4 g
KP001|Serat (Fibre)|0.0 g
KP001|Abu (ASH)|2.5 g
KP001|Kalsium (Ca)|20 mg
KP001|Fosfor (P)|16 mg
KP001|Besi (Fe)|0.0 mg
KP001|Natrium (Na)|760 mg
KP001|Kalium (K)|25.9 mg
KP001|Tembaga (Cu)|0.00 mg
KP001|Seng (Zn)|0.0 mg
KP001|Retinol (Vit. A)|606 mcg
KP001|Beta-Karoten (Carotenes)|633 mcg
KP001|Thiamin (Vit. B1)|0.00 mg
KP001|Riboflavin (Vit. B2)|0.00 mg
KP001|Niasin (Niacin)|0.0 mg
KP001|Vitamin C (Vit. C)|0 mg
KP002|Air (Water)|16.0 g
KP002|Energi (Energy)|742 Kal
KP002|Protein (Protein)|0.5 g
KP002|Lemak (Fat)|81.6 g
KP002|Karbohidrat (CHO)|1.4 g
KP002|Serat (Fibre)|0.0 g
KP002|Abu (ASH)|1.9 g
KP002|Kalsium (Ca)|15 mg
KP002|Fosfor (P)|16 mg
KP002|Besi (Fe)|1.1 mg
KP002|Natrium (Na)|653 mg
KP002|Kalium (K)|103.0 mg
KP002|Tembaga (Cu)|0.00 mg
KP002|Seng (Zn)|0.4 mg
KP002|Retinol (Vit. A)|1,000 mcg
KP002|Beta-Karoten (Carotenes)|155 mcg
KP002|Thiamin (Vit. B1)|0.00 mg
KP002|Riboflavin (Vit. B2)|0.10 mg
KP002|Niasin (Niacin)|0.0 mg
KP003|Air (Water)|80.0 g
KP003|Energi (Energy)|122 Kal
KP003|Protein (Protein)|2.0 g
KP003|Lemak (Fat)|10.0 g
KP003|Karbohidrat (CHO)|7.6 g
KP003|Serat (Fibre)|1.4 g
KP003|Abu (ASH)|0.4 g
KP003|Kalsium (Ca)|25 mg
KP003|Fosfor (P)|30 mg
KP003|Besi (Fe)|0.1 mg
KP003|Natrium (Na)|9 mg
KP003|Kalium (K)|162.4 mg
KP003|Tembaga (Cu)|0.16 mg
KP003|Seng (Zn)|0.4 mg
KP003|Retinol (Vit. A)|0 mcg
KP003|Thiamin (Vit. B1)|0.02 mg
KP003|Riboflavin (Vit. B2)|0.00 mg
KP003|Niasin (Niacin)|0.5 mg
KP003|Vitamin C (Vit. C)|2 mg
KP004|Air (Water)|54.9 g
KP004|Energi (Energy)|324 Kal
KP004|Protein (Protein)|4.2 g
KP004|Lemak (Fat)|34.3 g
KP004|Karbohidrat (CHO)|5.6 g
KP004|Serat (Fibre)|0.0 g
KP004|Abu (ASH)|1.0 g
KP004|Kalsium (Ca)|14 mg
KP004|Fosfor (P)|45 mg
KP004|Besi (Fe)|1.9 mg
KP004|Natrium (Na)|18 mg
KP004|Kalium (K)|514.1 mg
KP004|Tembaga (Cu)|0.37 mg
KP004|Seng (Zn)|0.9 mg
KP004|Retinol (Vit. A)|0 mcg
KP004|Beta-Karoten (Carotenes)|0 mcg
KP004|Thiamin (Vit. B1)|0.02 mg
KP004|Riboflavin (Vit. B2)|0.00 mg
KP004|Niasin (Niacin)|0.5 mg
KP004|Vitamin C (Vit. C)|2 mg
KR001|Air (Water)|70.0 g
KR001|Energi (Energy)|180 Kal
KR001|Protein (Protein)|4.0 g
KR001|Lemak (Fat)|15.0 g
KR001|Karbohidrat (CHO)|10.0 g
KR001|Serat (Fibre)|2.4 g
KR001|Abu (ASH)|1.0 g
KR001|Kalsium (Ca)|8 mg
KR001|Fosfor (P)|55 mg
KR001|Besi (Fe)|1.3 mg
KR001|Natrium (Na)|4 mg
KR001|Kalium (K)|317.7 mg
KR001|Tembaga (Cu)|0.29 mg
KR001|Seng (Zn)|2.9 mg
KR001|Beta-Karoten (Carotenes)|0 mcg
KR001|Karoten Total (Re)|10 mcg
KR001|Thiamin (Vit. B1)|0.05 mg
KR001|Riboflavin (Vit. B2)|0.01 mg
KR001|Niasin (Niacin)|0.1 mg
KR001|Vitamin C (Vit. C)|4 mg
KR002|Air (Water)|46.9 g
KR002|Energi (Energy)|359 Kal
KR002|Protein (Protein)|3.4 g
KR002|Lemak (Fat)|34.7 g
KR002|Karbohidrat (CHO)|14.0 g
KR002|Serat (Fibre)|4.7 g
KR002|Abu (ASH)|1.0 g
KR002|Kalsium (Ca)|21 mg
KR002|Fosfor (P)|98 mg
KR002|Besi (Fe)|2.0 mg
KR002|Natrium (Na)|3 mg
KR002|Kalium (K)|293.9 mg
KR002|Tembaga (Cu)|0.44 mg
KR002|Seng (Zn)|1.1 mg
KR002|Retinol (Vit. A)|0 mcg
KR002|Beta-Karoten (Carotenes)|0 mcg
KR002|Thiamin (Vit. B1)|0.10 mg
KR002|Riboflavin (Vit. B2)|0.00 mg
KR002|Niasin (Niacin)|0.0 mg
KR002|Vitamin C (Vit. C)|2 mg
KR003|Air (Water)|0.0 g
KR003|Energi (Energy)|902 Kal
KR003|Protein (Protein)|0.0 g
KR003|Lemak (Fat)|100.0 g
KR003|Karbohidrat (CHO)|0.0 g
KR003|Serat (Fibre)|0.0 g
KR003|Abu (ASH)|0.0 g
KR003|Kalsium (Ca)|0 mg
KR003|Fosfor (P)|0 mg
KR003|Besi (Fe)|0.0 mg
KR003|Natrium (Na)|0 mg
KR003|Kalium (K)|0.0 mg
KR003|Tembaga (Cu)|9.00 mg
KR003|Seng (Zn)|0.1 mg
KR003|Retinol (Vit. A)|0 mcg
KR003|Beta-Karoten (Carotenes)|0 mcg
KR003|Thiamin (Vit. B1)|0.00 mg
KR003|Riboflavin (Vit. B2)|0.00 mg
KR003|Niasin (Niacin)|0.0 mg
KR003|Vitamin C (Vit. C)|0 mg
KR004|Air (Water)|20.0 g
KR004|Energi (Energy)|626 Kal
KR004|Protein (Protein)|9.1 g
KR004|Lemak (Fat)|65.0 g
KR004|Karbohidrat (CHO)|1.1 g
KR004|Serat (Fibre)|0.0 g
KR004|Abu (ASH)|4.8 g
KR004|Kalsium (Ca)|13 mg
KR004|Fosfor (P)|108 mg
KR004|Besi (Fe)|0.8 mg
KR004|Natrium (Na)|0 mg
KR004|Kalium (K)|0.0 mg
KR004|Tembaga (Cu)|0.00 mg
KR004|Seng (Zn)|0.9 mg
KR004|Retinol (Vit. A)|0 mcg
KR004|Beta-Karoten (Carotenes)|0 mcg
KR004|Thiamin (Vit. B1)|0.38 mg
KR004|Riboflavin (Vit. B2)|0.00 mg
KR004|Niasin (Niacin)|0.0 mg
KR004|Vitamin C (Vit. C)|0 mg
KR005|Air (Water)|43.3 g
KR005|Energi (Energy)|372 Kal
KR005|Protein (Protein)|12.0 g
KR005|Lemak (Fat)|29.4 g
KR005|Karbohidrat (CHO)|14.4 g
KR005|Serat (Fibre)|0.0 g
KR005|Abu (ASH)|0.3 g
KR005|Kalsium (Ca)|20 mg
KR005|Fosfor (P)|230 mg
KR005|Besi (Fe)|32.7 mg
KR005|Natrium (Na)|60 mg
KR005|Kalium (K)|52.0 mg
KR005|Tembaga (Cu)|0.40 mg
KR005|Seng (Zn)|1.1 mg
KR005|Thiamin (Vit. B1)|0.49 mg
KR005|Riboflavin (Vit. B2)|0.13 mg
KR006|Air (Water)|5.0 g
KR006|Energi (Energy)|818 Kal
KR006|Protein (Protein)|1.5 g
KR006|Lemak (Fat)|90.0 g
KR006|Karbohidrat (CHO)|0.0 g
KR006|Serat (Fibre)|0.0 g
KR006|Abu (ASH)|3.5 g
KR006|Kalsium (Ca)|0 mg
KR006|Fosfor (P)|0 mg
KR006|Besi (Fe)|0.0 mg
KR006|Natrium (Na)|29 mg
KR006|Kalium (K)|25.8 mg
KR006|Tembaga (Cu)|0.00 mg
KR006|Seng (Zn)|0.0 mg
KR006|Retinol (Vit. A)|0 mcg
KR006|Beta-Karoten (Carotenes)|283 mcg
KR006|Thiamin (Vit. B1)|0.00 mg
KR006|Riboflavin (Vit. B2)|0.00 mg
KR006|Niasin (Niacin)|0.7 mg
KR006|Vitamin C (Vit. C)|0 mg
KR007|Air (Water)|0.0 g
KR007|Energi (Energy)|902 Kal
KR007|Protein (Protein)|0.0 g
KR007|Lemak (Fat)|100.0 g
KR007|Karbohidrat (CHO)|0.0 g
KR007|Serat (Fibre)|0.0 g
KR007|Abu (ASH)|0.0 g
KR007|Kalsium (Ca)|0 mg
KR007|Fosfor (P)|0 mg
KR007|Besi (Fe)|0.0 mg
KR007|Natrium (Na)|0 mg
KR007|Kalium (K)|0.0 mg
KR007|Tembaga (Cu)|0.00 mg
KR007|Seng (Zn)|0.0 mg
KR007|Retinol (Vit. A)|21,212 mcg
KR007|Beta-Karoten (Carotenes)|0 mcg
KR007|Thiamin (Vit. B1)|0.00 mg
KR007|Riboflavin (Vit. B2)|0.00 mg
KR007|Niasin (Niacin)|0.0 mg
KR007|Vitamin C (Vit. C)|0 mg
KR008|Air (Water)|0.0 g
KR008|Energi (Energy)|902 Kal
KR008|Protein (Protein)|0.0 g
KR008|Lemak (Fat)|100.0 g
KR008|Karbohidrat (CHO)|0.0 g
KR008|Serat (Fibre)|0.0 g
KR008|Abu (ASH)|0.0 g
KR008|Kalsium (Ca)|0 mg
KR008|Fosfor (P)|0 mg
KR008|Besi (Fe)|0.0 mg
KR008|Natrium (Na)|0 mg
KR008|Kalium (K)|0.0 mg
KR008|Tembaga (Cu)|0.00 mg
KR008|Seng (Zn)|0.0 mg
KR008|Retinol (Vit. A)|24,242 mcg
KR008|Beta-Karoten (Carotenes)|0 mcg
KR008|Thiamin (Vit. B1)|0.00 mg
KR008|Riboflavin (Vit. B2)|0.00 mg
KR008|Niasin (Niacin)|0.0 mg
KR008|Vitamin C (Vit. C)|0 mg
KR009|Air (Water)|0.0 g
KR009|Energi (Energy)|902 Kal
KR009|Protein (Protein)|0.0 g
KR009|Lemak (Fat)|100.0 g
KR009|Karbohidrat (CHO)|0.0 g
KR009|Serat (Fibre)|0.0 g
KR009|Abu (ASH)|0.0 g
KR009|Kalsium (Ca)|0 mg
KR009|Fosfor (P)|0 mg
KR009|Besi (Fe)|0.0 mg
KR009|Natrium (Na)|0 mg
KR009|Kalium (K)|0.0 mg
KR009|Tembaga (Cu)|0.00 mg
KR009|Seng (Zn)|0.0 mg
KR009|Retinol (Vit. A)|0 mcg
KR009|Beta-Karoten (Carotenes)|0 mcg
KR009|Thiamin (Vit. B1)|0.00 mg
KR009|Riboflavin (Vit. B2)|0.00 mg
KR009|Niasin (Niacin)|0.0 mg
KR009|Vitamin C (Vit. C)|0 mg
KR010|Air (Water)|0.1 g
KR010|Energi (Energy)|883 Kal
KR010|Protein (Protein)|0.0 g
KR010|Lemak (Fat)|99.9 g
KR010|Karbohidrat (CHO)|0.0 g
KR010|Serat (Fibre)|0.0 g
KR010|Abu (ASH)|0.0 g
KR010|Kalsium (Ca)|0 mg
KR010|Fosfor (P)|0 mg
KR010|Besi (Fe)|0.0 mg
KR010|Natrium (Na)|0 mg
KR010|Kalium (K)|0.1 mg
KR010|Tembaga (Cu)|0.00 mg
KR010|Seng (Zn)|0.0 mg
KR010|Retinol (Vit. A)|0 mcg
KR010|Beta-Karoten (Carotenes)|0 mcg
KR010|Thiamin (Vit. B1)|0.00 mg
KR010|Riboflavin (Vit. B2)|0.00 mg
KR010|Niasin (Niacin)|0.0 mg
KR010|Vitamin C (Vit. C)|0 mg
KR011|Air (Water)|0.0 g
KR011|Energi (Energy)|870 Kal
KR011|Protein (Protein)|1.0 g
KR011|Lemak (Fat)|98.0 g
KR011|Karbohidrat (CHO)|0.0 g
KR011|Serat (Fibre)|0.0 g
KR011|Abu (ASH)|1.0 g
KR011|Kalsium (Ca)|0 mg
KR011|Fosfor (P)|0 mg
KR011|Besi (Fe)|0.0 mg
KR011|Natrium (Na)|0 mg
KR011|Kalium (K)|0.0 mg
KR011|Tembaga (Cu)|0.00 mg
KR011|Seng (Zn)|0.0 mg
KR011|Retinol (Vit. A)|0 mcg
KR011|Beta-Karoten (Carotenes)|0 mcg
KR011|Thiamin (Vit. B1)|0.00 mg
KR011|Riboflavin (Vit. B2)|0.00 mg
KR011|Niasin (Niacin)|0.0 mg
KR011|Vitamin C (Vit. C)|0 mg
KR012|Air (Water)|0.0 g
KR012|Energi (Energy)|884 Kal
KR012|Protein (Protein)|0.0 g
KR012|Lemak (Fat)|100.0 g
KR012|Karbohidrat (CHO)|0.0 g
KR012|Serat (Fibre)|0.0 g
KR012|Abu (ASH)|0.0 g
KR012|Kalsium (Ca)|0 mg
KR012|Fosfor (P)|0 mg
KR012|Besi (Fe)|0.0 mg
KR012|Natrium (Na)|0 mg
KR012|Kalium (K)|0.0 mg
KR012|Tembaga (Cu)|0.00 mg
KR012|Seng (Zn)|0.0 mg
KR012|Beta-Karoten (Carotenes)|18,181 mcg
KR012|Thiamin (Vit. B1)|0.00 mg
KR012|Riboflavin (Vit. B2)|0.00 mg
KR012|Niasin (Niacin)|0.0 mg
KR012|Vitamin C (Vit. C)|0 mg
KR013|Air (Water)|0.1 g
KR013|Energi (Energy)|881 Kal
KR013|Protein (Protein)|0.2 g
KR013|Lemak (Fat)|99.7 g
KR013|Karbohidrat (CHO)|0.0 g
KR013|Serat (Fibre)|0.0 g
KR013|Abu (ASH)|0.0 g
KR013|Kalsium (Ca)|10 mg
KR013|Fosfor (P)|5 mg
KR013|Besi (Fe)|0.1 mg
KR013|Natrium (Na)|2 mg
KR013|Kalium (K)|20.0 mg
KR013|Tembaga (Cu)|0.00 mg
KR013|Seng (Zn)|0.0 mg
KR013|Retinol (Vit. A)|0 mcg
KR013|Beta-Karoten (Carotenes)|0 mcg
KR013|Thiamin (Vit. B1)|0.01 mg
KR013|Riboflavin (Vit. B2)|0.07 mg
KR013|Niasin (Niacin)|0.1 mg
KR013|Vitamin C (Vit. C)|0 mg
KR014|Air (Water)|0.0 g
KR014|Energi (Energy)|884 Kal
KR014|Protein (Protein)|0.0 g
KR014|Lemak (Fat)|100.0 g
KR014|Karbohidrat (CHO)|0.0 g
KR014|Serat (Fibre)|0.0 g
KR014|Abu (ASH)|0.0 g
KR014|Kalsium (Ca)|14 mg
KR014|Fosfor (P)|0 mg
KR014|Besi (Fe)|1.2 mg
KR014|Natrium (Na)|7 mg
KR014|Kalium (K)|0.0 mg
KR014|Tembaga (Cu)|0.00 mg
KR014|Seng (Zn)|0.0 mg
KR014|Beta-Karoten (Carotenes)|0 mcg
KR014|Thiamin (Vit. B1)|0.00 mg
KR014|Riboflavin (Vit. B2)|0.00 mg
KR014|Niasin (Niacin)|5.0 mg
MP001|Air (Water)|1.4 g
MP001|Energi (Energy)|527 Kal
MP001|Protein (Protein)|2.0 g
MP001|Lemak (Fat)|29.8 g
MP001|Karbohidrat (CHO)|62.7 g
MP001|Serat (Fibre)|6.5 g
MP001|Abu (ASH)|4.1 g
MP001|Kalsium (Ca)|63 mg
MP001|Fosfor (P)|287 mg
MP001|Besi (Fe)|2.8 mg
MP001|Natrium (Na)|6 mg
MP001|Kalium (K)|499.5 mg
MP001|Tembaga (Cu)|0.00 mg
MP001|Seng (Zn)|0.0 mg
MP001|Karoten Total (Re)|30 mcg
MP001|Thiamin (Vit. B1)|0.03 mg
MP001|Riboflavin (Vit. B2)|0.02 mg
MP001|Niasin (Niacin)|0.0 mg
MP001|Vitamin C (Vit. C)|0 mg
MP002|Air (Water)|2.3 g
MP002|Energi (Energy)|615 Kal
MP002|Protein (Protein)|5.5 g
MP002|Lemak (Fat)|42.6 g
MP002|Karbohidrat (CHO)|29.2 g
MP002|Serat (Fibre)|10.8 g
MP002|Abu (ASH)|10.1 g
MP002|Kalsium (Ca)|98 mg
MP002|Fosfor (P)|446 mg
MP002|Besi (Fe)|4.4 mg
MP002|Natrium (Na)|20 mg
MP002|Kalium (K)|708.3 mg
MP002|Tembaga (Cu)|1.70 mg
MP002|Seng (Zn)|3.3 mg
MP002|Beta-Karoten (Carotenes)|2 mcg
MP002|Karoten Total (Re)|60 mcg
MP002|Thiamin (Vit. B1)|0.05 mg
MP002|Riboflavin (Vit. B2)|0.08 mg
MP002|Niasin (Niacin)|1.0 mg
MP002|Vitamin C (Vit. C)|0 mg
MP003|Air (Water)|1.0 g
MP003|Energi (Energy)|565 Kal
MP003|Protein (Protein)|9.0 g
MP003|Lemak (Fat)|35.0 g
MP003|Karbohidrat (CHO)|53.6 g
MP003|Serat (Fibre)|3.4 g
MP003|Abu (ASH)|1.4 g
MP003|Kalsium (Ca)|200 mg
MP003|Fosfor (P)|200 mg
MP003|Besi (Fe)|2.0 mg
MP003|Natrium (Na)|100 mg
MP003|Kalium (K)|405.5 mg
MP003|Tembaga (Cu)|0.49 mg
MP003|Seng (Zn)|2.3 mg
MP003|Beta-Karoten (Carotenes)|54 mcg
MP003|Karoten Total (Re)|30 mcg
MP003|Thiamin (Vit. B1)|0.08 mg
MP003|Riboflavin (Vit. B2)|0.45 mg
MP003|Niasin (Niacin)|0.5 mg
MP003|Vitamin C (Vit. C)|0 mg
MP004|Air (Water)|3.9 g
MP004|Energi (Energy)|311 Kal
MP004|Protein (Protein)|8.0 g
MP004|Lemak (Fat)|4.0 g
MP004|Karbohidrat (CHO)|48.9 g
MP004|Serat (Fibre)|32.6 g
MP004|Abu (ASH)|15.4 g
MP004|Kalsium (Ca)|125 mg
MP004|Fosfor (P)|715 mg
MP004|Besi (Fe)|11.6 mg
MP004|Karoten Total (Re)|30 mcg
MP004|Thiamin (Vit. B1)|0.12 mg
MP004|Niasin (Niacin)|0.6 mg
MP005|Air (Water)|7.0 g
MP005|Energi (Energy)|368 Kal
MP005|Protein (Protein)|0.0 g
MP005|Lemak (Fat)|0.0 g
MP005|Karbohidrat (CHO)|92.0 g
MP005|Serat (Fibre)|0.0 g
MP005|Abu (ASH)|1.0 g
MP005|Kalsium (Ca)|75 mg
MP005|Fosfor (P)|35 mg
MP005|Besi (Fe)|3.0 mg
MP005|Natrium (Na)|15 mg
MP005|Kalium (K)|390.4 mg
MP005|Tembaga (Cu)|0.04 mg
MP005|Seng (Zn)|26.4 mg
MP005|Retinol (Vit. A)|0 mcg
MP005|Beta-Karoten (Carotenes)|0 mcg
MP005|Thiamin (Vit. B1)|0.00 mg
MP005|Riboflavin (Vit. B2)|0.01 mg
MP005|Niasin (Niacin)|0.5 mg
MP005|Vitamin C (Vit. C)|0 mg
MP006|Air (Water)|10.0 g
MP006|Energi (Energy)|386 Kal
MP006|Protein (Protein)|3.0 g
MP006|Lemak (Fat)|10.0 g
MP006|Karbohidrat (CHO)|76.0 g
MP006|Serat (Fibre)|0.0 g
MP006|Abu (ASH)|1.0 g
MP006|Kalsium (Ca)|76 mg
MP006|Fosfor (P)|37 mg
MP006|Besi (Fe)|2.6 mg
MP006|Natrium (Na)|2 mg
MP006|Kalium (K)|0.0 mg
MP006|Tembaga (Cu)|0.00 mg
MP006|Seng (Zn)|0.0 mg
MP006|Retinol (Vit. A)|0 mcg
MP006|Beta-Karoten (Carotenes)|0 mcg
MP006|Thiamin (Vit. B1)|0.00 mg
MP006|Riboflavin (Vit. B2)|0.34 mg
MP006|Niasin (Niacin)|0.5 mg
MP006|Vitamin C (Vit. C)|0 mg
MP007|Air (Water)|5.4 g
MP007|Energi (Energy)|394 Kal
MP007|Protein (Protein)|0.0 g
MP007|Lemak (Fat)|0.0 g
MP007|Karbohidrat (CHO)|94.0 g
MP007|Serat (Fibre)|0.0 g
MP007|Abu (ASH)|0.6 g
MP007|Kalsium (Ca)|5 mg
MP007|Fosfor (P)|1 mg
MP007|Besi (Fe)|0.1 mg
MP007|Natrium (Na)|1 mg
MP007|Kalium (K)|4.8 mg
MP007|Tembaga (Cu)|0.00 mg
MP007|Seng (Zn)|0.0 mg
MP007|Retinol (Vit. A)|0 mcg
MP007|Beta-Karoten (Carotenes)|0 mcg
MP007|Thiamin (Vit. B1)|0.00 mg
MP007|Riboflavin (Vit. B2)|0.00 mg
MP007|Niasin (Niacin)|0.0 mg
MP007|Vitamin C (Vit. C)|0 mg
MP008|Air (Water)|34.0 g
MP008|Energi (Energy)|239 Kal
MP008|Protein (Protein)|0.5 g
MP008|Lemak (Fat)|0.6 g
MP008|Karbohidrat (CHO)|64.5 g
MP008|Serat (Fibre)|1.0 g
MP008|Abu (ASH)|0.4 g
MP008|Kalsium (Ca)|20 mg
MP008|Fosfor (P)|20 mg
MP008|Besi (Fe)|1.0 mg
MP008|Natrium (Na)|30 mg
MP008|Kalium (K)|73.1 mg
MP008|Tembaga (Cu)|0.09 mg
MP008|Seng (Zn)|0.0 mg
MP008|Retinol (Vit. A)|0 mcg
MP008|Beta-Karoten (Carotenes)|0 mcg
MP008|Thiamin (Vit. B1)|0.01 mg
MP008|Riboflavin (Vit. B2)|0.07 mg
MP008|Niasin (Niacin)|0.0 mg
MP008|Vitamin C (Vit. C)|0 mg
MP009|Air (Water)|2.6 g
MP009|Energi (Energy)|129 Kal
MP009|Protein (Protein)|12.3 g
MP009|Lemak (Fat)|0.5 g
MP009|Karbohidrat (CHO)|35.0 g
MP009|Serat (Fibre)|0.0 g
MP009|Abu (ASH)|9.7 g
MP009|Kalsium (Ca)|179 mg
MP009|Fosfor (P)|383 mg
MP009|Besi (Fe)|5.6 mg
MP009|Natrium (Na)|72 mg
MP009|Kalium (K)|3,256.0 mg
MP009|Tembaga (Cu)|0.14 mg
MP009|Seng (Zn)|0.0 mg
MP009|Beta-Karoten (Carotenes)|0 mcg
MP009|Karoten Total (Re)|0 mcg
MP009|Thiamin (Vit. B1)|0.00 mg
MP009|Riboflavin (Vit. B2)|0.21 mg
MP009|Niasin (Niacin)|30.6 mg
MP009|Vitamin C (Vit. C)|0 mg
MP010|Air (Water)|20.0 g
MP010|Energi (Energy)|294 Kal
MP010|Protein (Protein)|0.3 g
MP010|Lemak (Fat)|0.0 g
MP010|Karbohidrat (CHO)|79.5 g
MP010|Serat (Fibre)|0.2 g
MP010|Abu (ASH)|0.2 g
MP010|Kalsium (Ca)|5 mg
MP010|Fosfor (P)|16 mg
MP010|Besi (Fe)|0.9 mg
MP010|Natrium (Na)|6 mg
MP010|Kalium (K)|26.9 mg
MP010|Tembaga (Cu)|0.04 mg
MP010|Seng (Zn)|0.2 mg
MP010|Retinol (Vit. A)|0 mcg
MP010|Beta-Karoten (Carotenes)|0 mcg
MP010|Thiamin (Vit. B1)|0.00 mg
MP010|Riboflavin (Vit. B2)|0.04 mg
MP010|Niasin (Niacin)|0.1 mg
MP010|Vitamin C (Vit. C)|4 mg
MP011|Air (Water)|46.7 g
MP011|Energi (Energy)|217 Kal
MP011|Protein (Protein)|2.5 g
MP011|Lemak (Fat)|1.0 g
MP011|Karbohidrat (CHO)|49.6 g
MP011|Abu (ASH)|0.2 g
MP011|Kalsium (Ca)|6 mg
MP011|Fosfor (P)|83 mg
MP011|Besi (Fe)|0.6 mg
MP011|Natrium (Na)|14 mg
MP011|Kalium (K)|65.0 mg
MP011|Tembaga (Cu)|0.00 mg
MP011|Seng (Zn)|0.1 mg
MP011|Beta-Karoten (Carotenes)|23 mcg
MP011|Karoten Total (Re)|75 mcg
MP011|Thiamin (Vit. B1)|0.07 mg
MP011|Riboflavin (Vit. B2)|0.02 mg
MP011|Niasin (Niacin)|0.0 mg
MP011|Vitamin C (Vit. C)|14 mg
MP012|Air (Water)|74.4 g
MP012|Energi (Energy)|104 Kal
MP012|Protein (Protein)|1.2 g
MP012|Lemak (Fat)|0.5 g
MP012|Karbohidrat (CHO)|23.7 g
MP012|Abu (ASH)|0.2 g
MP012|Kalsium (Ca)|1 mg
MP012|Fosfor (P)|88 mg
MP012|Besi (Fe)|0.5 mg
MP012|Natrium (Na)|40 mg
MP012|Kalium (K)|40.0 mg
MP012|Tembaga (Cu)|0.00 mg
MP012|Seng (Zn)|0.1 mg
MP012|Beta-Karoten (Carotenes)|7 mcg
MP012|Karoten Total (Re)|40 mcg
MP012|Thiamin (Vit. B1)|0.20 mg
MP012|Riboflavin (Vit. B2)|0.02 mg
MP012|Niasin (Niacin)|0.0 mg
MP012|Vitamin C (Vit. C)|12 mg
MP013|Air (Water)|21.2 g
MP013|Energi (Energy)|276 Kal
MP013|Lemak (Fat)|0.1 g
MP013|Karbohidrat (CHO)|71.0 g
MP013|Serat (Fibre)|0.0 g
MP013|Abu (ASH)|7.7 g
MP013|Kalsium (Ca)|6 mg
MP013|Fosfor (P)|83 mg
MP013|Besi (Fe)|0.6 mg
MP013|Natrium (Na)|14 mg
MP013|Tembaga (Cu)|0.00 mg
MP013|Seng (Zn)|0.3 mg
MP013|Retinol (Vit. A)|0 mcg
MP013|Beta-Karoten (Carotenes)|0 mcg
MP013|Thiamin (Vit. B1)|0.04 mg
MP013|Vitamin C (Vit. C)|0 mg
MP014|Air (Water)|44.0 g
MP014|Energi (Energy)|213 Kal
MP014|Protein (Protein)|0.0 g
MP014|Lemak (Fat)|0.0 g
MP014|Karbohidrat (CHO)|55.0 g
MP014|Serat (Fibre)|0.0 g
MP014|Abu (ASH)|1.0 g
MP014|Kalsium (Ca)|0 mg
MP014|Fosfor (P)|0 mg
MP014|Besi (Fe)|0.0 mg
MP014|Natrium (Na)|3 mg
MP014|Kalium (K)|4.2 mg
MP014|Beta-Karoten (Carotenes)|0 mcg
MP014|Thiamin (Vit. B1)|0.00 mg
MP014|Riboflavin (Vit. B2)|0.00 mg
MP014|Niasin (Niacin)|0.0 mg
MP015|Air (Water)|43.3 g
MP015|Energi (Energy)|228 Kal
MP015|Protein (Protein)|0.2 g
MP015|Lemak (Fat)|0.4 g
MP015|Karbohidrat (CHO)|55.9 g
MP015|Serat (Fibre)|0.0 g
MP015|Abu (ASH)|0.2 g
MP015|Kalsium (Ca)|470 mg
MP015|Fosfor (P)|93 mg
MP015|Besi (Fe)|29.5 mg
MP015|Natrium (Na)|3 mg
MP015|Kalium (K)|4.2 mg
MP015|Beta-Karoten (Carotenes)|0 mcg
MP015|Karoten Total (Re)|0 mcg
MP015|Thiamin (Vit. B1)|0.00 mg
MP015|Riboflavin (Vit. B2)|0.00 mg
MP015|Niasin (Niacin)|0.0 mg
MP015|Vitamin C (Vit. C)|8 mg
MP016|Air (Water)|7.7 g
MP016|Energi (Energy)|300 Kal
MP016|Protein (Protein)|28.3 g
MP016|Lemak (Fat)|4.8 g
MP016|Karbohidrat (CHO)|53.6 g
MP016|Serat (Fibre)|9.6 g
MP016|Abu (ASH)|5.6 g
MP016|Kalsium (Ca)|245 mg
MP016|Fosfor (P)|415 mg
MP016|Besi (Fe)|18.9 mg
MP016|Natrium (Na)|60 mg
MP016|Kalium (K)|5,873.9 mg
MP016|Tembaga (Cu)|0.50 mg
MP016|Seng (Zn)|0.0 mg
MP016|Beta-Karoten (Carotenes)|8,400 mcg
MP016|Thiamin (Vit. B1)|0.38 mg
MP016|Riboflavin (Vit. B2)|1.24 mg
MP016|Niasin (Niacin)|4.6 mg
MP016|Vitamin C (Vit. C)|230 mg
MP017|Air (Water)|8.0 g
MP017|Energi (Energy)|293 Kal
MP017|Protein (Protein)|24.5 g
MP017|Lemak (Fat)|2.8 g
MP017|Karbohidrat (CHO)|58.8 g
MP017|Serat (Fibre)|8.7 g
MP017|Abu (ASH)|5.9 g
MP017|Kalsium (Ca)|327 mg
MP017|Fosfor (P)|313 mg
MP017|Besi (Fe)|24.3 mg
MP017|Natrium (Na)|50 mg
MP017|Kalium (K)|5,854.8 mg
MP017|Tembaga (Cu)|0.00 mg
MP017|Seng (Zn)|0.0 mg
MP017|Retinol (Vit. A)|0 mcg
MP017|Beta-Karoten (Carotenes)|2,700 mcg
MP017|Thiamin (Vit. B1)|0.07 mg
MP017|Riboflavin (Vit. B2)|0.80 mg
MP017|Niasin (Niacin)|7.6 mg
MP017|Vitamin C (Vit. C)|9 mg
MP018|Air (Water)|8.1 g
MP018|Energi (Energy)|299 Kal
MP018|Protein (Protein)|24.1 g
MP018|Lemak (Fat)|3.5 g
MP018|Karbohidrat (CHO)|59.0 g
MP018|Serat (Fibre)|9.7 g
MP018|Abu (ASH)|5.3 g
MP018|Kalsium (Ca)|320 mg
MP018|Fosfor (P)|185 mg
MP018|Besi (Fe)|31.6 mg
MP018|Natrium (Na)|70 mg
MP018|Kalium (K)|5,848.4 mg
MP018|Tembaga (Cu)|0.53 mg
MP018|Seng (Zn)|0.0 mg
MP018|Retinol (Vit. A)|0 mcg
MP018|Beta-Karoten (Carotenes)|8,400 mcg
MP018|Thiamin (Vit. B1)|0.07 mg
MP018|Riboflavin (Vit. B2)|0.79 mg
MP018|Niasin (Niacin)|7.3 mg
MP018|Vitamin C (Vit. C)|85 mg
NP001|Air (Water)|59.9 g
NP001|Energi (Energy)|152 Kal
NP001|Protein (Protein)|13.2 g
NP001|Lemak (Fat)|0.8 g
NP001|Karbohidrat (CHO)|22.9 g
NP001|Serat (Fibre)|1.5 g
NP001|Abu (ASH)|3.6 g
NP001|Kalsium (Ca)|380 mg
NP001|Fosfor (P)|210 mg
NP001|Besi (Fe)|2.9 mg
NP001|Natrium (Na)|120 mg
NP001|Kalium (K)|310.0 mg
NP001|Tembaga (Cu)|0.80 mg
NP001|Seng (Zn)|1.1 mg
NP001|Retinol (Vit. A)|34 mcg
NP001|Beta-Karoten (Carotenes)|0 mcg
NP001|Thiamin (Vit. B1)|0.01 mg
NP001|Riboflavin (Vit. B2)|0.08 mg
NP001|Niasin (Niacin)|0.2 mg
NP002|Air (Water)|65.5 g
NP002|Energi (Energy)|116 Kal
NP002|Protein (Protein)|11.9 g
NP002|Lemak (Fat)|4.9 g
NP002|Karbohidrat (CHO)|6.1 g
NP002|Serat (Fibre)|3.5 g
NP002|Abu (ASH)|11.6 g
NP002|Kalsium (Ca)|704 mg
NP002|Fosfor (P)|757 mg
NP002|Besi (Fe)|7.5 mg
NP002|Natrium (Na)|711 mg
NP002|Kalium (K)|176.0 mg
NP002|Tembaga (Cu)|0.80 mg
NP002|Seng (Zn)|1.9 mg
NP002|Beta-Karoten (Carotenes)|0 mcg
NP002|Thiamin (Vit. B1)|0.00 mg
NP002|Riboflavin (Vit. B2)|0.03 mg
NP002|Niasin (Niacin)|2.1 mg
NP003|Air (Water)|67.1 g
NP003|Energi (Energy)|78 Kal
NP003|Protein (Protein)|11.4 g
NP003|Lemak (Fat)|2.0 g
NP003|Karbohidrat (CHO)|3.6 g
NP003|Serat (Fibre)|0.4 g
NP003|Abu (ASH)|15.9 g
NP003|Kalsium (Ca)|54 mg
NP003|Fosfor (P)|97 mg
NP003|Besi (Fe)|2.6 mg
NP003|Natrium (Na)|4,016 mg
NP003|Kalium (K)|121.0 mg
NP003|Tembaga (Cu)|0.20 mg
NP003|Seng (Zn)|4.8 mg
NP003|Thiamin (Vit. B1)|0.15 mg
NP003|Riboflavin (Vit. B2)|0.12 mg
NP003|Niasin (Niacin)|0.6 mg
NP004|Air (Water)|94.5 g
NP004|Energi (Energy)|21 Kal
NP004|Protein (Protein)|0.1 g
NP004|Lemak (Fat)|0.1 g
NP004|Karbohidrat (CHO)|5.0 g
NP004|Serat (Fibre)|0.0 g
NP004|Abu (ASH)|0.3 g
NP004|Kalsium (Ca)|7 mg
NP004|Fosfor (P)|10 mg
NP004|Besi (Fe)|0.5 mg
NP004|Natrium (Na)|21 mg
NP004|Kalium (K)|37.8 mg
NP004|Tembaga (Cu)|0.00 mg
NP004|Seng (Zn)|0.0 mg
NP004|Beta-Karoten (Carotenes)|0 mcg
NP004|Thiamin (Vit. B1)|0.24 mg
NP004|Riboflavin (Vit. B2)|0.00 mg
NP004|Niasin (Niacin)|0.7 mg
NP005|Air (Water)|63.0 g
NP005|Energi (Energy)|71 Kal
NP005|Protein (Protein)|5.7 g
NP005|Lemak (Fat)|1.3 g
NP005|Karbohidrat (CHO)|9.0 g
NP005|Serat (Fibre)|0.0 g
NP005|Abu (ASH)|21.0 g
NP005|Kalsium (Ca)|123 mg
NP005|Fosfor (P)|96 mg
NP005|Besi (Fe)|5.7 mg
NP005|Natrium (Na)|1,114 mg
NP005|Tembaga (Cu)|0.04 mg
NP005|Retinol (Vit. A)|0 mcg
NP005|Thiamin (Vit. B1)|0.00 mg
NP005|Vitamin C (Vit. C)|0 mg
NP006|Air (Water)|56.0 g
NP006|Energi (Energy)|165 Kal
NP006|Protein (Protein)|20.0 g
NP006|Lemak (Fat)|0.2 g
NP006|Karbohidrat (CHO)|20.8 g
NP006|Abu (ASH)|3.0 g
NP006|Kalsium (Ca)|37 mg
NP006|Fosfor (P)|36 mg
NP006|Besi (Fe)|2.8 mg
NP006|Karoten Total (Re)|0 mcg
NP006|Thiamin (Vit. B1)|0.01 mg
NP006|Riboflavin (Vit. B2)|0.20 mg
NP006|Niasin (Niacin)|0.8 mg
NP006|Vitamin C (Vit. C)|0 mg
NP007|Air (Water)|8.3 g
NP007|Energi (Energy)|345 Kal
NP007|Protein (Protein)|23.8 g
NP007|Lemak (Fat)|1.4 g
NP007|Karbohidrat (CHO)|59.3 g
NP007|Serat (Fibre)|0.0 g
NP007|Abu (ASH)|7.1 g
NP007|Kalsium (Ca)|221 mg
NP007|Fosfor (P)|397 mg
NP007|Besi (Fe)|3.8 mg
NP007|Natrium (Na)|11,998 mg
NP007|Kalium (K)|462.8 mg
NP007|Tembaga (Cu)|0.75 mg
NP007|Seng (Zn)|1.9 mg
NP007|Beta-Karoten (Carotenes)|0 mcg
NP007|Karoten Total (Re)|232 mcg
NP007|Thiamin (Vit. B1)|1.02 mg
NP007|Riboflavin (Vit. B2)|0.40 mg
NP007|Niasin (Niacin)|2.2 mg
NP007|Vitamin C (Vit. C)|0 mg
NP008|Air (Water)|39.0 g
NP008|Energi (Energy)|220 Kal
NP008|Protein (Protein)|15.0 g
NP008|Lemak (Fat)|0.9 g
NP008|Karbohidrat (CHO)|38.0 g
NP008|Serat (Fibre)|2.3 g
NP008|Abu (ASH)|7.1 g
NP008|Kalsium (Ca)|37 mg
NP008|Fosfor (P)|36 mg
NP008|Besi (Fe)|2.8 mg
NP008|Natrium (Na)|7,981 mg
NP008|Kalium (K)|307.9 mg
NP008|Tembaga (Cu)|0.50 mg
NP008|Seng (Zn)|1.3 mg
NP008|Beta-Karoten (Carotenes)|0 mcg
NP008|Karoten Total (Re)|0 mcg
NP008|Thiamin (Vit. B1)|0.01 mg
NP008|Riboflavin (Vit. B2)|0.13 mg
NP008|Niasin (Niacin)|1.7 mg
NP008|Vitamin C (Vit. C)|0 mg
NP009|Air (Water)|69.5 g
NP009|Energi (Energy)|110 Kal
NP009|Protein (Protein)|2.0 g
NP009|Lemak (Fat)|0.4 g
NP009|Karbohidrat (CHO)|24.5 g
NP009|Serat (Fibre)|0.9 g
NP009|Abu (ASH)|3.6 g
NP009|Kalsium (Ca)|12 mg
NP009|Fosfor (P)|18 mg
NP009|Besi (Fe)|0.8 mg
NP009|Natrium (Na)|890 mg
NP009|Kalium (K)|129.6 mg
NP009|Tembaga (Cu)|0.18 mg
NP009|Seng (Zn)|0.3 mg
NP009|Beta-Karoten (Carotenes)|357 mcg
NP009|Karoten Total (Re)|570 mcg
NP009|Thiamin (Vit. B1)|0.09 mg
NP009|Riboflavin (Vit. B2)|0.06 mg
NP009|Niasin (Niacin)|1.7 mg
NP009|Vitamin C (Vit. C)|11 mg
NP010|Air (Water)|70.1 g
NP010|Energi (Energy)|110 Kal
NP010|Protein (Protein)|1.7 g
NP010|Lemak (Fat)|1.3 g
NP010|Karbohidrat (CHO)|21.9 g
NP010|Serat (Fibre)|2.6 g
NP010|Abu (ASH)|5.0 g
NP010|Kalsium (Ca)|190 mg
NP010|Fosfor (P)|45 mg
NP010|Besi (Fe)|2.9 mg
NP010|Natrium (Na)|597 mg
NP010|Kalium (K)|486.3 mg
NP010|Beta-Karoten (Carotenes)|71 mcg
NP010|Thiamin (Vit. B1)|0.30 mg
NP010|Riboflavin (Vit. B2)|0.04 mg
NP010|Niasin (Niacin)|1.1 mg
NP010|Vitamin C (Vit. C)|0 mg
NP011|Air (Water)|33.8 g
NP011|Energi (Energy)|155 Kal
NP011|Protein (Protein)|22.3 g
NP011|Lemak (Fat)|2.9 g
NP011|Karbohidrat (CHO)|9.9 g
NP011|Serat (Fibre)|2.7 g
NP011|Abu (ASH)|31.1 g
NP011|Kalsium (Ca)|3,812 mg
NP011|Fosfor (P)|726 mg
NP011|Besi (Fe)|78.5 mg
NP011|Natrium (Na)|1,664 mg
NP011|Kalium (K)|821.4 mg
NP011|Tembaga (Cu)|0.99 mg
NP011|Seng (Zn)|2.4 mg
NP011|Beta-Karoten (Carotenes)|0 mcg
NP011|Karoten Total (Re)|0 mcg
NP011|Thiamin (Vit. B1)|0.24 mg
NP011|Riboflavin (Vit. B2)|0.00 mg
NP011|Niasin (Niacin)|3.3 mg
NP011|Vitamin C (Vit. C)|0 mg
NP012|Air (Water)|58.4 g
NP012|Energi (Energy)|191 Kal
NP012|Protein (Protein)|33.1 g
NP012|Lemak (Fat)|3.6 g
NP012|Karbohidrat (CHO)|6.6 g
NP012|Serat (Fibre)|1.6 g
NP012|Abu (ASH)|11.5 g
NP012|Kalsium (Ca)|2,250 mg
NP012|Fosfor (P)|1,130 mg
NP012|Besi (Fe)|22.9 mg
NP012|Natrium (Na)|650 mg
NP012|Kalium (K)|1,260.0 mg
NP012|Tembaga (Cu)|2.90 mg
NP012|Seng (Zn)|5.0 mg
NP012|Beta-Karoten (Carotenes)|0 mcg
NP012|Thiamin (Vit. B1)|3.74 mg
NP012|Riboflavin (Vit. B2)|0.22 mg
NP012|Niasin (Niacin)|2.0 mg
NP013|Air (Water)|40.0 g
NP013|Energi (Energy)|174 Kal
NP013|Protein (Protein)|30.0 g
NP013|Lemak (Fat)|3.5 g
NP013|Karbohidrat (CHO)|5.6 g
NP013|Serat (Fibre)|2.2 g
NP013|Abu (ASH)|20.4 g
NP013|Kalsium (Ca)|100 mg
NP013|Fosfor (P)|150 mg
NP013|Besi (Fe)|3.1 mg
NP013|Natrium (Na)|7,850 mg
NP013|Kalium (K)|302.8 mg
NP013|Tembaga (Cu)|0.49 mg
NP013|Seng (Zn)|1.2 mg
NP013|Beta-Karoten (Carotenes)|0 mcg
NP013|Karoten Total (Re)|0 mcg
NP013|Thiamin (Vit. B1)|0.00 mg
NP013|Riboflavin (Vit. B2)|0.12 mg
NP013|Niasin (Niacin)|1.7 mg
NP013|Vitamin C (Vit. C)|0 mg
NR001|Air (Water)|66.1 g
NR001|Energi (Energy)|130 Kal
NR001|Protein (Protein)|0.5 g
NR001|Lemak (Fat)|1.1 g
NR001|Karbohidrat (CHO)|30.9 g
NR001|Serat (Fibre)|1.5 g
NR001|Abu (ASH)|1.4 g
NR001|Kalsium (Ca)|79 mg
NR001|Fosfor (P)|113 mg
NR001|Besi (Fe)|4.3 mg
NR001|Natrium (Na)|13 mg
NR001|Tembaga (Cu)|0.00 mg
NR001|Beta-Karoten (Carotenes)|745 mcg
NR001|Karoten Total (Re)|0 mcg
NR001|Thiamin (Vit. B1)|0.01 mg
NR001|Riboflavin (Vit. B2)|0.20 mg
NR001|Niasin (Niacin)|0.0 mg
NR001|Vitamin C (Vit. C)|0 mg
NR002|Air (Water)|75.9 g
NR002|Energi (Energy)|99 Kal
NR002|Protein (Protein)|0.8 g
NR002|Lemak (Fat)|1.6 g
NR002|Karbohidrat (CHO)|20.3 g
NR002|Serat (Fibre)|2.8 g
NR002|Abu (ASH)|1.4 g
NR002|Kalsium (Ca)|69 mg
NR002|Fosfor (P)|300 mg
NR002|Besi (Fe)|4.6 mg
NR002|Natrium (Na)|2 mg
NR002|Kalium (K)|95.7 mg
NR002|Tembaga (Cu)|0.00 mg
NR002|Seng (Zn)|0.1 mg
NR002|Beta-Karoten (Carotenes)|529 mcg
NR002|Karoten Total (Re)|0 mcg
NR002|Thiamin (Vit. B1)|0.01 mg
NR002|Riboflavin (Vit. B2)|0.34 mg
NR002|Niasin (Niacin)|1.6 mg
NR002|Vitamin C (Vit. C)|0 mg
NR003|Air (Water)|32.2 g
NR003|Energi (Energy)|261 Kal
NR003|Protein (Protein)|0.9 g
NR003|Lemak (Fat)|1.6 g
NR003|Karbohidrat (CHO)|63.3 g
NR003|Serat (Fibre)|5.0 g
NR003|Abu (ASH)|2.0 g
NR003|Kalsium (Ca)|192 mg
NR003|Fosfor (P)|657 mg
NR003|Besi (Fe)|4.4 mg
NR003|Natrium (Na)|26 mg
NR003|Kalium (K)|341.4 mg
NR003|Tembaga (Cu)|0.40 mg
NR003|Seng (Zn)|0.3 mg
NR003|Beta-Karoten (Carotenes)|0 mcg
NR003|Karoten Total (Re)|0 mcg
NR003|Thiamin (Vit. B1)|0.00 mg
NR003|Riboflavin (Vit. B2)|0.00 mg
NR003|Niasin (Niacin)|0.4 mg
NR003|Vitamin C (Vit. C)|0 mg
NR004|Air (Water)|81.5 g
NR004|Energi (Energy)|75 Kal
NR004|Protein (Protein)|0.2 g
NR004|Lemak (Fat)|1.1 g
NR004|Karbohidrat (CHO)|16.1 g
NR004|Serat (Fibre)|3.4 g
NR004|Abu (ASH)|1.1 g
NR004|Kalsium (Ca)|63 mg
NR004|Fosfor (P)|139 mg
NR004|Besi (Fe)|2.5 mg
NR004|Natrium (Na)|93 mg
NR004|Kalium (K)|93.2 mg
NR004|Tembaga (Cu)|0.10 mg
NR004|Seng (Zn)|0.1 mg
NR004|Beta-Karoten (Carotenes)|41 mcg
NR004|Karoten Total (Re)|0 mcg
NR004|Thiamin (Vit. B1)|0.01 mg
NR004|Riboflavin (Vit. B2)|0.00 mg
NR004|Niasin (Niacin)|0.1 mg
NR004|Vitamin C (Vit. C)|0 mg
NR005|Air (Water)|31.4 g
NR005|Energi (Energy)|267 Kal
NR005|Protein (Protein)|2.8 g
NR005|Lemak (Fat)|0.6 g
NR005|Karbohidrat (CHO)|62.5 g
NR005|Serat (Fibre)|1.2 g
NR005|Abu (ASH)|2.7 g
NR005|Kalsium (Ca)|74 mg
NR005|Fosfor (P)|113 mg
NR005|Besi (Fe)|0.6 mg
NR005|Natrium (Na)|9 mg
NR005|Kalium (K)|139.5 mg
NR005|Tembaga (Cu)|0.09 mg
NR005|Seng (Zn)|0.1 mg
NR005|Beta-Karoten (Carotenes)|9 mcg
NR005|Karoten Total (Re)|30 mcg
NR005|Thiamin (Vit. B1)|0.34 mg
NR005|Riboflavin (Vit. B2)|0.04 mg
NR005|Niasin (Niacin)|0.7 mg
NR005|Vitamin C (Vit. C)|2 mg
NR006|Air (Water)|65.1 g
NR006|Energi (Energy)|135 Kal
NR006|Protein (Protein)|0.8 g
NR006|Lemak (Fat)|0.4 g
NR006|Karbohidrat (CHO)|32.1 g
NR006|Serat (Fibre)|10.0 g
NR006|Abu (ASH)|1.6 g
NR006|Kalsium (Ca)|60 mg
NR006|Fosfor (P)|39 mg
NR006|Besi (Fe)|5.7 mg
NR006|Natrium (Na)|0 mg
NR006|Karoten Total (Re)|0 mcg
NR006|Thiamin (Vit. B1)|0.00 mg
NR006|Vitamin C (Vit. C)|0 mg
NR007|Air (Water)|88.0 g
NR007|Energi (Energy)|46 Kal
NR007|Protein (Protein)|1.5 g
NR007|Lemak (Fat)|0.3 g
NR007|Karbohidrat (CHO)|9.2 g
NR007|Serat (Fibre)|1.7 g
NR007|Abu (ASH)|1.0 g
NR007|Kalsium (Ca)|36 mg
NR007|Fosfor (P)|40 mg
NR007|Besi (Fe)|0.8 mg
NR007|Natrium (Na)|7 mg
NR007|Kalium (K)|178.6 mg
NR007|Tembaga (Cu)|0.06 mg
NR007|Seng (Zn)|0.2 mg
NR007|Beta-Karoten (Carotenes)|2 mcg
NR007|Thiamin (Vit. B1)|0.03 mg
NR007|Riboflavin (Vit. B2)|0.04 mg
NR007|Niasin (Niacin)|0.2 mg
NR007|Vitamin C (Vit. C)|2 mg
NR008|Air (Water)|71.0 g
NR008|Energi (Energy)|112 Kal
NR008|Protein (Protein)|4.5 g
NR008|Lemak (Fat)|0.2 g
NR008|Karbohidrat (CHO)|23.1 g
NR008|Serat (Fibre)|0.6 g
NR008|Abu (ASH)|1.8 g
NR008|Kalsium (Ca)|42 mg
NR008|Fosfor (P)|134 mg
NR008|Besi (Fe)|1.0 mg
NR008|Natrium (Na)|46 mg
NR008|Kalium (K)|665.7 mg
NR008|Tembaga (Cu)|0.09 mg
NR008|Seng (Zn)|0.4 mg
NR008|Beta-Karoten (Carotenes)|0 mcg
NR008|Thiamin (Vit. B1)|0.22 mg
NR008|Riboflavin (Vit. B2)|0.07 mg
NR008|Niasin (Niacin)|0.3 mg
NR008|Vitamin C (Vit. C)|15 mg
NR009|Air (Water)|90.0 g
NR009|Energi (Energy)|40 Kal
NR009|Protein (Protein)|1.0 g
NR009|Lemak (Fat)|0.8 g
NR009|Karbohidrat (CHO)|7.2 g
NR009|Serat (Fibre)|1.0 g
NR009|Abu (ASH)|1.0 g
NR009|Kalsium (Ca)|50 mg
NR009|Fosfor (P)|50 mg
NR009|Besi (Fe)|2.0 mg
NR009|Natrium (Na)|33 mg
NR009|Kalium (K)|480.0 mg
NR009|Tembaga (Cu)|0.02 mg
NR009|Seng (Zn)|0.3 mg
NR009|Beta-Karoten (Carotenes)|0 mcg
NR009|Karoten Total (Re)|5,000 mcg
NR009|Thiamin (Vit. B1)|0.08 mg
NR009|Riboflavin (Vit. B2)|0.68 mg
NR009|Niasin (Niacin)|1.7 mg
NR009|Vitamin C (Vit. C)|50 mg
NR010|Air (Water)|93.0 g
NR010|Energi (Energy)|26 Kal
NR010|Protein (Protein)|1.0 g
NR010|Lemak (Fat)|0.3 g
NR010|Karbohidrat (CHO)|4.7 g
NR010|Serat (Fibre)|1.1 g
NR010|Abu (ASH)|1.0 g
NR010|Kalsium (Ca)|50 mg
NR010|Fosfor (P)|50 mg
NR010|Besi (Fe)|2.0 mg
NR010|Natrium (Na)|24 mg
NR010|Kalium (K)|137.1 mg
NR010|Tembaga (Cu)|0.07 mg
NR010|Seng (Zn)|0.3 mg
NR010|Beta-Karoten (Carotenes)|5 mcg
NR010|Karoten Total (Re)|5,000 mcg
NR010|Thiamin (Vit. B1)|0.08 mg
NR010|Riboflavin (Vit. B2)|0.06 mg
NR010|Niasin (Niacin)|0.3 mg
NR010|Vitamin C (Vit. C)|50 mg
NR011|Air (Water)|90.8 g
NR011|Energi (Energy)|38 Kal
NR011|Protein (Protein)|1.6 g
NR011|Lemak (Fat)|0.8 g
NR011|Karbohidrat (CHO)|6.3 g
NR011|Serat (Fibre)|1.6 g
NR011|Abu (ASH)|0.6 g
NR011|Kalsium (Ca)|49 mg
NR011|Fosfor (P)|41 mg
NR011|Besi (Fe)|1.1 mg
NR011|Natrium (Na)|7 mg
NR011|Kalium (K)|275.3 mg
NR011|Tembaga (Cu)|0.12 mg
NR011|Seng (Zn)|0.2 mg
NR011|Beta-Karoten (Carotenes)|5,897 mcg
NR011|Karoten Total (Re)|3,240 mcg
NR011|Thiamin (Vit. B1)|0.21 mg
NR011|Riboflavin (Vit. B2)|0.12 mg
NR011|Niasin (Niacin)|0.0 mg
NR011|Vitamin C (Vit. C)|16 mg
NR012|Air (Water)|93.4 g
NR012|Energi (Energy)|26 Kal
NR012|Protein (Protein)|0.7 g
NR012|Lemak (Fat)|0.3 g
NR012|Karbohidrat (CHO)|5.2 g
NR012|Serat (Fibre)|2.6 g
NR012|Abu (ASH)|0.4 g
NR012|Kalsium (Ca)|14 mg
NR012|Fosfor (P)|23 mg
NR012|Besi (Fe)|0.4 mg
NR012|Natrium (Na)|7 mg
NR012|Kalium (K)|151.0 mg
NR012|Tembaga (Cu)|0.08 mg
NR012|Seng (Zn)|0.2 mg
NR012|Beta-Karoten (Carotenes)|44 mcg
NR012|Karoten Total (Re)|260 mcg
NR012|Thiamin (Vit. B1)|0.05 mg
NR012|Riboflavin (Vit. B2)|0.06 mg
NR012|Niasin (Niacin)|0.4 mg
NR012|Vitamin C (Vit. C)|84 mg
NR013|Air (Water)|10.0 g
NR013|Energi (Energy)|367 Kal
NR013|Protein (Protein)|15.9 g
NR013|Lemak (Fat)|6.2 g
NR013|Karbohidrat (CHO)|61.8 g
NR013|Serat (Fibre)|26.9 g
NR013|Abu (ASH)|6.1 g
NR013|Kalsium (Ca)|160 mg
NR013|Fosfor (P)|370 mg
NR013|Besi (Fe)|2.3 mg
NR013|Natrium (Na)|25 mg
NR013|Kalium (K)|181.5 mg
NR013|Tembaga (Cu)|1.20 mg
NR013|Seng (Zn)|1.8 mg
NR013|Beta-Karoten (Carotenes)|10,955 mcg
NR013|Karoten Total (Re)|576 mcg
NR013|Thiamin (Vit. B1)|0.40 mg
NR013|Riboflavin (Vit. B2)|1.36 mg
NR013|Niasin (Niacin)|4.4 mg
NR013|Vitamin C (Vit. C)|50 mg
NR014|Air (Water)|90.9 g
NR014|Energi (Energy)|36 Kal
NR014|Protein (Protein)|1.0 g
NR014|Lemak (Fat)|0.3 g
NR014|Karbohidrat (CHO)|7.3 g
NR014|Serat (Fibre)|1.4 g
NR014|Abu (ASH)|0.5 g
NR014|Kalsium (Ca)|29 mg
NR014|Fosfor (P)|24 mg
NR014|Besi (Fe)|0.5 mg
NR014|Natrium (Na)|23 mg
NR014|Kalium (K)|272.4 mg
NR014|Tembaga (Cu)|0.12 mg
NR014|Seng (Zn)|0.2 mg
NR014|Beta-Karoten (Carotenes)|5,833 mcg
NR014|Karoten Total (Re)|470 mcg
NR014|Thiamin (Vit. B1)|0.05 mg
NR014|Riboflavin (Vit. B2)|0.09 mg
NR014|Niasin (Niacin)|3.0 mg
NR014|Vitamin C (Vit. C)|18 mg
NR015|Air (Water)|71.2 g
NR015|Energi (Energy)|120 Kal
NR015|Protein (Protein)|4.7 g
NR015|Lemak (Fat)|2.4 g
NR015|Karbohidrat (CHO)|19.9 g
NR015|Serat (Fibre)|15.2 g
NR015|Abu (ASH)|1.8 g
NR015|Kalsium (Ca)|45 mg
NR015|Fosfor (P)|85 mg
NR015|Besi (Fe)|2.5 mg
NR015|Natrium (Na)|34 mg
NR015|Kalium (K)|706.2 mg
NR015|Tembaga (Cu)|0.29 mg
NR015|Seng (Zn)|0.6 mg
NR015|Beta-Karoten (Carotenes)|1,694 mcg
NR015|Karoten Total (Re)|11,050 mcg
NR015|Thiamin (Vit. B1)|0.24 mg
NR015|Riboflavin (Vit. B2)|0.09 mg
NR015|Niasin (Niacin)|1.7 mg
NR015|Vitamin C (Vit. C)|70 mg
NR016|Air (Water)|23.3 g
NR016|Energi (Energy)|330 Kal
NR016|Protein (Protein)|5.2 g
NR016|Lemak (Fat)|8.9 g
NR016|Karbohidrat (CHO)|57.4 g
NR016|Serat (Fibre)|10.0 g
NR016|Abu (ASH)|5.2 g
NR016|Kalsium (Ca)|740 mg
NR016|Fosfor (P)|100 mg
NR016|Besi (Fe)|4.9 mg
NR016|Natrium (Na)|282 mg
NR016|Kalium (K)|961.0 mg
NR016|Tembaga (Cu)|0.30 mg
NR016|Seng (Zn)|0.0 mg
NR016|Beta-Karoten (Carotenes)|265 mcg
NR016|Thiamin (Vit. B1)|200.00 mg
NR016|Riboflavin (Vit. B2)|0.00 mg
NR016|Niasin (Niacin)|0.0 mg
NR017|Air (Water)|13.1 g
NR017|Energi (Energy)|301 Kal
NR017|Protein (Protein)|14.2 g
NR017|Lemak (Fat)|10.9 g
NR017|Karbohidrat (CHO)|49.0 g
NR017|Serat (Fibre)|9.4 g
NR017|Abu (ASH)|12.8 g
NR017|Kalsium (Ca)|86 mg
NR017|Fosfor (P)|250 mg
NR017|Besi (Fe)|44.1 mg
NR017|Natrium (Na)|180 mg
NR017|Kalium (K)|619.0 mg
NR017|Tembaga (Cu)|1.31 mg
NR017|Seng (Zn)|0.7 mg
NR017|Retinol (Vit. A)|0 mcg
NR017|Beta-Karoten (Carotenes)|5,400 mcg
NR017|Thiamin (Vit. B1)|0.10 mg
NR017|Riboflavin (Vit. B2)|0.32 mg
NR017|Niasin (Niacin)|5.0 mg
NR017|Vitamin C (Vit. C)|0 mg
NR018|Air (Water)|55.0 g
NR018|Energi (Energy)|51 Kal
NR018|Protein (Protein)|1.5 g
NR018|Lemak (Fat)|1.0 g
NR018|Karbohidrat (CHO)|10.1 g
NR018|Serat (Fibre)|12.0 g
NR018|Abu (ASH)|1.2 g
NR018|Kalsium (Ca)|21 mg
NR018|Fosfor (P)|39 mg
NR018|Besi (Fe)|1.6 mg
NR018|Natrium (Na)|12 mg
NR018|Kalium (K)|441.7 mg
NR018|Tembaga (Cu)|0.48 mg
NR018|Seng (Zn)|0.7 mg
NR018|Beta-Karoten (Carotenes)|0 mcg
NR018|Karoten Total (Re)|9 mcg
NR018|Thiamin (Vit. B1)|0.02 mg
NR018|Riboflavin (Vit. B2)|0.17 mg
NR018|Niasin (Niacin)|3.3 mg
NR018|Vitamin C (Vit. C)|4 mg
NR019|Air (Water)|7.0 g
NR019|Energi (Energy)|675 Kal
NR019|Protein (Protein)|19.0 g
NR019|Lemak (Fat)|63.0 g
NR019|Karbohidrat (CHO)|8.0 g
NR019|Serat (Fibre)|3.0 g
NR019|Abu (ASH)|3.0 g
NR019|Kalsium (Ca)|80 mg
NR019|Fosfor (P)|200 mg
NR019|Besi (Fe)|2.0 mg
NR019|Natrium (Na)|25 mg
NR019|Kalium (K)|430.7 mg
NR019|Tembaga (Cu)|0.23 mg
NR019|Seng (Zn)|0.8 mg
NR019|Beta-Karoten (Carotenes)|0 mcg
NR019|Karoten Total (Re)|0 mcg
NR019|Thiamin (Vit. B1)|0.06 mg
NR019|Riboflavin (Vit. B2)|0.06 mg
NR019|Niasin (Niacin)|0.4 mg
NR019|Vitamin C (Vit. C)|0 mg
NR020|Air (Water)|11.2 g
NR020|Energi (Energy)|418 Kal
NR020|Protein (Protein)|14.1 g
NR020|Lemak (Fat)|16.1 g
NR020|Karbohidrat (CHO)|54.2 g
NR020|Serat (Fibre)|12.3 g
NR020|Abu (ASH)|4.4 g
NR020|Kalsium (Ca)|630 mg
NR020|Fosfor (P)|370 mg
NR020|Besi (Fe)|17.9 mg
NR020|Natrium (Na)|91 mg
NR020|Kalium (K)|1,787.0 mg
NR020|Tembaga (Cu)|0.95 mg
NR020|Seng (Zn)|4.6 mg
NR020|Beta-Karoten (Carotenes)|75 mcg
NR020|Karoten Total (Re)|1,570 mcg
NR020|Thiamin (Vit. B1)|0.20 mg
NR020|Riboflavin (Vit. B2)|0.35 mg
NR020|Niasin (Niacin)|1.8 mg
NR020|Vitamin C (Vit. C)|0 mg
NR021|Air (Water)|51.0 g
NR021|Energi (Energy)|310 Kal
NR021|Protein (Protein)|10.0 g
NR021|Lemak (Fat)|24.0 g
NR021|Karbohidrat (CHO)|13.5 g
NR021|Abu (ASH)|1.5 g
NR021|Kalsium (Ca)|40 mg
NR021|Fosfor (P)|100 mg
NR021|Besi (Fe)|2.0 mg
NR021|Karoten Total (Re)|0 mcg
NR021|Thiamin (Vit. B1)|0.15 mg
NR021|Vitamin C (Vit. C)|30 mg
NR022|Air (Water)|84.9 g
NR022|Energi (Energy)|69 Kal
NR022|Protein (Protein)|2.0 g
NR022|Lemak (Fat)|2.7 g
NR022|Karbohidrat (CHO)|9.1 g
NR022|Serat (Fibre)|0.6 g
NR022|Abu (ASH)|1.3 g
NR022|Kalsium (Ca)|24 mg
NR022|Fosfor (P)|78 mg
NR022|Besi (Fe)|3.3 mg
NR022|Natrium (Na)|6 mg
NR022|Kalium (K)|406.7 mg
NR022|Tembaga (Cu)|0.05 mg
NR022|Seng (Zn)|0.4 mg
NR022|Beta-Karoten (Carotenes)|12 mcg
NR022|Thiamin (Vit. B1)|0.03 mg
NR022|Riboflavin (Vit. B2)|0.02 mg
NR022|Niasin (Niacin)|0.4 mg
NR022|Vitamin C (Vit. C)|1 mg
NR023|Air (Water)|12.9 g
NR023|Energi (Energy)|365 Kal
NR023|Protein (Protein)|11.5 g
NR023|Lemak (Fat)|6.8 g
NR023|Karbohidrat (CHO)|64.4 g
NR023|Serat (Fibre)|1.0 g
NR023|Abu (ASH)|4.4 g
NR023|Kalsium (Ca)|460 mg
NR023|Fosfor (P)|200 mg
NR023|Besi (Fe)|16.4 mg
NR023|Natrium (Na)|4 mg
NR023|Kalium (K)|99.7 mg
NR023|Tembaga (Cu)|0.89 mg
NR023|Seng (Zn)|1.1 mg
NR023|Beta-Karoten (Carotenes)|0 mcg
NR023|Thiamin (Vit. B1)|0.20 mg
NR023|Riboflavin (Vit. B2)|0.10 mg
NR023|Niasin (Niacin)|2.5 mg
NR024|Air (Water)|14.3 g
NR024|Energi (Energy)|518 Kal
NR024|Protein (Protein)|7.5 g
NR024|Lemak (Fat)|36.4 g
NR024|Karbohidrat (CHO)|40.1 g
NR024|Serat (Fibre)|3.5 g
NR024|Abu (ASH)|1.7 g
NR024|Kalsium (Ca)|120 mg
NR024|Fosfor (P)|240 mg
NR024|Besi (Fe)|4.6 mg
NR024|Natrium (Na)|2 mg
NR024|Kalium (K)|78.7 mg
NR024|Tembaga (Cu)|0.94 mg
NR024|Seng (Zn)|2.0 mg
NR024|Beta-Karoten (Carotenes)|7 mcg
NR024|Thiamin (Vit. B1)|0.20 mg
NR024|Riboflavin (Vit. B2)|0.02 mg
NR024|Niasin (Niacin)|0.5 mg
NR024|Vitamin C (Vit. C)|0 mg
